tier,level,mapName,subMapName,className,rank,mobName,mobLevel,mobAttack,mobHp,baseWeight,averageWeight,probabilityPercent,expectedKillsPer1000,expectedDamagePerBattle,expectedMobHitDamage,expectedDodgeChancePercent,expectedCriticalChancePercent,noPotionBattles,potions25Battles,potions100Battles
1,10,"Subúrbio Silencioso","Rua das Cercas","Lutador",1,"Errante do Subúrbio",1,2,43,42,42,30.08,300.8,0.98,1,3.55,4.42,715,6072,22143
1,10,"Subúrbio Silencioso","Rua das Cercas","Lutador",2,"Gato de Telhado Contaminado",4,4,79,24,35.89,25.7,257,1,1,2.2,5.32,700,5950,21700
1,10,"Subúrbio Silencioso","Quintais Abandonados","Lutador",3,"Rastejante de Garagem",4,4,86,15,21.96,15.72,157.2,1,1,2.2,5.32,700,5950,21700
1,10,"Subúrbio Silencioso","Quintais Abandonados","Lutador",4,"Morcego de Caixa d’Água",7,7,127,9,17.92,12.83,128.3,1.01,1,2,6.4,694,5892,21486
1,10,"Subúrbio Silencioso","Bloco do Síndico","Lutador",5,"Porteiro Infectado",7,8,138,6,11.95,8.55,85.5,1.01,1,2,6.22,694,5892,21486
1,10,"Subúrbio Silencioso","Bloco do Síndico","Lutador",6,"Síndico Devorado",10,12,206,4,9.95,7.12,71.2,2.03,2,2,7.3,345,2931,10690
1,10,"Subúrbio Silencioso","Rua das Cercas","Assassino",1,"Errante do Subúrbio",1,1,43,42,42,30.08,300.8,0.79,1,22.45,3,311,2621,9551
1,10,"Subúrbio Silencioso","Rua das Cercas","Assassino",2,"Gato de Telhado Contaminado",4,3,79,24,35.89,25.7,257,0.8,1,21.1,3,307,2588,9432
1,10,"Subúrbio Silencioso","Quintais Abandonados","Assassino",3,"Rastejante de Garagem",4,3,86,15,21.96,15.72,157.2,0.8,1,21.1,3,307,2588,9432
1,10,"Subúrbio Silencioso","Quintais Abandonados","Assassino",4,"Morcego de Caixa d’Água",7,7,127,9,17.92,12.83,128.3,4.09,5,19.3,3,60,506,1844
1,10,"Subúrbio Silencioso","Bloco do Síndico","Assassino",5,"Porteiro Infectado",7,7,138,6,11.95,8.55,85.5,4.07,5,19.75,3,60,508,1854
1,10,"Subúrbio Silencioso","Bloco do Síndico","Assassino",6,"Síndico Devorado",10,12,206,4,9.95,7.12,71.2,7.49,9,17.95,3,32,276,1007
1,10,"Subúrbio Silencioso","Rua das Cercas","Atirador",1,"Errante do Subúrbio",1,1,43,42,42,30.08,300.8,0.81,1,19.75,3,330,2799,10207
1,10,"Subúrbio Silencioso","Rua das Cercas","Atirador",2,"Gato de Telhado Contaminado",4,3,79,24,35.89,25.7,257,0.83,1,18.4,3,322,2732,9961
1,10,"Subúrbio Silencioso","Quintais Abandonados","Atirador",3,"Rastejante de Garagem",4,3,86,15,21.96,15.72,157.2,0.83,1,18.4,3,322,2732,9961
1,10,"Subúrbio Silencioso","Quintais Abandonados","Atirador",4,"Morcego de Caixa d’Água",7,7,127,9,17.92,12.83,128.3,3.38,4,16.6,3,79,671,2446
1,10,"Subúrbio Silencioso","Bloco do Síndico","Atirador",5,"Porteiro Infectado",7,7,138,6,11.95,8.55,85.5,3.37,4,17.05,3,79,672,2453
1,10,"Subúrbio Silencioso","Bloco do Síndico","Atirador",6,"Síndico Devorado",10,12,206,4,9.95,7.12,71.2,7.74,9,15.25,3,34,293,1068
1,10,"Subúrbio Silencioso","Rua das Cercas","Medico",1,"Errante do Subúrbio",1,2,43,42,42,30.08,300.8,0.98,1,3.55,4.42,644,7864,29522
1,10,"Subúrbio Silencioso","Rua das Cercas","Medico",2,"Gato de Telhado Contaminado",4,4,79,24,35.89,25.7,257,1,1,2.2,5.32,631,7706,28931
1,10,"Subúrbio Silencioso","Quintais Abandonados","Medico",3,"Rastejante de Garagem",4,4,86,15,21.96,15.72,157.2,1,1,2.2,5.32,631,7706,28931
1,10,"Subúrbio Silencioso","Quintais Abandonados","Medico",4,"Morcego de Caixa d’Água",7,8,127,9,17.92,12.83,128.3,1.01,1,2,6.4,625,7630,28645
1,10,"Subúrbio Silencioso","Bloco do Síndico","Medico",5,"Porteiro Infectado",7,9,138,6,11.95,8.55,85.5,2.02,2,2,6.22,312,3815,14322
1,10,"Subúrbio Silencioso","Bloco do Síndico","Medico",6,"Síndico Devorado",10,14,206,4,9.95,7.12,71.2,2.03,2,2,7.3,311,3796,14252
2,20,"Distrito da Ferrugem","Pátio de Carga","Lutador",1,"Carregador de Paletes Infectado",11,7,152,42,42,30.08,300.8,0.99,1,4,5.68,1241,10534,38413
2,20,"Distrito da Ferrugem","Pátio de Carga","Lutador",2,"Arrastador de Correntes",14,12,233,24,35.89,25.7,257,2.03,2,2,6.94,605,5137,18733
2,20,"Distrito da Ferrugem","Linha de Prensas","Lutador",3,"Operário Prensado",14,12,252,15,21.96,15.72,157.2,2.02,2,2.2,6.76,608,5162,18826
2,20,"Distrito da Ferrugem","Linha de Prensas","Lutador",4,"Esmagado da Prensa",17,19,342,9,17.92,12.83,128.3,3.06,3,2,8.02,401,3408,12427
2,20,"Distrito da Ferrugem","Galpão do Capataz","Lutador",5,"Vigia do Galpão Infectado",17,21,373,6,11.95,8.55,85.5,4.08,4,2,8.02,301,2556,9320
2,20,"Distrito da Ferrugem","Galpão do Capataz","Lutador",6,"Capataz Ferrugento",20,31,527,4,9.95,7.12,71.2,6.17,6,2,9.28,199,1690,6163
2,20,"Distrito da Ferrugem","Pátio de Carga","Assassino",1,"Carregador de Paletes Infectado",11,7,152,42,42,30.08,300.8,2.19,3,28,3,183,1553,5663
2,20,"Distrito da Ferrugem","Pátio de Carga","Assassino",2,"Arrastador de Correntes",14,11,233,24,35.89,25.7,257,5.12,7,28,3,78,664,2422
2,20,"Distrito da Ferrugem","Linha de Prensas","Assassino",3,"Operário Prensado",14,12,252,15,21.96,15.72,157.2,5.12,7,28,3,78,664,2422
2,20,"Distrito da Ferrugem","Linha de Prensas","Assassino",4,"Esmagado da Prensa",17,18,342,9,17.92,12.83,128.3,9.51,13,28,3,42,357,1304
2,20,"Distrito da Ferrugem","Galpão do Capataz","Assassino",5,"Vigia do Galpão Infectado",17,20,373,6,11.95,8.55,85.5,10.97,15,28,3,36,310,1130
2,20,"Distrito da Ferrugem","Galpão do Capataz","Assassino",6,"Capataz Ferrugento",20,30,527,4,9.95,7.12,71.2,17.55,24,28,3,22,193,706
2,20,"Distrito da Ferrugem","Pátio de Carga","Atirador",1,"Carregador de Paletes Infectado",11,7,152,42,42,30.08,300.8,2.19,3,28,3,193,1643,5992
2,20,"Distrito da Ferrugem","Pátio de Carga","Atirador",2,"Arrastador de Correntes",14,11,233,24,35.89,25.7,257,4.39,6,28,3,96,819,2989
2,20,"Distrito da Ferrugem","Linha de Prensas","Atirador",3,"Operário Prensado",14,12,252,15,21.96,15.72,157.2,4.39,6,28,3,96,819,2989
2,20,"Distrito da Ferrugem","Linha de Prensas","Atirador",4,"Esmagado da Prensa",17,18,342,9,17.92,12.83,128.3,8.77,12,28,3,48,410,1496
2,20,"Distrito da Ferrugem","Galpão do Capataz","Atirador",5,"Vigia do Galpão Infectado",17,20,373,6,11.95,8.55,85.5,9.51,13,28,3,44,378,1380
2,20,"Distrito da Ferrugem","Galpão do Capataz","Atirador",6,"Capataz Ferrugento",20,30,527,4,9.95,7.12,71.2,16.82,23,28,3,25,213,780
2,20,"Distrito da Ferrugem","Pátio de Carga","Medico",1,"Carregador de Paletes Infectado",11,8,152,42,42,30.08,300.8,1.01,1,2.2,6.16,1100,13452,50506
2,20,"Distrito da Ferrugem","Pátio de Carga","Medico",2,"Arrastador de Correntes",14,13,233,24,35.89,25.7,257,2.03,2,2,7.42,547,6693,25129
2,20,"Distrito da Ferrugem","Linha de Prensas","Medico",3,"Operário Prensado",14,14,252,15,21.96,15.72,157.2,2.03,2,2,7.24,547,6693,25129
2,20,"Distrito da Ferrugem","Linha de Prensas","Medico",4,"Esmagado da Prensa",17,21,342,9,17.92,12.83,128.3,4.09,4,2,8.5,271,3322,12472
2,20,"Distrito da Ferrugem","Galpão do Capataz","Medico",5,"Vigia do Galpão Infectado",17,24,373,6,11.95,8.55,85.5,4.09,4,2,8.5,271,3322,12472
2,20,"Distrito da Ferrugem","Galpão do Capataz","Medico",6,"Capataz Ferrugento",20,35,527,4,9.95,7.12,71.2,8.25,8,2,9.76,134,1646,6183
3,30,"Hospital Santa Ruína","Triagem Vazia","Lutador",1,"Paciente Febril Errante",21,19,462,42,42,30.08,300.8,3,3,3.55,7.18,579,4921,17946
3,30,"Hospital Santa Ruína","Triagem Vazia","Lutador",2,"Mosca de Ferida Contaminada",24,31,657,24,35.89,25.7,257,6.15,6,2,8.44,282,2400,8754
3,30,"Hospital Santa Ruína","Ala de Isolamento","Lutador",3,"Enfermeira de Isolamento Infectada",24,33,711,15,21.96,15.72,157.2,6.15,6,2,8.26,282,2400,8754
3,30,"Hospital Santa Ruína","Ala de Isolamento","Lutador",4,"Centopeia de Tubulação Contaminada",27,48,923,9,17.92,12.83,128.3,10.33,10,2,9.7,168,1429,5211
3,30,"Hospital Santa Ruína","Centro Cirúrgico","Lutador",5,"Instrumentador Cirúrgico Infectado",27,54,1009,6,11.95,8.55,85.5,12.4,12,2,9.7,140,1190,4341
3,30,"Hospital Santa Ruína","Centro Cirúrgico","Lutador",6,"Cirurgião-Chefe Necrosado",30,80,1385,4,9.95,7.12,71.2,26.03,25,2,10.96,66,567,2068
3,30,"Hospital Santa Ruína","Triagem Vazia","Assassino",1,"Paciente Febril Errante",21,18,462,42,42,30.08,300.8,8.78,12,28,3,60,516,1883
3,30,"Hospital Santa Ruína","Triagem Vazia","Assassino",2,"Mosca de Ferida Contaminada",24,29,657,24,35.89,25.7,257,16.1,22,28,3,33,281,1026
3,30,"Hospital Santa Ruína","Ala de Isolamento","Assassino",3,"Enfermeira de Isolamento Infectada",24,31,711,15,21.96,15.72,157.2,17.56,24,28,3,30,258,941
3,30,"Hospital Santa Ruína","Ala de Isolamento","Assassino",4,"Centopeia de Tubulação Contaminada",27,46,923,9,17.92,12.83,128.3,27.82,38,28,3,19,162,594
3,30,"Hospital Santa Ruína","Centro Cirúrgico","Assassino",5,"Instrumentador Cirúrgico Infectado",27,52,1009,6,11.95,8.55,85.5,32.21,44,28,3,16,140,513
3,30,"Hospital Santa Ruína","Centro Cirúrgico","Assassino",6,"Cirurgião-Chefe Necrosado",30,76,1385,4,9.95,7.12,71.2,49.8,68,28,3,10,91,332
3,30,"Hospital Santa Ruína","Triagem Vazia","Atirador",1,"Paciente Febril Errante",21,18,462,42,42,30.08,300.8,8.05,11,28,3,68,580,2118
3,30,"Hospital Santa Ruína","Triagem Vazia","Atirador",2,"Mosca de Ferida Contaminada",24,29,657,24,35.89,25.7,257,15.37,21,28,3,35,304,1109
3,30,"Hospital Santa Ruína","Ala de Isolamento","Atirador",3,"Enfermeira de Isolamento Infectada",24,31,711,15,21.96,15.72,157.2,16.83,23,28,3,32,277,1013
3,30,"Hospital Santa Ruína","Ala de Isolamento","Atirador",4,"Centopeia de Tubulação Contaminada",27,46,923,9,17.92,12.83,128.3,27.09,37,28,3,20,172,629
3,30,"Hospital Santa Ruína","Centro Cirúrgico","Atirador",5,"Instrumentador Cirúrgico Infectado",27,52,1009,6,11.95,8.55,85.5,31.48,43,28,3,17,148,541
3,30,"Hospital Santa Ruína","Centro Cirúrgico","Atirador",6,"Cirurgião-Chefe Necrosado",30,76,1385,4,9.95,7.12,71.2,49.06,67,28,3,11,95,347
3,30,"Hospital Santa Ruína","Triagem Vazia","Medico",1,"Paciente Febril Errante",21,21,462,42,42,30.08,300.8,4.08,4,2,7.66,387,4743,17813
3,30,"Hospital Santa Ruína","Triagem Vazia","Medico",2,"Mosca de Ferida Contaminada",24,34,657,24,35.89,25.7,257,6.17,6,2,8.92,256,3136,11779
3,30,"Hospital Santa Ruína","Ala de Isolamento","Medico",3,"Enfermeira de Isolamento Infectada",24,36,711,15,21.96,15.72,157.2,7.19,7,2,8.74,219,2691,10108
3,30,"Hospital Santa Ruína","Ala de Isolamento","Medico",4,"Centopeia de Tubulação Contaminada",27,53,923,9,17.92,12.83,128.3,12.43,12,2,10.18,127,1557,5847
3,30,"Hospital Santa Ruína","Centro Cirúrgico","Medico",5,"Instrumentador Cirúrgico Infectado",27,60,1009,6,11.95,8.55,85.5,15.54,15,2,10.18,101,1245,4676
3,30,"Hospital Santa Ruína","Centro Cirúrgico","Medico",6,"Cirurgião-Chefe Necrosado",30,88,1385,4,9.95,7.12,71.2,31.32,30,2,11.44,50,617,2320
4,40,"Terminal dos Esquecidos","Saguão de Embarque","Lutador",1,"Amontoado de Bagagens Vivas",31,35,907,42,42,30.08,300.8,6.1,6,3.1,8.68,370,3149,11485
4,40,"Terminal dos Esquecidos","Saguão de Embarque","Lutador",2,"Enxame de Carrapatos Hemáticos",34,53,1236,24,35.89,25.7,257,10.37,10,2,9.94,218,1852,6756
4,40,"Terminal dos Esquecidos","Plataformas Mortas","Lutador",3,"Sinaleiro Sem Rosto",34,57,1340,15,21.96,15.72,157.2,11.41,11,2,9.94,198,1683,6140
4,40,"Terminal dos Esquecidos","Plataformas Mortas","Lutador",4,"Casulo de Traças de Plataforma",37,80,1693,9,17.92,12.83,128.3,20.93,20,2,11.38,108,917,3347
4,40,"Terminal dos Esquecidos","Cabine Final","Lutador",5,"Cobrador Fundido",37,91,1850,6,11.95,8.55,85.5,27.21,26,2,11.38,83,706,2574
4,40,"Terminal dos Esquecidos","Cabine Final","Lutador",6,"Regente da Cabine Lacrada",40,131,2495,4,9.95,7.12,71.2,49.66,47,2,12.82,45,386,1410
4,40,"Terminal dos Esquecidos","Saguão de Embarque","Assassino",1,"Amontoado de Bagagens Vivas",31,33,907,42,42,30.08,300.8,17.58,24,28,3,38,324,1181
4,40,"Terminal dos Esquecidos","Saguão de Embarque","Assassino",2,"Enxame de Carrapatos Hemáticos",34,51,1236,24,35.89,25.7,257,30.04,41,28,3,22,189,691
4,40,"Terminal dos Esquecidos","Plataformas Mortas","Assassino",3,"Sinaleiro Sem Rosto",34,55,1340,15,21.96,15.72,157.2,32.97,45,28,3,20,172,630
4,40,"Terminal dos Esquecidos","Plataformas Mortas","Assassino",4,"Casulo de Traças de Plataforma",37,77,1693,9,17.92,12.83,128.3,49.11,67,28,3,13,116,422
4,40,"Terminal dos Esquecidos","Cabine Final","Assassino",5,"Cobrador Fundido",37,87,1850,6,11.95,8.55,85.5,56.43,77,28,3,11,100,368
4,40,"Terminal dos Esquecidos","Cabine Final","Assassino",6,"Regente da Cabine Lacrada",40,126,2495,4,9.95,7.12,71.2,84.32,115,28,3,7,67,246
4,40,"Terminal dos Esquecidos","Saguão de Embarque","Atirador",1,"Amontoado de Bagagens Vivas",31,33,907,42,42,30.08,300.8,16.85,23,28,3,41,349,1275
4,40,"Terminal dos Esquecidos","Saguão de Embarque","Atirador",2,"Enxame de Carrapatos Hemáticos",34,51,1236,24,35.89,25.7,257,29.31,40,28,3,23,201,733
4,40,"Terminal dos Esquecidos","Plataformas Mortas","Atirador",3,"Sinaleiro Sem Rosto",34,55,1340,15,21.96,15.72,157.2,32.24,44,28,3,21,182,666
4,40,"Terminal dos Esquecidos","Plataformas Mortas","Atirador",4,"Casulo de Traças de Plataforma",37,77,1693,9,17.92,12.83,128.3,48.37,66,28,3,14,121,444
4,40,"Terminal dos Esquecidos","Cabine Final","Atirador",5,"Cobrador Fundido",37,87,1850,6,11.95,8.55,85.5,55.7,76,28,3,12,105,385
4,40,"Terminal dos Esquecidos","Cabine Final","Atirador",6,"Regente da Cabine Lacrada",40,126,2495,4,9.95,7.12,71.2,83.58,114,28,3,8,70,257
4,40,"Terminal dos Esquecidos","Saguão de Embarque","Medico",1,"Amontoado de Bagagens Vivas",31,39,907,42,42,30.08,300.8,7.2,7,2.2,8.92,285,3493,13118
4,40,"Terminal dos Esquecidos","Saguão de Embarque","Medico",2,"Enxame de Carrapatos Hemáticos",34,59,1236,24,35.89,25.7,257,12.46,12,2,10.18,164,2018,7580
4,40,"Terminal dos Esquecidos","Plataformas Mortas","Medico",3,"Sinaleiro Sem Rosto",34,63,1340,15,21.96,15.72,157.2,13.5,13,2,10.18,152,1863,6996
4,40,"Terminal dos Esquecidos","Plataformas Mortas","Medico",4,"Casulo de Traças de Plataforma",37,89,1693,9,17.92,12.83,128.3,26.2,25,2,11.62,78,960,3605
4,40,"Terminal dos Esquecidos","Cabine Final","Medico",5,"Cobrador Fundido",37,100,1850,6,11.95,8.55,85.5,31.44,30,2,11.62,65,800,3004
4,40,"Terminal dos Esquecidos","Cabine Final","Medico",6,"Regente da Cabine Lacrada",40,145,2495,4,9.95,7.12,71.2,59.25,56,2,13.06,34,424,1594
5,50,"Zona de Quarentena 9","Triagem Externa","Lutador",1,"Isolado da Tenda Rasgada",41,57,1539,42,42,30.08,300.8,11.43,11,2.2,10.24,245,2082,7594
5,50,"Zona de Quarentena 9","Triagem Externa","Lutador",2,"Larva de Descarte Biológico",44,87,2045,24,35.89,25.7,257,21.06,20,2,11.86,133,1130,4121
5,50,"Zona de Quarentena 9","Cercas Internas","Lutador",3,"Arameiro de Contenção",44,93,2215,15,21.96,15.72,157.2,23.14,22,2,11.68,121,1028,3751
5,50,"Zona de Quarentena 9","Cercas Internas","Lutador",4,"Lesma de Canaleta Química",47,129,2754,9,17.92,12.83,128.3,42.53,40,2,13.3,65,559,2040
5,50,"Zona de Quarentena 9","Posto de Comando","Lutador",5,"Operador de Rádio Infectado",47,146,3009,6,11.95,8.55,85.5,52.04,49,2,13.12,53,457,1667
5,50,"Zona de Quarentena 9","Posto de Comando","Lutador",6,"Coronel Lacrado da Zona 9",50,210,4010,4,9.95,7.12,71.2,94.5,88,2,14.74,29,251,918
5,50,"Zona de Quarentena 9","Triagem Externa","Assassino",1,"Isolado da Tenda Rasgada",41,55,1539,42,42,30.08,300.8,32.26,44,28,3,24,211,771
5,50,"Zona de Quarentena 9","Triagem Externa","Assassino",2,"Larva de Descarte Biológico",44,83,2045,24,35.89,25.7,257,52.81,72,28,3,15,129,471
5,50,"Zona de Quarentena 9","Cercas Internas","Assassino",3,"Arameiro de Contenção",44,89,2215,15,21.96,15.72,157.2,57.21,78,28,3,14,119,435
5,50,"Zona de Quarentena 9","Cercas Internas","Assassino",4,"Lesma de Canaleta Química",47,124,2754,9,17.92,12.83,128.3,82.18,112,28,3,9,83,303
5,50,"Zona de Quarentena 9","Posto de Comando","Assassino",5,"Operador de Rádio Infectado",47,140,3009,6,11.95,8.55,85.5,93.92,128,28,3,8,72,265
5,50,"Zona de Quarentena 9","Posto de Comando","Assassino",6,"Coronel Lacrado da Zona 9",50,201,4010,4,9.95,7.12,71.2,138.73,189,28,3,5,49,179
5,50,"Zona de Quarentena 9","Triagem Externa","Atirador",1,"Isolado da Tenda Rasgada",41,55,1539,42,42,30.08,300.8,31.53,43,28,3,26,223,816
5,50,"Zona de Quarentena 9","Triagem Externa","Atirador",2,"Larva de Descarte Biológico",44,83,2045,24,35.89,25.7,257,51.35,70,28,3,16,137,501
5,50,"Zona de Quarentena 9","Cercas Internas","Atirador",3,"Arameiro de Contenção",44,89,2215,15,21.96,15.72,157.2,55.75,76,28,3,14,126,461
5,50,"Zona de Quarentena 9","Cercas Internas","Atirador",4,"Lesma de Canaleta Química",47,124,2754,9,17.92,12.83,128.3,80.72,110,28,3,10,87,318
5,50,"Zona de Quarentena 9","Posto de Comando","Atirador",5,"Operador de Rádio Infectado",47,140,3009,6,11.95,8.55,85.5,92.46,126,28,3,8,76,278
5,50,"Zona de Quarentena 9","Posto de Comando","Atirador",6,"Coronel Lacrado da Zona 9",50,201,4010,4,9.95,7.12,71.2,137.27,187,28,3,6,51,187
5,50,"Zona de Quarentena 9","Triagem Externa","Medico",1,"Isolado da Tenda Rasgada",41,63,1539,42,42,30.08,300.8,12.52,12,2,10.48,201,2472,9283
5,50,"Zona de Quarentena 9","Triagem Externa","Medico",2,"Larva de Descarte Biológico",44,96,2045,24,35.89,25.7,257,25.3,24,2,12.1,99,1223,4593
5,50,"Zona de Quarentena 9","Cercas Internas","Medico",3,"Arameiro de Contenção",44,103,2215,15,21.96,15.72,157.2,28.43,27,2,11.92,88,1088,4088
5,50,"Zona de Quarentena 9","Cercas Internas","Medico",4,"Lesma de Canaleta Química",47,143,2754,9,17.92,12.83,128.3,51.1,48,2,13.54,49,605,2274
5,50,"Zona de Quarentena 9","Posto de Comando","Medico",5,"Operador de Rádio Infectado",47,162,3009,6,11.95,8.55,85.5,62.75,59,2,13.36,40,493,1852
5,50,"Zona de Quarentena 9","Posto de Comando","Medico",6,"Coronel Lacrado da Zona 9",50,232,4010,4,9.95,7.12,71.2,111.84,104,2,14.98,22,276,1039
6,60,"Refinaria do Pó Cinzento","Tanques Vazios","Lutador",1,"Homem-Tanque Rachado",51,87,2376,42,42,30.08,300.8,19.77,19,3.1,11.32,158,1342,4897
6,60,"Refinaria do Pó Cinzento","Tanques Vazios","Lutador",2,"Respirador de Cinzas",54,128,3149,24,35.89,25.7,257,39.38,37,2,12.94,79,674,2458
6,60,"Refinaria do Pó Cinzento","Tubulação Quente","Lutador",3,"Operário Escaldado de Vapor",54,139,3411,15,21.96,15.72,157.2,44.66,42,2,12.76,69,594,2168
6,60,"Refinaria do Pó Cinzento","Tubulação Quente","Lutador",4,"Pressurizado Sem Face",57,191,4234,9,17.92,12.83,128.3,77.61,72,2,14.74,40,342,1247
6,60,"Refinaria do Pó Cinzento","Câmara da Fornalha","Lutador",5,"Forjado em Cinzas",57,216,4626,6,11.95,8.55,85.5,94.75,88,2,14.56,32,280,1021
6,60,"Refinaria do Pó Cinzento","Câmara da Fornalha","Lutador",6,"Guardião da Fornalha Morta",60,309,6156,4,9.95,7.12,71.2,166.68,153,2,16.18,18,159,580
6,60,"Refinaria do Pó Cinzento","Tanques Vazios","Assassino",1,"Homem-Tanque Rachado",51,83,2376,42,42,30.08,300.8,51.39,70,28,3,18,156,571
6,60,"Refinaria do Pó Cinzento","Tanques Vazios","Assassino",2,"Respirador de Cinzas",54,122,3149,24,35.89,25.7,257,79.31,108,28,3,11,101,370
6,60,"Refinaria do Pó Cinzento","Tubulação Quente","Assassino",3,"Operário Escaldado de Vapor",54,133,3411,15,21.96,15.72,157.2,87.39,119,28,3,10,92,335
6,60,"Refinaria do Pó Cinzento","Tubulação Quente","Assassino",4,"Pressurizado Sem Face",57,182,4234,9,17.92,12.83,128.3,123.42,168,28,3,7,65,237
6,60,"Refinaria do Pó Cinzento","Câmara da Fornalha","Assassino",5,"Forjado em Cinzas",57,206,4626,6,11.95,8.55,85.5,141.05,192,28,3,6,57,208
6,60,"Refinaria do Pó Cinzento","Câmara da Fornalha","Assassino",6,"Guardião da Fornalha Morta",60,295,6156,4,9.95,7.12,71.2,205.77,280,28,3,4,39,142
6,60,"Refinaria do Pó Cinzento","Tanques Vazios","Atirador",1,"Homem-Tanque Rachado",51,83,2376,42,42,30.08,300.8,49.92,68,28,3,19,165,602
6,60,"Refinaria do Pó Cinzento","Tanques Vazios","Atirador",2,"Respirador de Cinzas",54,122,3149,24,35.89,25.7,257,77.84,106,28,3,12,105,386
6,60,"Refinaria do Pó Cinzento","Tubulação Quente","Atirador",3,"Operário Escaldado de Vapor",54,133,3411,15,21.96,15.72,157.2,85.92,117,28,3,11,95,349
6,60,"Refinaria do Pó Cinzento","Tubulação Quente","Atirador",4,"Pressurizado Sem Face",57,182,4234,9,17.92,12.83,128.3,121.95,166,28,3,7,67,246
6,60,"Refinaria do Pó Cinzento","Câmara da Fornalha","Atirador",5,"Forjado em Cinzas",57,206,4626,6,11.95,8.55,85.5,138.85,189,28,3,6,59,216
6,60,"Refinaria do Pó Cinzento","Câmara da Fornalha","Atirador",6,"Guardião da Fornalha Morta",60,295,6156,4,9.95,7.12,71.2,204.3,278,28,3,4,40,147
6,60,"Refinaria do Pó Cinzento","Tanques Vazios","Medico",1,"Homem-Tanque Rachado",51,96,2376,42,42,30.08,300.8,23.26,22,2,12.04,122,1495,5616
6,60,"Refinaria do Pó Cinzento","Tanques Vazios","Medico",2,"Respirador de Cinzas",54,141,3149,24,35.89,25.7,257,45.97,43,2,13.66,61,756,2841
6,60,"Refinaria do Pó Cinzento","Tubulação Quente","Medico",3,"Operário Escaldado de Vapor",54,153,3411,15,21.96,15.72,157.2,53.4,50,2,13.48,53,651,2446
6,60,"Refinaria do Pó Cinzento","Tubulação Quente","Medico",4,"Pressurizado Sem Face",57,210,4234,9,17.92,12.83,128.3,90.95,84,2,15.46,31,382,1436
6,60,"Refinaria do Pó Cinzento","Câmara da Fornalha","Medico",5,"Forjado em Cinzas",57,238,4626,6,11.95,8.55,85.5,111.4,103,2,15.28,25,312,1172
6,60,"Refinaria do Pó Cinzento","Câmara da Fornalha","Medico",6,"Guardião da Fornalha Morta",60,341,6156,4,9.95,7.12,71.2,194.78,178,2,16.9,14,178,670
7,70,"Avenida dos Caídos","Faixa Engarrafada","Lutador",1,"Motorista Fundido ao Volante",61,127,3626,42,42,30.08,300.8,35.84,34,3.1,12.64,96,823,3001
7,70,"Avenida dos Caídos","Faixa Engarrafada","Lutador",2,"Colosso do Para-Choque",64,188,4782,24,35.89,25.7,257,71.27,66,2,14.44,48,413,1509
7,70,"Avenida dos Caídos","Becos de Caça","Lutador",3,"Predador de Viela Cega",64,203,5180,15,21.96,15.72,157.2,80.9,75,2,14.26,42,364,1329
7,70,"Avenida dos Caídos","Becos de Caça","Lutador",4,"Caçador de Neon Quebrado",67,278,6408,9,17.92,12.83,128.3,136.94,125,2,16.42,25,215,785
7,70,"Avenida dos Caídos","Cruzamento Central","Lutador",5,"Semafórico de Carne Exposta",67,314,7001,6,11.95,8.55,85.5,163.95,150,2,16.06,21,179,656
7,70,"Avenida dos Caídos","Cruzamento Central","Lutador",6,"Tirano do Cruzamento Morto",70,448,9295,4,9.95,7.12,71.2,281.7,254,2,18.04,12,104,381
7,70,"Avenida dos Caídos","Faixa Engarrafada","Assassino",1,"Motorista Fundido ao Volante",61,121,3626,42,42,30.08,300.8,77.17,105,28,3,14,119,435
7,70,"Avenida dos Caídos","Faixa Engarrafada","Assassino",2,"Colosso do Para-Choque",64,180,4782,24,35.89,25.7,257,120.58,164,28,3,9,76,278
7,70,"Avenida dos Caídos","Becos de Caça","Assassino",3,"Predador de Viela Cega",64,194,5180,15,21.96,15.72,157.2,130.14,177,28,3,8,70,258
7,70,"Avenida dos Caídos","Becos de Caça","Assassino",4,"Caçador de Neon Quebrado",67,266,6408,9,17.92,12.83,128.3,183.14,249,28,3,5,50,183
7,70,"Avenida dos Caídos","Cruzamento Central","Assassino",5,"Semafórico de Carne Exposta",67,300,7001,6,11.95,8.55,85.5,208.15,283,28,3,5,44,161
7,70,"Avenida dos Caídos","Cruzamento Central","Assassino",6,"Tirano do Cruzamento Morto",70,429,9295,4,9.95,7.12,71.2,303.14,412,28,3,3,30,110
7,70,"Avenida dos Caídos","Faixa Engarrafada","Atirador",1,"Motorista Fundido ao Volante",61,121,3626,42,42,30.08,300.8,74.97,102,28,3,14,126,460
7,70,"Avenida dos Caídos","Faixa Engarrafada","Atirador",2,"Colosso do Para-Choque",64,180,4782,24,35.89,25.7,257,117.64,160,28,3,9,80,293
7,70,"Avenida dos Caídos","Becos de Caça","Atirador",3,"Predador de Viela Cega",64,194,5180,15,21.96,15.72,157.2,127.93,174,28,3,8,73,269
7,70,"Avenida dos Caídos","Becos de Caça","Atirador",4,"Caçador de Neon Quebrado",67,266,6408,9,17.92,12.83,128.3,180.94,246,28,3,6,52,190
7,70,"Avenida dos Caídos","Cruzamento Central","Atirador",5,"Semafórico de Carne Exposta",67,300,7001,6,11.95,8.55,85.5,205.94,280,28,3,5,45,167
7,70,"Avenida dos Caídos","Cruzamento Central","Atirador",6,"Tirano do Cruzamento Morto",70,429,9295,4,9.95,7.12,71.2,300.19,408,28,3,3,31,114
7,70,"Avenida dos Caídos","Faixa Engarrafada","Medico",1,"Motorista Fundido ao Volante",61,140,3626,42,42,30.08,300.8,43.91,41,2,13.36,71,872,3275
7,70,"Avenida dos Caídos","Faixa Engarrafada","Medico",2,"Colosso do Para-Choque",64,207,4782,24,35.89,25.7,257,84.62,78,2,15.16,36,452,1699
7,70,"Avenida dos Caídos","Becos de Caça","Medico",3,"Predador de Viela Cega",64,224,5180,15,21.96,15.72,157.2,96.44,89,2,14.98,32,397,1491
7,70,"Avenida dos Caídos","Becos de Caça","Medico",4,"Caçador de Neon Quebrado",67,307,6408,9,17.92,12.83,128.3,160.69,146,2,17.14,19,238,895
7,70,"Avenida dos Caídos","Cruzamento Central","Medico",5,"Semafórico de Carne Exposta",67,347,7001,6,11.95,8.55,85.5,192.16,175,2,16.78,16,199,748
7,70,"Avenida dos Caídos","Cruzamento Central","Medico",6,"Tirano do Cruzamento Morto",70,495,9295,4,9.95,7.12,71.2,327.58,294,2,18.76,9,116,439
8,80,"Complexo Helix","Ala de Observação","Lutador",1,"Observado de Vidro Vivo",71,185,5443,42,42,30.08,300.8,65.88,61,2.2,14.2,58,494,1802
8,80,"Complexo Helix","Ala de Observação","Lutador",2,"Réplica Neural Incompleta",74,272,7154,24,35.89,25.7,257,126.3,115,2,16.18,30,257,940
8,80,"Complexo Helix","Câmaras Seladas","Lutador",3,"Cobaia de Tanque Rompido",74,293,7750,15,21.96,15.72,157.2,141.51,129,2,16,27,230,839
8,80,"Complexo Helix","Câmaras Seladas","Lutador",4,"Larva de Amostra Helix",77,400,9564,9,17.92,12.83,128.3,230.78,207,2,18.16,16,141,514
8,80,"Complexo Helix","Diretoria Helix","Lutador",5,"Executivo Parasitado",77,452,10450,6,11.95,8.55,85.5,276.16,248,2,17.98,13,117,429
8,80,"Complexo Helix","Diretoria Helix","Lutador",6,"Doutor Helix Primeiro Vetor",80,643,13851,4,9.95,7.12,71.2,461.29,408,2,19.96,8,70,257
8,80,"Complexo Helix","Ala de Observação","Assassino",1,"Observado de Vidro Vivo",71,177,5443,42,42,30.08,300.8,117,159,28,3,10,89,325
8,80,"Complexo Helix","Ala de Observação","Assassino",2,"Réplica Neural Incompleta",74,260,7154,24,35.89,25.7,257,177.4,241,28,3,6,58,214
8,80,"Complexo Helix","Câmaras Seladas","Assassino",3,"Cobaia de Tanque Rompido",74,280,7750,15,21.96,15.72,157.2,192.13,261,28,3,6,54,198
8,80,"Complexo Helix","Câmaras Seladas","Assassino",4,"Larva de Amostra Helix",77,382,9564,9,17.92,12.83,128.3,266.57,362,28,3,4,39,143
8,80,"Complexo Helix","Diretoria Helix","Assassino",5,"Executivo Parasitado",77,432,10450,6,11.95,8.55,85.5,303.39,412,28,3,4,34,125
8,80,"Complexo Helix","Diretoria Helix","Assassino",6,"Doutor Helix Primeiro Vetor",80,614,13851,4,9.95,7.12,71.2,437.56,594,28,3,2,7,7
8,80,"Complexo Helix","Ala de Observação","Atirador",1,"Observado de Vidro Vivo",71,177,5443,42,42,30.08,300.8,114.79,156,28,3,10,92,337
8,80,"Complexo Helix","Ala de Observação","Atirador",2,"Réplica Neural Incompleta",74,260,7154,24,35.89,25.7,257,175.2,238,28,3,7,60,221
8,80,"Complexo Helix","Câmaras Seladas","Atirador",3,"Cobaia de Tanque Rompido",74,280,7750,15,21.96,15.72,157.2,189.92,258,28,3,6,55,204
8,80,"Complexo Helix","Câmaras Seladas","Atirador",4,"Larva de Amostra Helix",77,382,9564,9,17.92,12.83,128.3,264.36,359,28,3,4,40,146
8,80,"Complexo Helix","Diretoria Helix","Atirador",5,"Executivo Parasitado",77,432,10450,6,11.95,8.55,85.5,301.18,409,28,3,4,35,128
8,80,"Complexo Helix","Diretoria Helix","Atirador",6,"Doutor Helix Primeiro Vetor",80,614,13851,4,9.95,7.12,71.2,435.35,591,28,3,2,8,8
8,80,"Complexo Helix","Ala de Observação","Medico",1,"Observado de Vidro Vivo",71,204,5443,42,42,30.08,300.8,79.37,73,2,14.92,43,529,1989
8,80,"Complexo Helix","Ala de Observação","Medico",2,"Réplica Neural Incompleta",74,300,7154,24,35.89,25.7,257,148.98,135,2,16.9,23,282,1060
8,80,"Complexo Helix","Câmaras Seladas","Medico",3,"Cobaia de Tanque Rompido",74,324,7750,15,21.96,15.72,157.2,167.54,152,2,16.72,20,251,942
8,80,"Complexo Helix","Câmaras Seladas","Medico",4,"Larva de Amostra Helix",77,441,9564,9,17.92,12.83,128.3,269.98,241,2,18.88,12,155,584
8,80,"Complexo Helix","Diretoria Helix","Medico",5,"Executivo Parasitado",77,498,10450,6,11.95,8.55,85.5,321.13,287,2,18.7,10,130,491
8,80,"Complexo Helix","Diretoria Helix","Medico",6,"Doutor Helix Primeiro Vetor",80,709,13851,4,9.95,7.12,71.2,531.67,468,2,20.68,6,79,297
9,90,"Necrópole Industrial","Pátio de Escória","Lutador",1,"Fundido de Escória Humana",81,267,8105,42,42,30.08,300.8,117.22,107,2.2,15.52,35,301,1099
9,90,"Necrópole Industrial","Pátio de Escória","Lutador",2,"Colosso de Fuligem Coagulada",84,388,10597,24,35.89,25.7,257,214.04,192,2,17.5,19,165,602
9,90,"Necrópole Industrial","Esteiras Mortas","Lutador",3,"Costurado da Esteira Morta",84,420,11481,15,21.96,15.72,157.2,240.5,216,2,17.32,17,146,535
9,90,"Necrópole Industrial","Esteiras Mortas","Lutador",4,"Boneco de Cabos Nervosos",87,569,14118,9,17.92,12.83,128.3,380.28,335,2,19.84,10,92,338
9,90,"Necrópole Industrial","Coração da Usina","Lutador",5,"Turbina de Carne Pulsante",87,643,15425,6,11.95,8.55,85.5,450.67,398,2,19.48,9,78,285
9,90,"Necrópole Industrial","Coração da Usina","Lutador",6,"Soberano da Usina Morta",90,912,20392,4,9.95,7.12,71.2,733.44,636,2,21.82,5,48,175
9,90,"Necrópole Industrial","Pátio de Escória","Assassino",1,"Fundido de Escória Humana",81,255,8105,42,42,30.08,300.8,172.39,234,28,3,7,67,245
9,90,"Necrópole Industrial","Pátio de Escória","Assassino",2,"Colosso de Fuligem Coagulada",84,371,10597,24,35.89,25.7,257,257.21,349,28,3,5,45,164
9,90,"Necrópole Industrial","Esteiras Mortas","Assassino",3,"Costurado da Esteira Morta",84,401,11481,15,21.96,15.72,157.2,279.31,379,28,3,4,41,151
9,90,"Necrópole Industrial","Esteiras Mortas","Assassino",4,"Boneco de Cabos Nervosos",87,544,14118,9,17.92,12.83,128.3,384.84,522,28,3,3,30,110
9,90,"Necrópole Industrial","Coração da Usina","Assassino",5,"Turbina de Carne Pulsante",87,614,15425,6,11.95,8.55,85.5,436.44,592,28,3,3,5,5
9,90,"Necrópole Industrial","Coração da Usina","Assassino",6,"Soberano da Usina Morta",90,872,20392,4,9.95,7.12,71.2,626.87,850,28,3,2,2,2
9,90,"Necrópole Industrial","Pátio de Escória","Atirador",1,"Fundido de Escória Humana",81,255,8105,42,42,30.08,300.8,170.92,232,28,3,8,68,250
9,90,"Necrópole Industrial","Pátio de Escória","Atirador",2,"Colosso de Fuligem Coagulada",84,371,10597,24,35.89,25.7,257,255.73,347,28,3,5,45,167
9,90,"Necrópole Industrial","Esteiras Mortas","Atirador",3,"Costurado da Esteira Morta",84,401,11481,15,21.96,15.72,157.2,277.84,377,28,3,4,42,154
9,90,"Necrópole Industrial","Esteiras Mortas","Atirador",4,"Boneco de Cabos Nervosos",87,544,14118,9,17.92,12.83,128.3,383.36,520,28,3,3,30,111
9,90,"Necrópole Industrial","Coração da Usina","Atirador",5,"Turbina de Carne Pulsante",87,614,15425,6,11.95,8.55,85.5,434.23,589,28,3,3,7,7
9,90,"Necrópole Industrial","Coração da Usina","Atirador",6,"Soberano da Usina Morta",90,872,20392,4,9.95,7.12,71.2,624.66,847,28,3,2,2,2
9,90,"Necrópole Industrial","Pátio de Escória","Medico",1,"Fundido de Escória Humana",81,294,8105,42,42,30.08,300.8,137.9,125,2,16.24,27,332,1247
9,90,"Necrópole Industrial","Pátio de Escória","Medico",2,"Colosso de Fuligem Coagulada",84,429,10597,24,35.89,25.7,257,249.84,223,2,18.22,14,183,688
9,90,"Necrópole Industrial","Esteiras Mortas","Medico",3,"Costurado da Esteira Morta",84,463,11481,15,21.96,15.72,157.2,279.74,250,2,18.04,13,163,614
9,90,"Necrópole Industrial","Esteiras Mortas","Medico",4,"Boneco de Cabos Nervosos",87,628,14118,9,17.92,12.83,128.3,439.2,385,2,20.56,8,104,391
9,90,"Necrópole Industrial","Coração da Usina","Medico",5,"Turbina de Carne Pulsante",87,709,15425,6,11.95,8.55,85.5,517.78,455,2,20.2,7,88,332
9,90,"Necrópole Industrial","Coração da Usina","Medico",6,"Soberano da Usina Morta",90,1006,20392,4,9.95,7.12,71.2,837.9,723,2,22.54,4,54,205
10,100,"Marco Zero","Anel Externo","Lutador",1,"Eco Humano Saturado",91,385,11880,42,42,30.08,300.8,201.2,182,2.65,16.66,22,190,696
10,100,"Marco Zero","Anel Externo","Lutador",2,"Lacraia de Cinza Primária",94,563,15744,24,35.89,25.7,257,362.82,320,2,19,12,105,386
10,100,"Marco Zero","Zona de Saturação","Lutador",3,"Corpo Saturado de Mil Vozes",94,607,17056,15,21.96,15.72,157.2,404.25,357,2,18.82,11,95,346
10,100,"Marco Zero","Zona de Saturação","Lutador",4,"Besta de Radiação Orgânica",97,826,21168,9,17.92,12.83,128.3,629.61,545,2,21.34,7,61,222
10,100,"Marco Zero","Núcleo do Colapso","Lutador",5,"Forma Primária do Surto",97,933,23128,6,11.95,8.55,85.5,739.57,641,2,21.16,6,51,189
10,100,"Marco Zero","Núcleo do Colapso","Lutador",6,"Coração do Marco Zero",100,1326,30780,4,9.95,7.12,71.2,1180.46,1004,2,23.5,3,32,118
10,100,"Marco Zero","Anel Externo","Assassino",1,"Eco Humano Saturado",91,368,11880,42,42,30.08,300.8,254.47,345,28,3,5,50,182
10,100,"Marco Zero","Anel Externo","Assassino",2,"Lacraia de Cinza Primária",94,538,15744,24,35.89,25.7,257,379.99,515,28,3,3,33,122
10,100,"Marco Zero","Zona de Saturação","Assassino",3,"Corpo Saturado de Mil Vozes",94,581,17056,15,21.96,15.72,157.2,411.72,558,28,3,3,30,112
10,100,"Marco Zero","Zona de Saturação","Assassino",4,"Besta de Radiação Orgânica",97,790,21168,9,17.92,12.83,128.3,565.39,766,28,3,2,5,5
10,100,"Marco Zero","Núcleo do Colapso","Assassino",5,"Forma Primária do Surto",97,892,23128,6,11.95,8.55,85.5,640.67,868,28,3,2,3,3
10,100,"Marco Zero","Núcleo do Colapso","Assassino",6,"Coração do Marco Zero",100,1267,30780,4,9.95,7.12,71.2,917.78,1243,28,3,1,1,1
10,100,"Marco Zero","Anel Externo","Atirador",1,"Eco Humano Saturado",91,368,11880,42,42,30.08,300.8,250.78,340,28,3,6,52,190
10,100,"Marco Zero","Anel Externo","Atirador",2,"Lacraia de Cinza Primária",94,538,15744,24,35.89,25.7,257,375.56,509,28,3,4,34,127
10,100,"Marco Zero","Zona de Saturação","Atirador",3,"Corpo Saturado de Mil Vozes",94,581,17056,15,21.96,15.72,157.2,407.29,552,28,3,3,32,117
10,100,"Marco Zero","Zona de Saturação","Atirador",4,"Besta de Radiação Orgânica",97,790,21168,9,17.92,12.83,128.3,561.69,761,28,3,2,6,6
10,100,"Marco Zero","Núcleo do Colapso","Atirador",5,"Forma Primária do Surto",97,892,23128,6,11.95,8.55,85.5,636.24,862,28,3,2,3,3
10,100,"Marco Zero","Núcleo do Colapso","Atirador",6,"Coração do Marco Zero",100,1267,30780,4,9.95,7.12,71.2,913.35,1237,28,3,1,1,1
10,100,"Marco Zero","Anel Externo","Medico",1,"Eco Humano Saturado",91,425,11880,42,42,30.08,300.8,238.68,213,2,17.62,16,206,776
10,100,"Marco Zero","Anel Externo","Medico",2,"Lacraia de Cinza Primária",94,621,15744,24,35.89,25.7,257,422.38,370,2,19.96,9,116,438
10,100,"Marco Zero","Zona de Saturação","Medico",3,"Corpo Saturado de Mil Vozes",94,670,17056,15,21.96,15.72,157.2,468.59,411,2,19.78,8,105,395
10,100,"Marco Zero","Zona de Saturação","Medico",4,"Besta de Radiação Orgânica",97,912,21168,9,17.92,12.83,128.3,725.8,624,2,22.3,5,67,255
10,100,"Marco Zero","Núcleo do Colapso","Medico",5,"Forma Primária do Surto",97,1029,23128,6,11.95,8.55,85.5,848.01,730,2,22.12,4,58,218
10,100,"Marco Zero","Núcleo do Colapso","Medico",6,"Coração do Marco Zero",100,1462,30780,4,9.95,7.12,71.2,1343.56,1135,2,24.46,2,36,137