Classe;Slot;Tier;Mapa;Raridade;Cor;Nível;Tipo;Item;Origem 1;Material 1;Origem 2;Material 2;Origem 3;Material 3;Drop de mob;Resíduo de mob
Lutador;Armadura;1;Subúrbio Silencioso;Comum;Branco;0–10;Armadura;Armadura de Retalhos Pesados;Desmanche;Placa de Portão Leve;Coleta;Jaqueta Remendada;Contenção;Espuma Filtrante Suja;Osso Frágil Infectado;Resíduo Infecto Pálido
Lutador;Armadura;2;Distrito da Ferrugem;Comum;Branco;11–20;Armadura;Armadura de Placas Oxidadas;Desmanche;Lataria Enferrujada;Coleta;Colete de Operário Gasto;Contenção;Vedação de Oficina Oxidada;Costela Ressecada;Resíduo Infecto Pálido
Lutador;Armadura;3;Hospital Santa Ruína;Incomum;Amarelo;21–30;Armadura;Armadura de Maca Reforçada;Desmanche;Estrutura de Maca Dobrada;Coleta;Avental Hospitalar Grosso;Contenção;Placa de Isolamento Clínico;Costela Necrosada;Resíduo Infecto Amarelado
Lutador;Armadura;4;Terminal dos Esquecidos;Incomum;Amarelo;31–40;Armadura;Armadura de Bagageiro Rebitado;Desmanche;Painel de Bagageiro Amassado;Coleta;Forro de Assento Rasgado;Contenção;Isolante de Cabine Elétrica;Escápula Calcificada;Resíduo Infecto Amarelado
Lutador;Armadura;5;Zona de Quarentena 9;Raro;Verde;41–50;Armadura;Armadura de Barreira Selada;Desmanche;Painel de Barreira Selada;Coleta;Colete Antimordida Rasgado;Contenção;Resina de Quarentena Verde;Placa Óssea Selada;Resíduo Infecto Tóxico
Lutador;Armadura;6;Refinaria do Pó Cinzento;Raro;Verde;51–60;Armadura;Armadura de Caldeira Cinzenta;Desmanche;Placa de Caldeira Pesada;Coleta;Manta Térmica Queimada;Contenção;Vedação de Vapor Cinzenta;Placa Óssea Carbonizada;Resíduo Infecto Tóxico
Lutador;Armadura;7;Avenida dos Caídos;Épico;Roxo;61–70;Armadura;Armadura de Barricada Mutagênica;Desmanche;Placa de Barricada de Aço;Coleta;Colete Tático Rasgado;Contenção;Cerâmica Balística Roxa;Costela Mutagênica;Resíduo Infecto Mutagênico
Lutador;Armadura;8;Complexo Helix;Épico;Roxo;71–80;Armadura;Armadura de Carcaça Helix;Desmanche;Carcaça Experimental Helix;Coleta;Revestimento de Polímero Helix;Contenção;Célula Cerâmica de Contenção;Placa Óssea Mutante;Resíduo Infecto Mutagênico
Lutador;Armadura;9;Necrópole Industrial;Lendário;Vermelho;81–90;Armadura;Armadura Titânica da Necrópole;Desmanche;Couraça Titânica Industrial;Coleta;Malha de Fibra Pesada;Contenção;Câmara de Vedação Carmesim;Costela Saturada;Resíduo Infecto Saturado
Lutador;Armadura;10;Marco Zero;Lendário;Vermelho;91–100;Armadura;Armadura do Marco Zero;Desmanche;Placas Titânicas do Marco;Coleta;Manta de Fibra Rubra;Contenção;Núcleo Rubro de Quarentena;Carapaça do Colapso;Resíduo Infecto Saturado
Lutador;Pernas;1;Subúrbio Silencioso;Comum;Branco;0–10;Grevas;Grevas de Tábua Remendada;Desmanche;Talas de Madeira Partida;Coleta;Retalho de Jeans Grosso;Contenção;Gaze Filtrante Suja;Rótula Frágil Infectada;Resíduo Infecto Pálido
Lutador;Pernas;2;Distrito da Ferrugem;Comum;Branco;11–20;Grevas;Grevas de Lataria Oxidada;Desmanche;Painel de Lataria Curvado;Coleta;Bainha de Uniforme Gasta;Contenção;Anel de Vedação Oxidado;Patela Ressecada;Resíduo Infecto Pálido
Lutador;Pernas;3;Hospital Santa Ruína;Incomum;Amarelo;21–30;Grevas;Grevas de Tala Clínica;Desmanche;Tala Metálica Hospitalar;Coleta;Acolchoado de Maca;Contenção;Manta de Isolamento Clínico;Tíbia Necrosada;Resíduo Infecto Amarelado
Lutador;Pernas;4;Terminal dos Esquecidos;Incomum;Amarelo;31–40;Grevas;Grevas de Escada Rolante;Desmanche;Degrau de Escada Rolante;Coleta;Tapete de Embarque Desfiado;Contenção;Borracha Isolante de Terminal;Escápula Calcificada;Resíduo Infecto Amarelado
Lutador;Pernas;5;Zona de Quarentena 9;Raro;Verde;41–50;Grevas;Grevas de Câmara Selada;Desmanche;Aro de Câmara de Desinfecção;Coleta;Acolchoado Antimordida;Contenção;Cápsula de Resina Verde;Tíbia Selada Infectada;Resíduo Infecto Tóxico
Lutador;Pernas;6;Refinaria do Pó Cinzento;Raro;Verde;51–60;Grevas;Grevas de Duto Cinzento;Desmanche;Segmento de Duto Pesado;Coleta;Avental de Borracha Carbonizado;Contenção;Junta de Pressão Cinzenta;Osso Carbonizado;Resíduo Infecto Tóxico
Lutador;Pernas;7;Avenida dos Caídos;Épico;Roxo;61–70;Grevas;Grevas de Para-choque Tático;Desmanche;Para-choque Blindado Recortado;Coleta;Joelheira Tática Rasgada;Contenção;Placa Cerâmica de Canela;Rótula Mutagênica;Resíduo Infecto Mutagênico
Lutador;Pernas;8;Complexo Helix;Épico;Roxo;71–80;Grevas;Grevas de Articulação Helix;Desmanche;Articulação Mecânica Helix;Coleta;Revestimento de Polímero Articulado;Contenção;Selo Biocerâmico Helix;Placa Óssea Mutante;Resíduo Infecto Mutagênico
Lutador;Pernas;9;Necrópole Industrial;Lendário;Vermelho;81–90;Grevas;Grevas Titânicas da Necrópole;Desmanche;Placa Tibial Titânica;Coleta;Trama de Fibra Pesada;Contenção;Câmara Carmesim de Articulação;Placa Óssea Saturada;Resíduo Infecto Saturado
Lutador;Pernas;10;Marco Zero;Lendário;Vermelho;91–100;Grevas;Grevas de Marcha do Marco Zero;Desmanche;Segmento Titânico de Exoesqueleto;Coleta;Fibra Rubra Articulada;Contenção;Módulo de Contenção Articular;Vértebra do Colapso;Resíduo Infecto Saturado
Lutador;Pés;1;Subúrbio Silencioso;Comum;Branco;0–10;Botas;Botas de Obra Remendadas;Desmanche;Biqueira de Lata Amassada;Coleta;Couro de Bota Gasto;Contenção;Palmilha Filtrante Suja;Garra Frágil Infectada;Resíduo Infecto Pálido
Lutador;Pés;2;Distrito da Ferrugem;Comum;Branco;11–20;Botas;Botas de Ferrugem Cravada;Desmanche;Cravos de Ferro Oxidados;Coleta;Cadarço de Uniforme Gasto;Contenção;Vedação de Graxa Seca;Couro Ressecado;Resíduo Infecto Pálido
Lutador;Pés;3;Hospital Santa Ruína;Incomum;Amarelo;21–30;Botas;Botas de Enfermaria Seladas;Desmanche;Estribo de Leito Clínico;Coleta;Cobertura Cirúrgica Rasgada;Contenção;Película Antisséptica Rachada;Pele Necrosada;Resíduo Infecto Amarelado
Lutador;Pés;4;Terminal dos Esquecidos;Incomum;Amarelo;31–40;Botas;Botas de Esteira Quebrada;Desmanche;Rolete de Esteira de Bagagem;Coleta;Tapete de Piso Emborrachado;Contenção;Manta Isolante de Cabine;Garra Calcificada;Resíduo Infecto Amarelado
Lutador;Pés;5;Zona de Quarentena 9;Raro;Verde;41–50;Botas;Botas de Quarentena Selada;Desmanche;Reforço de Barreira Selada;Coleta;Manguito Antimordida;Contenção;Gel de Desinfecção Coagulado;Osso Selado Infectado;Resíduo Infecto Tóxico
Lutador;Pés;6;Refinaria do Pó Cinzento;Raro;Verde;51–60;Botas;Botas de Cinza Industrial;Desmanche;Placa de Piso de Refinaria;Coleta;Sola de Borracha Vulcanizada;Contenção;Pasta de Vedação Cinzenta;Osso Carbonizado;Resíduo Infecto Tóxico
Lutador;Pés;7;Avenida dos Caídos;Épico;Roxo;61–70;Botas;Botas de Asfalto Mutagênico;Desmanche;Pedal de Viatura Blindada;Coleta;Reforço de Polímero de Tornozelo;Contenção;Inserto Cerâmico Roxo;Garra Mutagênica;Resíduo Infecto Mutagênico
Lutador;Pés;8;Complexo Helix;Épico;Roxo;71–80;Botas;Botas de Tração Helix;Desmanche;Junta Mecânica Helix;Coleta;Revestimento de Polímero Translúcido;Contenção;Cartucho Cerâmico Helix;Nervo Biomecânico Mutante;Resíduo Infecto Mutagênico
Lutador;Pés;9;Necrópole Industrial;Lendário;Vermelho;81–90;Botas;Botas de Pisada Titânica;Desmanche;Calcanhar Titânico Industrial;Coleta;Fibra de Compressão Pesada;Contenção;Selo de Marcha Carmesim;Garra Rubra Saturada;Resíduo Infecto Saturado
Lutador;Pés;10;Marco Zero;Lendário;Vermelho;91–100;Botas;Botas do Colapso Rubro;Desmanche;Solado Titânico do Marco;Coleta;Fibra Escarlate de Tração;Contenção;Célula Rubra de Impacto;Osso do Colapso;Resíduo Infecto Saturado
Lutador;Elmo;1;Subúrbio Silencioso;Comum;Branco;0–10;Elmo;Elmo de Obra Rachado;Desmanche;Casco de Capacete Quebrado;Coleta;Forro de Touca Rasgada;Contenção;Espuma Filtrante Suja;Osso Oco Infectado;Resíduo Infecto Pálido
Lutador;Elmo;2;Distrito da Ferrugem;Comum;Branco;11–20;Elmo;Elmo de Soldador Enferrujado;Desmanche;Casco de Solda Enferrujado;Coleta;Tira de Avental de Oficina;Contenção;Respirador de Oficina Oxidado;Crânio Ressecado;Resíduo Infecto Pálido
Lutador;Elmo;3;Hospital Santa Ruína;Incomum;Amarelo;21–30;Elmo;Elmo de Visor Clínico;Desmanche;Arco de Protetor Facial;Coleta;Touca Cirúrgica Reforçada;Contenção;Vedação de Máscara Clínica;Osso Retorcido Necrosado;Resíduo Infecto Amarelado
Lutador;Elmo;4;Terminal dos Esquecidos;Incomum;Amarelo;31–40;Elmo;Elmo de Segurança do Terminal;Desmanche;Casco de Segurança Amassado;Coleta;Tira de Bagageiro Acolchoada;Contenção;Filtro de Cabine Queimado;Mandíbula Calcificada;Resíduo Infecto Amarelado
Lutador;Elmo;5;Zona de Quarentena 9;Raro;Verde;41–50;Elmo;Elmo de Câmara Selada;Desmanche;Casco de Contenção Pesada;Coleta;Forro Antimordida;Contenção;Válvula de Quarentena Verde;Crânio Selado Infectado;Resíduo Infecto Tóxico
Lutador;Elmo;6;Refinaria do Pó Cinzento;Raro;Verde;51–60;Elmo;Elmo de Respirador Cinzento;Desmanche;Máscara de Solda Pesada;Coleta;Gola de Borracha Queimada;Contenção;Cartucho de Vapor Cinzento;Mandíbula Carbonizada;Resíduo Infecto Tóxico
Lutador;Elmo;7;Avenida dos Caídos;Épico;Roxo;61–70;Elmo;Elmo de Motim Quebrado;Desmanche;Casco de Capacete de Motim;Coleta;Acolchoado Tático Rasgado;Contenção;Inserto Cerâmico Craniano;Placa Óssea Mutagênica;Resíduo Infecto Mutagênico
Lutador;Elmo;8;Complexo Helix;Épico;Roxo;71–80;Elmo;Elmo de Contenção Helix;Desmanche;Cúpula de Proteção Helix;Coleta;Revestimento de Polímero Craniano;Contenção;Módulo Cerâmico Helix;Glândula Sensorial Mutante;Resíduo Infecto Mutagênico
Lutador;Elmo;9;Necrópole Industrial;Lendário;Vermelho;81–90;Elmo;Elmo Titânico da Necrópole;Desmanche;Casco Titânico Industrial;Coleta;Trama de Fibra Craniana;Contenção;Visor Carmesim Selado;Placa Óssea Saturada;Resíduo Infecto Saturado
Lutador;Elmo;10;Marco Zero;Lendário;Vermelho;91–100;Elmo;Elmo do Marco Zero;Desmanche;Coroa Titânica do Marco;Coleta;Forro de Fibra Rubra;Contenção;Núcleo Rubro de Respiração;Osso do Colapso;Resíduo Infecto Saturado
Lutador;Main Hand;1;Subúrbio Silencioso;Comum;Branco;0–5;Maça;Maça de Ripa Cravada;Desmanche;Cabo de Madeira Cravado;Coleta;Malha Rasgada;Contenção;Filtro Sujo;Osso Frágil Infectado;Resíduo Infecto Pálido
Lutador;Main Hand;1;Subúrbio Silencioso;Comum;Branco;6–10;Machado;Machado de Lâmina Lascada;Desmanche;Lâmina de Ferramenta Velha;Coleta;Pano de Empunhadura;Contenção;Fita de Vedação Suja;Dente Infectado;Resíduo Infecto Pálido
Lutador;Main Hand;2;Distrito da Ferrugem;Comum;Branco;11–15;Maça;Maça de Engrenagem Enferrujada;Desmanche;Engrenagem Enferrujada;Coleta;Retalho de Uniforme;Contenção;Fita Selante Oxidada;Tendão Ressecado;Resíduo Infecto Pálido
Lutador;Main Hand;2;Distrito da Ferrugem;Comum;Branco;16–20;Machado;Machado de Chapa Rasgada;Desmanche;Chapa de Oficina Rasgada;Coleta;Correia Gasta;Contenção;Lacre de Oficina;Osso Lascado;Resíduo Infecto Pálido
Lutador;Main Hand;3;Hospital Santa Ruína;Incomum;Amarelo;21–25;Maça;Maça de Suporte de Soro;Desmanche;Pé de Suporte Clínico;Coleta;Faixa Hospitalar;Contenção;Lacre de Isolamento;Osso Retorcido Necrosado;Resíduo Infecto Amarelado
Lutador;Main Hand;3;Hospital Santa Ruína;Incomum;Amarelo;26–30;Machado;Machado de Bandeja Cirúrgica;Desmanche;Bandeja Cirúrgica Serrilhada;Coleta;Forro de Maca Rasgado;Contenção;Vedação Hospitalar;Cartilagem Necrosada;Resíduo Infecto Amarelado
Lutador;Main Hand;4;Terminal dos Esquecidos;Incomum;Amarelo;31–35;Maça;Maça de Corrimão Rebitado;Desmanche;Corrimão Rebitado;Coleta;Alça de Bagagem;Contenção;Isolante de Painel Elétrico;Nervo Calcificado;Resíduo Infecto Amarelado
Lutador;Main Hand;4;Terminal dos Esquecidos;Incomum;Amarelo;36–40;Machado;Machado de Placa de Embarque;Desmanche;Placa de Embarque Afiada;Coleta;Cinta de Assento;Contenção;Revestimento de Fiação;Nervo Calcificado;Resíduo Infecto Amarelado
Lutador;Main Hand;5;Zona de Quarentena 9;Raro;Verde;41–45;Maça;Maça de Grade de Quarentena;Desmanche;Grade de Quarentena Retorcida;Coleta;Forro de Colete Rasgado;Contenção;Resina Química Verde;Osso Selado Infectado;Resíduo Infecto Tóxico
Lutador;Main Hand;5;Zona de Quarentena 9;Raro;Verde;46–50;Machado;Machado de Porta de Contenção;Desmanche;Borda de Porta de Contenção;Coleta;Presilha de Equipamento;Contenção;Vedação Química Rompida;Glândula Contaminada;Resíduo Infecto Tóxico
Lutador;Main Hand;6;Refinaria do Pó Cinzento;Raro;Verde;51–55;Maça;Maça de Pistão de Refinaria;Desmanche;Pistão Industrial Pesado;Coleta;Cinta de Borracha Grossa;Contenção;Resina de Vedação Cinzenta;Osso Carbonizado;Resíduo Infecto Tóxico
Lutador;Main Hand;6;Refinaria do Pó Cinzento;Raro;Verde;56–60;Machado;Machado de Chapa de Caldeira;Desmanche;Chapa de Caldeira Serrada;Coleta;Manta Industrial Queimada;Contenção;Selo Químico Ressecado;Tendão Enrijecido;Resíduo Infecto Tóxico
Lutador;Main Hand;7;Avenida dos Caídos;Épico;Roxo;61–65;Maça;Maça de Poste Retorcido;Desmanche;Poste de Aço Retorcido;Coleta;Membrana de Polímero Rasgada;Contenção;Cerâmica Isolante Roxa;Placa Óssea Mutagênica;Resíduo Infecto Mutagênico
Lutador;Main Hand;7;Avenida dos Caídos;Épico;Roxo;66–70;Machado;Machado de Porta de Viatura;Desmanche;Porta de Viatura Recortada;Coleta;Cinto Tático Rompido;Contenção;Selo Balístico Instável;Garra Mutagênica;Resíduo Infecto Mutagênico
Lutador;Main Hand;8;Complexo Helix;Épico;Roxo;71–75;Maça;Maça de Coluna Helix;Desmanche;Coluna de Aço Helix;Coleta;Trama de Polímero Helix;Contenção;Cerâmica de Contenção Roxa;Placa Neural Mutante;Resíduo Infecto Mutagênico
Lutador;Main Hand;8;Complexo Helix;Épico;Roxo;76–80;Machado;Machado de Lâmina Experimental;Desmanche;Lâmina Experimental Serrilhada;Coleta;Revestimento Sintético Reforçado;Contenção;Cápsula Cerâmica Helix;Cartilagem Mutante;Resíduo Infecto Mutagênico
Lutador;Main Hand;9;Necrópole Industrial;Lendário;Vermelho;81–85;Maça;Maça de Coluna Titânica;Desmanche;Coluna Titânica de Impacto;Coleta;Trama de Fibra Reforçada;Contenção;Núcleo de Vedação Carmesim;Tendão Saturado;Resíduo Infecto Saturado
Lutador;Main Hand;9;Necrópole Industrial;Lendário;Vermelho;86–90;Machado;Machado de Fragmento Titânico;Desmanche;Fragmento Titânico Cortante;Coleta;Malha de Fibra Tática;Contenção;Selo Necrótico Carmesim;Cartilagem Rubra;Resíduo Infecto Saturado
Lutador;Main Hand;10;Marco Zero;Lendário;Vermelho;91–95;Maça;Maça do Marco Zero;Desmanche;Núcleo de Impacto Titânico;Coleta;Manta de Fibra Saturada;Contenção;Núcleo de Contenção Rubro;Osso do Colapso;Resíduo Infecto Saturado
Lutador;Main Hand;10;Marco Zero;Lendário;Vermelho;96–100;Machado;Machado da Ruína Carmesim;Desmanche;Lâmina Titânica do Colapso;Coleta;Trança de Fibra Escarlate;Contenção;Selo de Ruptura Rubro;Nervo do Colapso;Resíduo Infecto Saturado
Lutador;Off Hand;1;Subúrbio Silencioso;Comum;Branco;0–10;Escudo;Escudo de Tampa Amassada;Desmanche;Tampa Metálica Amassada;Coleta;Alça de Pano Gasto;Contenção;Pano Filtrante Sujo;Ulna Frágil Infectada;Resíduo Infecto Pálido
Lutador;Off Hand;2;Distrito da Ferrugem;Comum;Branco;11–20;Escudo;Escudo de Portão Oxidado;Desmanche;Painel de Portão Oxidado;Coleta;Alça de Uniforme Gasta;Contenção;Rebite Selante Oxidado;Ulna Ressecada;Resíduo Infecto Pálido
Lutador;Off Hand;3;Hospital Santa Ruína;Incomum;Amarelo;21–30;Escudo;Escudo de Maca Dobrada;Desmanche;Estrutura de Maca Dobrável;Coleta;Forro Hospitalar Acolchoado;Contenção;Tela de Isolamento Clínico;Osso Retorcido Necrosado;Resíduo Infecto Amarelado
Lutador;Off Hand;4;Terminal dos Esquecidos;Incomum;Amarelo;31–40;Escudo;Escudo de Painel de Embarque;Desmanche;Painel de Embarque Quebrado;Coleta;Alça de Mala Reforçada;Contenção;Manta Antifiação;Nervo Calcificado;Resíduo Infecto Amarelado
Lutador;Off Hand;5;Zona de Quarentena 9;Raro;Verde;41–50;Escudo;Escudo de Barreira de Quarentena;Desmanche;Painel de Barreira Verde;Coleta;Forro de Colete Selado;Contenção;Placa de Resina Verde;Úmero Selado Infectado;Resíduo Infecto Tóxico
Lutador;Off Hand;6;Refinaria do Pó Cinzento;Raro;Verde;51–60;Escudo;Escudo de Tampa de Caldeira;Desmanche;Tampa de Caldeira Pesada;Coleta;Borracha Industrial Queimada;Contenção;Junta de Vapor Cinzenta;Osso Carbonizado;Resíduo Infecto Tóxico
Lutador;Off Hand;7;Avenida dos Caídos;Épico;Roxo;61–70;Escudo;Escudo de Placa Antimotim;Desmanche;Placa Antimotim Quebrada;Coleta;Alça Tática Rasgada;Contenção;Painel Cerâmico Roxo;Placa Óssea Mutagênica;Resíduo Infecto Mutagênico
Lutador;Off Hand;8;Complexo Helix;Épico;Roxo;71–80;Escudo;Escudo de Painel Helix;Desmanche;Painel Blindado Helix;Coleta;Camada de Polímero Translúcido;Contenção;Cápsula de Contenção Helix;Placa Óssea Mutante;Resíduo Infecto Mutagênico
Lutador;Off Hand;9;Necrópole Industrial;Lendário;Vermelho;81–90;Escudo;Escudo Titânico da Necrópole;Desmanche;Painel Titânico Necroindustrial;Coleta;Rede de Fibra Pesada;Contenção;Núcleo de Bloqueio Carmesim;Placa Óssea Saturada;Resíduo Infecto Saturado
Lutador;Off Hand;10;Marco Zero;Lendário;Vermelho;91–100;Escudo;Escudo do Marco Zero;Desmanche;Placa Titânica do Marco Zero;Coleta;Trama de Fibra Rubra;Contenção;Núcleo Rubro de Bloqueio;Osso do Colapso;Resíduo Infecto Saturado
Assassino;Main Hand;1;Subúrbio Silencioso;Comum;Branco;0–5;Espada;Espada de Faca Alongada;Arsenal;Faca Serrada de Cozinha;Patrulha;Fita de Mochila Rasgada;Tecnovarredura;Mola de Lanterna Quebrada;Garra Frágil Infectada;Resíduo Infecto Pálido
Assassino;Main Hand;1;Subúrbio Silencioso;Comum;Branco;6–10;Adagas;Adagas de Facas Trincadas;Arsenal;Par de Facas Trincadas;Patrulha;Cordão de Tênis Gasto;Tecnovarredura;Pilha Vazando;Tendão Frágil Infectado;Resíduo Infecto Pálido
Assassino;Main Hand;2;Distrito da Ferrugem;Comum;Branco;11–15;Espada;Espada de Serra Oxidada;Arsenal;Lâmina de Serra Enferrujada;Patrulha;Luva de Oficina Gasta;Tecnovarredura;Interruptor Oxidado;Tendão Ressecado;Resíduo Infecto Pálido
Assassino;Main Hand;2;Distrito da Ferrugem;Comum;Branco;16–20;Adagas;Adagas de Estilete Enferrujado;Arsenal;Lâminas de Estilete Oxidadas;Patrulha;Gancho de Cinto Gasto;Tecnovarredura;Motor de Relógio Quebrado;Tendão Ressecado;Resíduo Infecto Pálido
Assassino;Main Hand;3;Hospital Santa Ruína;Incomum;Amarelo;21–25;Espada;Espada de Bisturi Alongado;Arsenal;Bisturi Cirúrgico Alongado;Patrulha;Faixa de Torniquete;Tecnovarredura;Sensor de Pulso Quebrado;Glândula Necrosada;Resíduo Infecto Amarelado
Assassino;Main Hand;3;Hospital Santa Ruína;Incomum;Amarelo;26–30;Adagas;Adagas de Tesoura Cirúrgica;Arsenal;Pontas de Tesoura Cirúrgica;Patrulha;Tira de Pulseira Hospitalar;Tecnovarredura;Circuito de Monitor Clínico;Falange Necrosada;Resíduo Infecto Amarelado
Assassino;Main Hand;4;Terminal dos Esquecidos;Incomum;Amarelo;31–35;Espada;Espada de Sinalização Afiada;Arsenal;Placa de Sinalização Cortante;Patrulha;Correia de Mochila de Viagem;Tecnovarredura;Leitor de Bilhete Quebrado;Garra Calcificada;Resíduo Infecto Amarelado
Assassino;Main Hand;4;Terminal dos Esquecidos;Incomum;Amarelo;36–40;Adagas;Adagas de Canivete de Embarque;Arsenal;Canivetes de Bagagem;Patrulha;Passador de Cinto de Assento;Tecnovarredura;Sensor de Porta Automática;Nervo Calcificado;Resíduo Infecto Amarelado
Assassino;Main Hand;5;Zona de Quarentena 9;Raro;Verde;41–45;Espada;Espada de Lâmina Selada;Arsenal;Lâmina de Quarentena Selada;Patrulha;Cinta de Colete Antimordida;Tecnovarredura;Inibidor de Alarme Verde;Vesícula Tóxica;Resíduo Infecto Tóxico
Assassino;Main Hand;5;Zona de Quarentena 9;Raro;Verde;46–50;Adagas;Adagas de Contenção Verde;Arsenal;Estiletes de Contenção Verde;Patrulha;Presilha de Equipamento Selado;Tecnovarredura;Chip de Bloqueio Sanitário;Nervo Infectado;Resíduo Infecto Tóxico
Assassino;Main Hand;6;Refinaria do Pó Cinzento;Raro;Verde;51–55;Espada;Espada de Corte Cinzento;Arsenal;Lâmina de Corte Industrial;Patrulha;Luva de Borracha Queimada;Tecnovarredura;Válvula Eletrônica Cinzenta;Tendão Enrijecido;Resíduo Infecto Tóxico
Assassino;Main Hand;6;Refinaria do Pó Cinzento;Raro;Verde;56–60;Adagas;Adagas de Caldeira Fumegante;Arsenal;Lascas de Caldeira Afiadas;Patrulha;Correia Antióleo;Tecnovarredura;Relé de Pressão Queimado;Glândula Carbonizada;Resíduo Infecto Tóxico
Assassino;Main Hand;7;Avenida dos Caídos;Épico;Roxo;61–65;Espada;Espada de Viatura Partida;Arsenal;Lâmina de Porta de Viatura;Patrulha;Coldre Tático Rasgado;Tecnovarredura;Mira Laser Quebrada;Olho Mutagênico;Resíduo Infecto Mutagênico
Assassino;Main Hand;7;Avenida dos Caídos;Épico;Roxo;66–70;Adagas;Adagas Antimotim Roxas;Arsenal;Cacos de Escudo Antimotim;Patrulha;Braçadeira Tática Rompida;Tecnovarredura;Sensor Balístico Instável;Garra Mutagênica;Resíduo Infecto Mutagênico
Assassino;Main Hand;8;Complexo Helix;Épico;Roxo;71–75;Espada;Espada Helix Serrilhada;Arsenal;Lâmina Helix Serrilhada;Patrulha;Trama de Polímero Helix;Tecnovarredura;Atuador Neural Helix;Cartilagem Mutante;Resíduo Infecto Mutagênico
Assassino;Main Hand;8;Complexo Helix;Épico;Roxo;76–80;Adagas;Adagas de Monofio Experimental;Arsenal;Filamentos Cortantes Helix;Patrulha;Pulseira de Infiltração Helix;Tecnovarredura;Núcleo de Camuflagem Falho;Glândula Sensorial Mutante;Resíduo Infecto Mutagênico
Assassino;Main Hand;9;Necrópole Industrial;Lendário;Vermelho;81–85;Espada;Espada de Fragmento Carmesim;Arsenal;Fragmento Carmesim Cortante;Patrulha;Malha de Fibra Sombria;Tecnovarredura;Interface Necrótica Carmesim;Nervo Saturado;Resíduo Infecto Saturado
Assassino;Main Hand;9;Necrópole Industrial;Lendário;Vermelho;86–90;Adagas;Adagas Titânicas Necróticas;Arsenal;Pontas Titânicas Necróticas;Patrulha;Correia de Fibra Tática;Tecnovarredura;Módulo de Sombra Carmesim;Cartilagem Rubra;Resíduo Infecto Saturado
Assassino;Main Hand;10;Marco Zero;Lendário;Vermelho;91–95;Espada;Espada do Marco Zero;Arsenal;Lâmina Rubra do Marco;Patrulha;Trança de Fibra Escarlate;Tecnovarredura;Núcleo de Ocultação Rubro;Nervo do Colapso;Resíduo Infecto Saturado
Assassino;Main Hand;10;Marco Zero;Lendário;Vermelho;96–100;Adagas;Adagas da Ruína Silenciosa;Arsenal;Par de Lâminas do Colapso;Patrulha;Manta de Fibra Saturada;Tecnovarredura;Atuador de Execução Rubro;Glândula Radioinfecta Saturada;Resíduo Infecto Saturado
Assassino;Off Hand;1;Subúrbio Silencioso;Comum;Branco;0–10;Bombas;Bombas de Lata Fumacenta;Arsenal;Cápsula de Lata Amassada;Patrulha;Pavio de Mochila Rasgado;Tecnovarredura;Circuito de Lanterna Quebrado;Membrana Pálida Infectada;Resíduo Infecto Pálido
Assassino;Off Hand;2;Distrito da Ferrugem;Comum;Branco;11–20;Bombas;Bombas de Ferrugem Seca;Arsenal;Cápsula de Oficina Oxidada;Patrulha;Cordão de Uniforme Oleoso;Tecnovarredura;Gatilho de Alarme Oxidado;Carapaça Oleosa Ressecada;Resíduo Infecto Pálido
Assassino;Off Hand;3;Hospital Santa Ruína;Incomum;Amarelo;21–30;Bombas;Bombas de Névoa Clínica;Arsenal;Frasco de Anestésico Vazio;Patrulha;Elástico de Máscara Hospitalar;Tecnovarredura;Nebulizador Quebrado;Bile Necrosada;Resíduo Infecto Amarelado
Assassino;Off Hand;4;Terminal dos Esquecidos;Incomum;Amarelo;31–40;Bombas;Bombas de Sinalização Queimada;Arsenal;Cartucho de Sinalização;Patrulha;Alça de Mochila de Embarque;Tecnovarredura;Temporizador de Painel;Muco Amarelado;Resíduo Infecto Amarelado
Assassino;Off Hand;5;Zona de Quarentena 9;Raro;Verde;41–50;Bombas;Bombas de Quarentena Verde;Arsenal;Cápsula de Contenção;Patrulha;Presilha de Cinto Sanitário;Tecnovarredura;Sensor de Gás Verde;Secreção Tóxica;Resíduo Infecto Tóxico
Assassino;Off Hand;6;Refinaria do Pó Cinzento;Raro;Verde;51–60;Bombas;Bombas de Fuligem Química;Arsenal;Cartucho de Refinaria;Patrulha;Pano Antióleo;Tecnovarredura;Válvula Temporizadora;Glândula Carbonizada;Resíduo Infecto Tóxico
Assassino;Off Hand;7;Avenida dos Caídos;Épico;Roxo;61–70;Bombas;Bombas de Sombra Mutagênica;Arsenal;Granadas de Fumaça Roxa;Patrulha;Bolsa Tática Rasgada;Tecnovarredura;Emissor de Ruído Instável;Pulmão Mutagênico;Resíduo Infecto Mutagênico
Assassino;Off Hand;8;Complexo Helix;Épico;Roxo;71–80;Bombas;Bombas Helix de Dispersão;Arsenal;Cápsula Helix Pressurizada;Patrulha;Suporte de Pulso Helix;Tecnovarredura;Difusor Molecular Helix;Secreção Mutante;Resíduo Infecto Mutagênico
Assassino;Off Hand;9;Necrópole Industrial;Lendário;Vermelho;81–90;Bombas;Bombas Necróticas Carmesim;Arsenal;Núcleo Explosivo Carmesim;Patrulha;Rede de Fibra Sombria;Tecnovarredura;Detonador Necrótico;Vesícula Saturada;Resíduo Infecto Saturado
Assassino;Off Hand;10;Marco Zero;Lendário;Vermelho;91–100;Bombas;Bombas do Eclipse Rubro;Arsenal;Cápsula do Marco Zero;Patrulha;Envoltório de Fibra Escarlate;Tecnovarredura;Núcleo de Dispersão Rubro;Tecido Primordial Infectado;Resíduo Infecto Saturado
Assassino;Elmo;1;Subúrbio Silencioso;Comum;Branco;0–10;Capuz;Capuz de Moletom Rasgado;Arsenal;Pino de Faca Quebrada;Patrulha;Cordão de Capuz Gasto;Tecnovarredura;Lente de Lanterna Pequena;Membrana Pálida Infectada;Resíduo Infecto Pálido
Assassino;Elmo;2;Distrito da Ferrugem;Comum;Branco;11–20;Capuz;Capuz de Oficina Sombreado;Arsenal;Pino de Estilete Oxidado;Patrulha;Tecido de Uniforme Oleoso;Tecnovarredura;LED de Máquina Quebrado;Couro Ressecado;Resíduo Infecto Pálido
Assassino;Elmo;3;Hospital Santa Ruína;Incomum;Amarelo;21–30;Capuz;Capuz de Triagem Escura;Arsenal;Clipe Cirúrgico Afiado;Patrulha;Tira de Máscara Clínica;Tecnovarredura;Sensor de Batimento Quebrado;Pele Necrosada;Resíduo Infecto Amarelado
Assassino;Elmo;4;Terminal dos Esquecidos;Incomum;Amarelo;31–40;Capuz;Capuz de Embarque Oculto;Arsenal;Ponta de Canivete de Mala;Patrulha;Capuz de Passageiro Desfiado;Tecnovarredura;Chip de Catraca;Olho Calcificado;Resíduo Infecto Amarelado
Assassino;Elmo;5;Zona de Quarentena 9;Raro;Verde;41–50;Capuz;Capuz de Quarentena Verde;Arsenal;Agulha de Contenção Afiada;Patrulha;Véu Sanitário Rasgado;Tecnovarredura;Visor de Quarentena;Placa Óssea Selada;Resíduo Infecto Tóxico
Assassino;Elmo;6;Refinaria do Pó Cinzento;Raro;Verde;51–60;Capuz;Capuz de Fuligem Cinzenta;Arsenal;Rebite Cortante de Refinaria;Patrulha;Capuz Antióleo Queimado;Tecnovarredura;Sensor de Vapores;Pele Carbonizada;Resíduo Infecto Tóxico
Assassino;Elmo;7;Avenida dos Caídos;Épico;Roxo;61–70;Capuz;Capuz de Sombra Mutagênica;Arsenal;Dardo Tático Roxo;Patrulha;Tecido de Balaclava Rasgado;Tecnovarredura;Microvisor Balístico;Pele Calcificada Mutagênica;Resíduo Infecto Mutagênico
Assassino;Elmo;8;Complexo Helix;Épico;Roxo;71–80;Capuz;Capuz Helix Camuflado;Arsenal;Agulha Helix Serrilhada;Patrulha;Manta de Polímero Helix;Tecnovarredura;Módulo de Camuflagem Helix;Pele Mutante;Resíduo Infecto Mutagênico
Assassino;Elmo;9;Necrópole Industrial;Lendário;Vermelho;81–90;Capuz;Capuz Necrótico Carmesim;Arsenal;Ponta Titânica Carmesim;Patrulha;Trama de Fibra Sombria;Tecnovarredura;Interface Ocular Carmesim;Carapaça de Escória Saturada;Resíduo Infecto Saturado
Assassino;Elmo;10;Marco Zero;Lendário;Vermelho;91–100;Capuz;Capuz do Marco Zero;Arsenal;Lâmina Rubra Miniaturizada;Patrulha;Fibra Escarlate de Ocultação;Tecnovarredura;Núcleo de Sombra Rubro;Pele do Colapso;Resíduo Infecto Saturado
Assassino;Armadura;1;Subúrbio Silencioso;Comum;Branco;0–10;Traje;Traje de Rua Rasgado;Arsenal;Rebite de Faca Velha;Patrulha;Moletom Reforçado;Tecnovarredura;Placa de Walkie Quebrada;Osso Frágil Infectado;Resíduo Infecto Pálido
Assassino;Armadura;2;Distrito da Ferrugem;Comum;Branco;11–20;Traje;Traje de Oficina Silencioso;Arsenal;Pino de Ferramenta Afiado;Patrulha;Macacão de Oficina Escuro;Tecnovarredura;Rádio de Oficina Quebrado;Costela Ressecada;Resíduo Infecto Pálido
Assassino;Armadura;3;Hospital Santa Ruína;Incomum;Amarelo;21–30;Traje;Traje de Ala Isolada;Arsenal;Clipe de Bisturi Reforçado;Patrulha;Avental Clínico Escuro;Tecnovarredura;Monitor Portátil Quebrado;Costela Necrosada;Resíduo Infecto Amarelado
Assassino;Armadura;4;Terminal dos Esquecidos;Incomum;Amarelo;31–40;Traje;Traje de Terminal Oculto;Arsenal;Cortador de Lacre;Patrulha;Jaqueta de Passageiro Gasta;Tecnovarredura;Leitor de Embarque Falho;Escápula Calcificada;Resíduo Infecto Amarelado
Assassino;Armadura;5;Zona de Quarentena 9;Raro;Verde;41–50;Traje;Traje de Quarentena Furtiva;Arsenal;Agulha de Injeção Reforçada;Patrulha;Colete Sanitário Escuro;Tecnovarredura;Módulo de Alarme Verde;Placa Óssea Selada;Resíduo Infecto Tóxico
Assassino;Armadura;6;Refinaria do Pó Cinzento;Raro;Verde;51–60;Traje;Traje de Refinaria Sombria;Arsenal;Ponta de Maçarico Cortante;Patrulha;Macacão Antióleo Rasgado;Tecnovarredura;Medidor de Pressão Queimado;Placa Óssea Carbonizada;Resíduo Infecto Tóxico
Assassino;Armadura;7;Avenida dos Caídos;Épico;Roxo;61–70;Traje;Traje Antimotim Sombrio;Arsenal;Ponta de Dardo Balístico;Patrulha;Colete Tático Sombrio;Tecnovarredura;Placa de Sensor Roxa;Costela Mutagênica;Resíduo Infecto Mutagênico
Assassino;Armadura;8;Complexo Helix;Épico;Roxo;71–80;Traje;Traje Helix de Infiltração;Arsenal;Filamento Helix Cortante;Patrulha;Camada de Polímero Silencioso;Tecnovarredura;Interface de Camuflagem Helix;Placa Óssea Mutante;Resíduo Infecto Mutagênico
Assassino;Armadura;9;Necrópole Industrial;Lendário;Vermelho;81–90;Traje;Traje Titânico da Necrópole;Arsenal;Lâmina Titânica Oculta;Patrulha;Malha de Fibra Pesada;Tecnovarredura;Núcleo Necrótico Carmesim;Costela Saturada;Resíduo Infecto Saturado
Assassino;Armadura;10;Marco Zero;Lendário;Vermelho;91–100;Traje;Traje da Ruína Silenciosa;Arsenal;Fragmento Rubro Oculto;Patrulha;Manta de Fibra Escarlate;Tecnovarredura;Núcleo de Ocultação Final;Carapaça do Colapso;Resíduo Infecto Saturado
Assassino;Pernas;1;Subúrbio Silencioso;Comum;Branco;0–10;Perneiras;Perneiras de Jeans Cortado;Arsenal;Prego Afiado de Cerca;Patrulha;Retalho de Jeans Ajustado;Tecnovarredura;Fio de Lanterna;Rótula Frágil Infectada;Resíduo Infecto Pálido
Assassino;Pernas;2;Distrito da Ferrugem;Comum;Branco;11–20;Perneiras;Perneiras de Oficina Enferrujada;Arsenal;Ponta de Chave de Fenda;Patrulha;Bainha de Uniforme Escura;Tecnovarredura;Bobina de Relógio Oxidada;Patela Ressecada;Resíduo Infecto Pálido
Assassino;Pernas;3;Hospital Santa Ruína;Incomum;Amarelo;21–30;Perneiras;Perneiras de Maca Silenciosa;Arsenal;Lâmina de Tesoura Clínica;Patrulha;Acolchoado de Maca Fino;Tecnovarredura;Cabo de Monitor Clínico;Tíbia Necrosada;Resíduo Infecto Amarelado
Assassino;Pernas;4;Terminal dos Esquecidos;Incomum;Amarelo;31–40;Perneiras;Perneiras de Passageiro Oculto;Arsenal;Ponta de Canivete Quebrado;Patrulha;Tapete de Embarque Desfiado;Tecnovarredura;Sensor de Esteira;Escápula Calcificada;Resíduo Infecto Amarelado
Assassino;Pernas;5;Zona de Quarentena 9;Raro;Verde;41–50;Perneiras;Perneiras de Quarentena Leve;Arsenal;Dardo de Contenção Verde;Patrulha;Acolchoado Antimordida Leve;Tecnovarredura;Chip Sanitário Verde;Tíbia Selada Infectada;Resíduo Infecto Tóxico
Assassino;Pernas;6;Refinaria do Pó Cinzento;Raro;Verde;51–60;Perneiras;Perneiras de Cinza Industrial;Arsenal;Faca de Manutenção Queimada;Patrulha;Avental de Borracha Carbonizado;Tecnovarredura;Relé de Refinaria;Osso Carbonizado;Resíduo Infecto Tóxico
Assassino;Pernas;7;Avenida dos Caídos;Épico;Roxo;61–70;Perneiras;Perneiras de Patrulha Mutagênica;Arsenal;Espinho Balístico Roxo;Patrulha;Joelheira Tática Rasgada;Tecnovarredura;Sensor de Movimento Instável;Rótula Mutagênica;Resíduo Infecto Mutagênico
Assassino;Pernas;8;Complexo Helix;Épico;Roxo;71–80;Perneiras;Perneiras Articuladas Helix;Arsenal;Microserra Helix;Patrulha;Polímero Articulado Silencioso;Tecnovarredura;Atuador de Joelho Helix;Placa Óssea Mutante;Resíduo Infecto Mutagênico
Assassino;Pernas;9;Necrópole Industrial;Lendário;Vermelho;81–90;Perneiras;Perneiras Necróticas de Fibra;Arsenal;Lâmina Curva Carmesim;Patrulha;Trama de Fibra Pesada;Tecnovarredura;Câmara Carmesim de Movimento;Placa Óssea Saturada;Resíduo Infecto Saturado
Assassino;Pernas;10;Marco Zero;Lendário;Vermelho;91–100;Perneiras;Perneiras do Marco Zero;Arsenal;Ponta Rubra do Colapso;Patrulha;Fibra Rubra Articulada;Tecnovarredura;Módulo de Passo Silencioso;Vértebra do Colapso;Resíduo Infecto Saturado
Assassino;Pés;1;Subúrbio Silencioso;Comum;Branco;0–10;Sapatilhas;Sapatilhas de Pano Escuro;Arsenal;Tachinhas Afiadas;Patrulha;Sola de Tênis Gasto;Tecnovarredura;Pilha de Lanterna Pequena;Garra Frágil Infectada;Resíduo Infecto Pálido
Assassino;Pés;2;Distrito da Ferrugem;Comum;Branco;11–20;Sapatilhas;Sapatilhas de Ferrugem Baixa;Arsenal;Cravos Oxidados Pequenos;Patrulha;Cadarço de Uniforme Gasto;Tecnovarredura;Sensor de Porta Oxidado;Couro Ressecado;Resíduo Infecto Pálido
Assassino;Pés;3;Hospital Santa Ruína;Incomum;Amarelo;21–30;Sapatilhas;Sapatilhas de Enfermaria Silenciosa;Arsenal;Agulhas de Sutura Entortadas;Patrulha;Cobertura Cirúrgica Rasgada;Tecnovarredura;Sensor de Oxímetro;Pele Necrosada;Resíduo Infecto Amarelado
Assassino;Pés;4;Terminal dos Esquecidos;Incomum;Amarelo;31–40;Sapatilhas;Sapatilhas de Esteira Quebrada;Arsenal;Lâmina de Etiqueta Cortante;Patrulha;Tapete de Piso Emborrachado;Tecnovarredura;Chip de Esteira de Bagagem;Garra Calcificada;Resíduo Infecto Amarelado
Assassino;Pés;5;Zona de Quarentena 9;Raro;Verde;41–50;Sapatilhas;Sapatilhas de Quarentena Selada;Arsenal;Espinhos de Barreira Sanitária;Patrulha;Manguito Antimordida Leve;Tecnovarredura;Detector de Gás Verde;Osso Selado Infectado;Resíduo Infecto Tóxico
Assassino;Pés;6;Refinaria do Pó Cinzento;Raro;Verde;51–60;Sapatilhas;Sapatilhas de Cinza Silenciosa;Arsenal;Lascas de Metal Queimado;Patrulha;Sola Antióleo Queimada;Tecnovarredura;Sensor de Vapor Cinzento;Osso Carbonizado;Resíduo Infecto Tóxico
Assassino;Pés;7;Avenida dos Caídos;Épico;Roxo;61–70;Sapatilhas;Sapatilhas de Asfalto Mutagênico;Arsenal;Cravo Balístico Roxo;Patrulha;Reforço de Polímero de Tornozelo;Tecnovarredura;Módulo de Passo Instável;Garra Mutagênica;Resíduo Infecto Mutagênico
Assassino;Pés;8;Complexo Helix;Épico;Roxo;71–80;Sapatilhas;Sapatilhas de Tração Helix;Arsenal;Agulhas Helix de Aderência;Patrulha;Revestimento de Polímero Translúcido;Tecnovarredura;Atuador de Tração Helix;Nervo Biomecânico Mutante;Resíduo Infecto Mutagênico
Assassino;Pés;9;Necrópole Industrial;Lendário;Vermelho;81–90;Sapatilhas;Sapatilhas de Passo Carmesim;Arsenal;Microgarras Titânicas;Patrulha;Fibra de Compressão Pesada;Tecnovarredura;Selo de Marcha Carmesim;Garra Rubra Saturada;Resíduo Infecto Saturado
Assassino;Pés;10;Marco Zero;Lendário;Vermelho;91–100;Sapatilhas;Sapatilhas do Eclipse Rubro;Arsenal;Garra Titânica do Marco;Patrulha;Fibra Escarlate de Tração;Tecnovarredura;Célula Rubra de Silêncio;Osso do Colapso;Resíduo Infecto Saturado
Médico;Main Hand;1;Subúrbio Silencioso;Comum;Branco;0–5;Serra;Serra de Emergência Quebrada;Tecnovarredura;Motor de Cortador Quebrado;Coleta;Faixa de Socorro Rasgada;Contenção;Antisséptico Vencido;Tendão Frágil Infectado;Resíduo Infecto Pálido
Médico;Main Hand;1;Subúrbio Silencioso;Comum;Branco;6–10;Desfibrilador;Desfibrilador de Rádio Improvisado;Tecnovarredura;Bateria de Rádio Quebrada;Coleta;Cabo de Extensão Gasto;Contenção;Eletrodo de Borracha Sujo;Glândula Fétida Infectada;Resíduo Infecto Pálido
Médico;Main Hand;2;Distrito da Ferrugem;Comum;Branco;11–15;Serra;Serra de Oficina Médica Oxidada;Tecnovarredura;Módulo de Serra Oxidado;Coleta;Tira de Uniforme Paramédico;Contenção;Cartucho Filtrante Oxidado;Carapaça Oleosa Ressecada;Resíduo Infecto Pálido
Médico;Main Hand;2;Distrito da Ferrugem;Comum;Branco;16–20;Desfibrilador;Desfibrilador de Bobina Enferrujada;Tecnovarredura;Bobina de Choque Oxidada;Coleta;Luva de Borracha Gasta;Contenção;Isolador de Oficina;Nervo Ressecado;Resíduo Infecto Pálido
Médico;Main Hand;3;Hospital Santa Ruína;Incomum;Amarelo;21–25;Serra;Serra Cirúrgica de Triagem;Tecnovarredura;Motor Cirúrgico Quebrado;Coleta;Faixa Esterilizada Amarelada;Contenção;Selo de Isolamento Clínico;Cartilagem Necrosada;Resíduo Infecto Amarelado
Médico;Main Hand;3;Hospital Santa Ruína;Incomum;Amarelo;26–30;Desfibrilador;Desfibrilador de Leito Clínico;Tecnovarredura;Placa de Desfibrilador Rachada;Coleta;Cabo de Eletrodo Hospitalar;Contenção;Gel Condutor Vencido;Coração Necrosado;Resíduo Infecto Amarelado
Médico;Main Hand;4;Terminal dos Esquecidos;Incomum;Amarelo;31–35;Serra;Serra de Resgate do Terminal;Tecnovarredura;Motor de Porta Automática;Coleta;Alça de Kit de Resgate;Contenção;Isolante de Painel Sanitário;Nervo Calcificado;Resíduo Infecto Amarelado
Médico;Main Hand;4;Terminal dos Esquecidos;Incomum;Amarelo;36–40;Desfibrilador;Desfibrilador de Cabine de Emergência;Tecnovarredura;Capacitor de Cabine;Coleta;Manta de Emergência Rasgada;Contenção;Lacre de Maleta Médica;Fluido Escurecido;Resíduo Infecto Amarelado
Médico;Main Hand;5;Zona de Quarentena 9;Raro;Verde;41–45;Serra;Serra de Contenção Verde;Tecnovarredura;Atuador de Corte Sanitário;Coleta;Cinta de Colete Clínico;Contenção;Ampola Selante Verde;Nervo Infectado;Resíduo Infecto Tóxico
Médico;Main Hand;5;Zona de Quarentena 9;Raro;Verde;46–50;Desfibrilador;Desfibrilador de Quarentena;Tecnovarredura;Bateria de Choque Verde;Coleta;Manguito Antimordida;Contenção;Gel Condutor Tóxico;Coração Selado Infectado;Resíduo Infecto Tóxico
Médico;Main Hand;6;Refinaria do Pó Cinzento;Raro;Verde;51–55;Serra;Serra de Cautério Cinzento;Tecnovarredura;Motor de Cautério Industrial;Coleta;Luva Química Queimada;Contenção;Pasta Isolante Cinzenta;Glândula Carbonizada;Resíduo Infecto Tóxico
Médico;Main Hand;6;Refinaria do Pó Cinzento;Raro;Verde;56–60;Desfibrilador;Desfibrilador de Vapor Cinzento;Tecnovarredura;Condensador de Choque Cinzento;Coleta;Avental Emborrachado Queimado;Contenção;Selo Químico de Vapor;Tendão Enrijecido;Resíduo Infecto Tóxico
Médico;Main Hand;7;Avenida dos Caídos;Épico;Roxo;61–65;Serra;Serra de Resgate Mutagênica;Tecnovarredura;Motor de Resgate Blindado;Coleta;Cinto de Maca Tática;Contenção;Cápsula Cerâmica Roxa;Mandíbula Mutagênica;Resíduo Infecto Mutagênico
Médico;Main Hand;7;Avenida dos Caídos;Épico;Roxo;66–70;Desfibrilador;Desfibrilador Antimotim;Tecnovarredura;Núcleo de Choque Policial;Coleta;Colete Paramédico Rasgado;Contenção;Selo Balístico Instável;Coração Mutado;Resíduo Infecto Mutagênico
Médico;Main Hand;8;Complexo Helix;Épico;Roxo;71–75;Serra;Serra Helix de Microcorte;Tecnovarredura;Microserra Helix;Coleta;Trama de Polímero Clínico;Contenção;Cápsula de Contenção Helix;Cartilagem Mutante;Resíduo Infecto Mutagênico
Médico;Main Hand;8;Complexo Helix;Épico;Roxo;76–80;Desfibrilador;Desfibrilador Neural Helix;Tecnovarredura;Atuador Neural de Choque;Coleta;Revestimento Sintético Clínico;Contenção;Módulo Cerâmico Helix;Glândula Sensorial Mutante;Resíduo Infecto Mutagênico
Médico;Main Hand;9;Necrópole Industrial;Lendário;Vermelho;81–85;Serra;Serra Necroclínica Carmesim;Tecnovarredura;Rotor Titânico Clínico;Coleta;Malha de Fibra Médica;Contenção;Núcleo de Vedação Carmesim;Tendão Saturado;Resíduo Infecto Saturado
Médico;Main Hand;9;Necrópole Industrial;Lendário;Vermelho;86–90;Desfibrilador;Desfibrilador Carmesim da Necrópole;Tecnovarredura;Condutor Carmesim de Choque;Coleta;Rede de Fibra Bioelétrica;Contenção;Câmara Necrótica Selada;Coração Saturado;Resíduo Infecto Saturado
Médico;Main Hand;10;Marco Zero;Lendário;Vermelho;91–95;Serra;Serra do Marco Zero;Tecnovarredura;Lâmina Rubra de Microcorte;Coleta;Manta de Fibra Escarlate Médica;Contenção;Núcleo Rubro de Esterilização;Tecido Neural do Colapso;Resíduo Infecto Saturado
Médico;Main Hand;10;Marco Zero;Lendário;Vermelho;96–100;Desfibrilador;Desfibrilador do Último Pulso;Tecnovarredura;Núcleo de Reanimação Rubro;Coleta;Trança de Fibra de Pulso;Contenção;Selo Final de Contenção;Núcleo Vivo do Colapso;Resíduo Infecto Saturado
Médico;Off Hand;1;Subúrbio Silencioso;Comum;Branco;0–10;Injetor;Injetor de Soro Rachado;Tecnovarredura;Seringa Pneumática Quebrada;Coleta;Tubo de Soro Velho;Contenção;Ampola Vazia Suja;Glândula Fétida Infectada;Resíduo Infecto Pálido
Médico;Off Hand;2;Distrito da Ferrugem;Comum;Branco;11–20;Injetor;Injetor de Oficina Oxidado;Tecnovarredura;Pistão Pneumático Oxidado;Coleta;Bolsa de Socorro Gasta;Contenção;Ampola Selante Oxidada;Carapaça Oleosa Ressecada;Resíduo Infecto Pálido
Médico;Off Hand;3;Hospital Santa Ruína;Incomum;Amarelo;21–30;Injetor;Injetor de Triagem Clínica;Tecnovarredura;Válvula Hipodérmica Clínica;Coleta;Tubo de Soro Hospitalar;Contenção;Lacre Estéril Amarelado;Bile Necrosada;Resíduo Infecto Amarelado
Médico;Off Hand;4;Terminal dos Esquecidos;Incomum;Amarelo;31–40;Injetor;Injetor de Emergência do Terminal;Tecnovarredura;Módulo de Maleta DEA;Coleta;Correia de Bolsa Médica;Contenção;Cartucho Sanitário de Cabine;Fluido Escurecido;Resíduo Infecto Amarelado
Médico;Off Hand;5;Zona de Quarentena 9;Raro;Verde;41–50;Injetor;Injetor de Quarentena Verde;Tecnovarredura;Pistão de Dose Sanitária;Coleta;Cinta de Ampolas Verdes;Contenção;Selante Bioquímico Verde;Secreção Tóxica;Resíduo Infecto Tóxico
Médico;Off Hand;6;Refinaria do Pó Cinzento;Raro;Verde;51–60;Injetor;Injetor de Reagente Cinzento;Tecnovarredura;Válvula de Pressão Cinzenta;Coleta;Luva Química Carbonizada;Contenção;Cápsula Química Ressecada;Glândula Carbonizada;Resíduo Infecto Tóxico
Médico;Off Hand;7;Avenida dos Caídos;Épico;Roxo;61–70;Injetor;Injetor Mutagênico de Campo;Tecnovarredura;Propulsor Hipodérmico Roxo;Coleta;Bolsa Tática de Ampolas;Contenção;Cartucho Cerâmico Roxo;Pulmão Mutagênico;Resíduo Infecto Mutagênico
Médico;Off Hand;8;Complexo Helix;Épico;Roxo;71–80;Injetor;Injetor Helix de Estabilização;Tecnovarredura;Atuador de Dosagem Helix;Coleta;Revestimento de Polímero Estéril;Contenção;Ampola Cerâmica Helix;Secreção Mutante;Resíduo Infecto Mutagênico
Médico;Off Hand;9;Necrópole Industrial;Lendário;Vermelho;81–90;Injetor;Injetor Carmesim de Reanimação;Tecnovarredura;Núcleo de Dosagem Carmesim;Coleta;Malha de Fibra de Ampolas;Contenção;Câmara de Vedação Carmesim;Vesícula Saturada;Resíduo Infecto Saturado
Médico;Off Hand;10;Marco Zero;Lendário;Vermelho;91–100;Injetor;Injetor do Marco Zero;Tecnovarredura;Atuador Rubro de Dose Final;Coleta;Fibra Escarlate de Suporte;Contenção;Núcleo Rubro de Esterilização;Tecido Primordial Infectado;Resíduo Infecto Saturado
Médico;Elmo;1;Subúrbio Silencioso;Comum;Branco;0–10;Máscara;Máscara Clínica Rasgada;Tecnovarredura;Clipe de Respirador Quebrado;Coleta;Tira de Máscara Gasta;Contenção;Filtro Pálido Sujo;Membrana Pálida Infectada;Resíduo Infecto Pálido
Médico;Elmo;2;Distrito da Ferrugem;Comum;Branco;11–20;Máscara;Máscara de Oficina Médica;Tecnovarredura;Válvula de Respirador Oxidada;Coleta;Elástico de Uniforme Oleoso;Contenção;Cartucho Filtrante Oxidado;Couro Ressecado;Resíduo Infecto Pálido
Médico;Elmo;3;Hospital Santa Ruína;Incomum;Amarelo;21–30;Máscara;Máscara de Isolamento Clínico;Tecnovarredura;Sensor de Respiração Quebrado;Coleta;Touca Cirúrgica Reforçada;Contenção;Vedação de Máscara Clínica;Pele Necrosada;Resíduo Infecto Amarelado
Médico;Elmo;4;Terminal dos Esquecidos;Incomum;Amarelo;31–40;Máscara;Máscara de Cabine Sanitária;Tecnovarredura;Módulo de Purificador de Cabine;Coleta;Alça de Máscara de Viagem;Contenção;Filtro de Cabine Amarelado;Mandíbula Escurecida;Resíduo Infecto Amarelado
Médico;Elmo;5;Zona de Quarentena 9;Raro;Verde;41–50;Máscara;Máscara de Quarentena Verde;Tecnovarredura;Válvula Sanitária Verde;Coleta;Forro Antimordida Clínico;Contenção;Cartucho de Quarentena Verde;Pulmão Selado Infectado;Resíduo Infecto Tóxico
Médico;Elmo;6;Refinaria do Pó Cinzento;Raro;Verde;51–60;Máscara;Máscara de Vapor Cinzento;Tecnovarredura;Sensor de Vapores Cinzento;Coleta;Gola de Borracha Química;Contenção;Filtro de Vapor Ressecado;Mandíbula Carbonizada;Resíduo Infecto Tóxico
Médico;Elmo;7;Avenida dos Caídos;Épico;Roxo;61–70;Máscara;Máscara de Resgate Mutagênico;Tecnovarredura;Microvisor de Campo Roxo;Coleta;Balaclava Paramédica Rasgada;Contenção;Inserto Cerâmico Respiratório;Placa Óssea Mutagênica;Resíduo Infecto Mutagênico
Médico;Elmo;8;Complexo Helix;Épico;Roxo;71–80;Máscara;Máscara Helix de Biofiltro;Tecnovarredura;Módulo Respiratório Helix;Coleta;Polímero Craniano Estéril;Contenção;Cápsula Biofiltrante Helix;Glândula Sensorial Mutante;Resíduo Infecto Mutagênico
Médico;Elmo;9;Necrópole Industrial;Lendário;Vermelho;81–90;Máscara;Máscara Carmesim de Contenção;Tecnovarredura;Interface Ocular Carmesim;Coleta;Trama de Fibra Facial;Contenção;Núcleo de Respiração Carmesim;Placa Óssea Saturada;Resíduo Infecto Saturado
Médico;Elmo;10;Marco Zero;Lendário;Vermelho;91–100;Máscara;Máscara do Marco Zero;Tecnovarredura;Visor Rubro de Bioleitura;Coleta;Forro de Fibra Escarlate;Contenção;Núcleo Rubro de Respiração;Pele do Colapso;Resíduo Infecto Saturado
Médico;Armadura;1;Subúrbio Silencioso;Comum;Branco;0–10;Colete;Colete de Primeiros Socorros;Tecnovarredura;Rádio Médico Quebrado;Coleta;Bolsa de Curativo Rasgada;Contenção;Espuma Antisséptica Suja;Osso Frágil Infectado;Resíduo Infecto Pálido
Médico;Armadura;2;Distrito da Ferrugem;Comum;Branco;11–20;Colete;Colete Paramédico Enferrujado;Tecnovarredura;Placa de Rádio Oxidada;Coleta;Bolsa de Ferramentas Médicas Gasta;Contenção;Vedação de Oficina Sanitária;Costela Ressecada;Resíduo Infecto Pálido
Médico;Armadura;3;Hospital Santa Ruína;Incomum;Amarelo;21–30;Colete;Colete de Triagem Clínica;Tecnovarredura;Monitor Portátil Rachado;Coleta;Avental Hospitalar Grosso;Contenção;Placa de Isolamento Clínico;Costela Necrosada;Resíduo Infecto Amarelado
Médico;Armadura;4;Terminal dos Esquecidos;Incomum;Amarelo;31–40;Colete;Colete de Resgate do Terminal;Tecnovarredura;Rastreador de Maleta de Emergência;Coleta;Manta de Emergência Desfiada;Contenção;Lacre Sanitário de Cabine;Escápula Calcificada;Resíduo Infecto Amarelado
Médico;Armadura;5;Zona de Quarentena 9;Raro;Verde;41–50;Colete;Colete de Quarentena Verde;Tecnovarredura;Módulo de Alarme Sanitário;Coleta;Colete Antimordida Rasgado;Contenção;Resina de Quarentena Verde;Placa Óssea Selada;Resíduo Infecto Tóxico
Médico;Armadura;6;Refinaria do Pó Cinzento;Raro;Verde;51–60;Colete;Colete de Vapor Cinzento;Tecnovarredura;Medidor de Pressão Queimado;Coleta;Avental de Borracha Carbonizado;Contenção;Vedação de Vapor Cinzenta;Placa Óssea Carbonizada;Resíduo Infecto Tóxico
Médico;Armadura;7;Avenida dos Caídos;Épico;Roxo;61–70;Colete;Colete de Campo Mutagênico;Tecnovarredura;Sensor Balístico Médico;Coleta;Colete Tático Paramédico;Contenção;Placa Cerâmica Roxa;Costela Mutagênica;Resíduo Infecto Mutagênico
Médico;Armadura;8;Complexo Helix;Épico;Roxo;71–80;Colete;Colete Helix de Estabilização;Tecnovarredura;Interface de Bioleitura Helix;Coleta;Revestimento de Polímero Clínico;Contenção;Célula Cerâmica de Contenção;Placa Óssea Mutante;Resíduo Infecto Mutagênico
Médico;Armadura;9;Necrópole Industrial;Lendário;Vermelho;81–90;Colete;Colete Carmesim da Necrópole;Tecnovarredura;Núcleo Bioelétrico Carmesim;Coleta;Malha de Fibra Médica;Contenção;Câmara de Vedação Carmesim;Costela Saturada;Resíduo Infecto Saturado
Médico;Armadura;10;Marco Zero;Lendário;Vermelho;91–100;Colete;Colete do Último Socorro;Tecnovarredura;Módulo Final de Reanimação;Coleta;Manta de Fibra Rubra;Contenção;Núcleo Rubro de Quarentena;Carapaça do Colapso;Resíduo Infecto Saturado
Médico;Pernas;1;Subúrbio Silencioso;Comum;Branco;0–10;Calças;Calças de Socorro Rasgadas;Tecnovarredura;Fivela de Monitor Quebrada;Coleta;Retalho de Calça Grossa;Contenção;Gaze Filtrante Suja;Rótula Frágil Infectada;Resíduo Infecto Pálido
Médico;Pernas;2;Distrito da Ferrugem;Comum;Branco;11–20;Calças;Calças de Oficina Sanitária;Tecnovarredura;Sensor de Ferramenta Oxidado;Coleta;Bainha de Uniforme Gasta;Contenção;Anel de Vedação Oxidado;Patela Ressecada;Resíduo Infecto Pálido
Médico;Pernas;3;Hospital Santa Ruína;Incomum;Amarelo;21–30;Calças;Calças de Triagem Clínica;Tecnovarredura;Cabo de Monitor Clínico;Coleta;Acolchoado de Maca;Contenção;Manta de Isolamento Clínico;Tíbia Necrosada;Resíduo Infecto Amarelado
Médico;Pernas;4;Terminal dos Esquecidos;Incomum;Amarelo;31–40;Calças;Calças de Emergência do Terminal;Tecnovarredura;Chip de Catraca Médica;Coleta;Tapete de Embarque Desfiado;Contenção;Revestimento de Cabine Sanitária;Escápula Calcificada;Resíduo Infecto Amarelado
Médico;Pernas;5;Zona de Quarentena 9;Raro;Verde;41–50;Calças;Calças de Quarentena Leve;Tecnovarredura;Sensor de Gás Verde;Coleta;Acolchoado Antimordida;Contenção;Cápsula de Resina Verde;Tíbia Selada Infectada;Resíduo Infecto Tóxico
Médico;Pernas;6;Refinaria do Pó Cinzento;Raro;Verde;51–60;Calças;Calças de Vedação Cinzenta;Tecnovarredura;Relé de Refinaria;Coleta;Avental de Borracha Carbonizado;Contenção;Junta de Pressão Cinzenta;Osso Carbonizado;Resíduo Infecto Tóxico
Médico;Pernas;7;Avenida dos Caídos;Épico;Roxo;61–70;Calças;Calças de Resgate Mutagênico;Tecnovarredura;Sensor de Movimento Roxo;Coleta;Joelheira Paramédica Rasgada;Contenção;Placa Cerâmica de Joelho;Rótula Mutagênica;Resíduo Infecto Mutagênico
Médico;Pernas;8;Complexo Helix;Épico;Roxo;71–80;Calças;Calças Articuladas Helix;Tecnovarredura;Atuador de Joelho Helix;Coleta;Polímero Articulado Clínico;Contenção;Selo Biocerâmico Helix;Placa Óssea Mutante;Resíduo Infecto Mutagênico
Médico;Pernas;9;Necrópole Industrial;Lendário;Vermelho;81–90;Calças;Calças Carmesim de Estabilização;Tecnovarredura;Câmara de Movimento Carmesim;Coleta;Trama de Fibra Pesada;Contenção;Módulo de Vedação Articular;Placa Óssea Saturada;Resíduo Infecto Saturado
Médico;Pernas;10;Marco Zero;Lendário;Vermelho;91–100;Calças;Calças do Marco Zero;Tecnovarredura;Módulo de Passo Final;Coleta;Fibra Rubra Articulada;Contenção;Núcleo Rubro Articular;Vértebra do Colapso;Resíduo Infecto Saturado
Médico;Pés;1;Subúrbio Silencioso;Comum;Branco;0–10;Sapatos;Sapatos de Enfermagem Gastos;Tecnovarredura;Pilha de Lanterna Clínica;Coleta;Couro de Sapato Gasto;Contenção;Palmilha Filtrante Suja;Garra Frágil Infectada;Resíduo Infecto Pálido
Médico;Pés;2;Distrito da Ferrugem;Comum;Branco;11–20;Sapatos;Sapatos de Oficina Sanitária;Tecnovarredura;Sensor de Porta Oxidado;Coleta;Cadarço de Uniforme Gasto;Contenção;Vedação de Graxa Seca;Couro Ressecado;Resíduo Infecto Pálido
Médico;Pés;3;Hospital Santa Ruína;Incomum;Amarelo;21–30;Sapatos;Sapatos de Enfermaria Selada;Tecnovarredura;Sensor de Oxímetro;Coleta;Cobertura Cirúrgica Rasgada;Contenção;Película Antisséptica Rachada;Pele Necrosada;Resíduo Infecto Amarelado
Médico;Pés;4;Terminal dos Esquecidos;Incomum;Amarelo;31–40;Sapatos;Sapatos de Resgate do Terminal;Tecnovarredura;Chip de Esteira de Bagagem;Coleta;Tapete de Piso Emborrachado;Contenção;Manta Isolante de Cabine;Garra Calcificada;Resíduo Infecto Amarelado
Médico;Pés;5;Zona de Quarentena 9;Raro;Verde;41–50;Sapatos;Sapatos de Quarentena Verde;Tecnovarredura;Detector de Gás Verde;Coleta;Manguito Antimordida Leve;Contenção;Gel de Desinfecção Coagulado;Osso Selado Infectado;Resíduo Infecto Tóxico
Médico;Pés;6;Refinaria do Pó Cinzento;Raro;Verde;51–60;Sapatos;Sapatos de Vapor Cinzento;Tecnovarredura;Sensor de Vapor Cinzento;Coleta;Sola de Borracha Vulcanizada;Contenção;Pasta de Vedação Cinzenta;Osso Carbonizado;Resíduo Infecto Tóxico
Médico;Pés;7;Avenida dos Caídos;Épico;Roxo;61–70;Sapatos;Sapatos de Campo Mutagênico;Tecnovarredura;Módulo de Passo Instável;Coleta;Reforço de Polímero de Tornozelo;Contenção;Inserto Cerâmico Roxo;Garra Mutagênica;Resíduo Infecto Mutagênico
Médico;Pés;8;Complexo Helix;Épico;Roxo;71–80;Sapatos;Sapatos de Tração Helix;Tecnovarredura;Atuador de Tração Helix;Coleta;Revestimento de Polímero Translúcido;Contenção;Cartucho Cerâmico Helix;Nervo Biomecânico Mutante;Resíduo Infecto Mutagênico
Médico;Pés;9;Necrópole Industrial;Lendário;Vermelho;81–90;Sapatos;Sapatos de Marcha Carmesim;Tecnovarredura;Núcleo de Passo Carmesim;Coleta;Fibra de Compressão Pesada;Contenção;Selo de Marcha Carmesim;Garra Rubra Saturada;Resíduo Infecto Saturado
Médico;Pés;10;Marco Zero;Lendário;Vermelho;91–100;Sapatos;Sapatos do Último Passo;Tecnovarredura;Atuador Rubro do Marco;Coleta;Fibra Escarlate de Tração;Contenção;Célula Rubra de Impacto;Osso do Colapso;Resíduo Infecto Saturado
Atirador;Main Hand;1;Subúrbio Silencioso;Comum;Branco;0–5;Rifle;Rifle de Cano Curto;Arsenal;Cano de Espingarda Velha;Patrulha;Bandoleira de Pano Gasto;Desmanche;Apoio de Madeira Rachado;Membrana Pálida Infectada;Resíduo Infecto Pálido
Atirador;Main Hand;1;Subúrbio Silencioso;Comum;Branco;6–10;Pistola;Pistola de Gaveta Quebrada;Arsenal;Ferrolho de Pistola Gasto;Patrulha;Coldre de Cinto Rasgado;Desmanche;Punho de Madeira Lascada;Garra Frágil Infectada;Resíduo Infecto Pálido
Atirador;Main Hand;2;Distrito da Ferrugem;Comum;Branco;11–15;Rifle;Rifle de Oficina Oxidado;Arsenal;Cano Oxidado de Carabina;Patrulha;Bandoleira Oleosa;Desmanche;Suporte de Bancada Enferrujado;Crânio Ressecado;Resíduo Infecto Pálido
Atirador;Main Hand;2;Distrito da Ferrugem;Comum;Branco;16–20;Pistola;Pistola de Chapa Enferrujada;Arsenal;Tambor Oxidado de Revólver;Patrulha;Coldre de Uniforme Gasto;Desmanche;Placa de Oficina Recortada;Osso Lascado;Resíduo Infecto Pálido
Atirador;Main Hand;3;Hospital Santa Ruína;Incomum;Amarelo;21–25;Rifle;Rifle de Dardos Clínicos;Arsenal;Lançador de Dardos Clínicos;Patrulha;Cinta de Maca Ajustável;Desmanche;Trilho de Leito Hospitalar;Glândula Necrosada;Resíduo Infecto Amarelado
Atirador;Main Hand;3;Hospital Santa Ruína;Incomum;Amarelo;26–30;Pistola;Pistola de Sedativo Quebrada;Arsenal;Câmara de Sedativo Pressurizada;Patrulha;Bolsa Paramédica Rasgada;Desmanche;Punho de Aço Clínico;Falange Necrosada;Resíduo Infecto Amarelado
Atirador;Main Hand;4;Terminal dos Esquecidos;Incomum;Amarelo;31–35;Rifle;Rifle de Sinalização de Embarque;Arsenal;Cano de Sinalizador Longo;Patrulha;Correia de Bagagem Reforçada;Desmanche;Placa de Embarque Recortada;Olho Calcificado;Resíduo Infecto Amarelado
Atirador;Main Hand;4;Terminal dos Esquecidos;Incomum;Amarelo;36–40;Pistola;Pistola de Segurança do Terminal;Arsenal;Mecanismo de Pistola de Segurança;Patrulha;Coldre de Agente Rasgado;Desmanche;Painel de Catraca Quebrado;Nervo Calcificado;Resíduo Infecto Amarelado
Atirador;Main Hand;5;Zona de Quarentena 9;Raro;Verde;41–45;Rifle;Rifle de Contenção Verde;Arsenal;Cano de Contenção Selado;Patrulha;Bandoleira Sanitária;Desmanche;Trilho de Barreira Verde;Glândula Contaminada;Resíduo Infecto Tóxico
Atirador;Main Hand;5;Zona de Quarentena 9;Raro;Verde;46–50;Pistola;Pistola de Quarentena Selada;Arsenal;Ferrolho Sanitário Verde;Patrulha;Coldre Antimordida;Desmanche;Placa de Porta Selada;Nervo Infectado;Resíduo Infecto Tóxico
Atirador;Main Hand;6;Refinaria do Pó Cinzento;Raro;Verde;51–55;Rifle;Rifle de Fuligem Cinzenta;Arsenal;Cano Industrial Queimado;Patrulha;Bandoleira Antióleo;Desmanche;Suporte de Caldeira Serrado;Crânio Carbonizado;Resíduo Infecto Tóxico
Atirador;Main Hand;6;Refinaria do Pó Cinzento;Raro;Verde;56–60;Pistola;Pistola de Pressão da Refinaria;Arsenal;Câmara de Pressão Cinzenta;Patrulha;Coldre de Borracha Queimada;Desmanche;Válvula de Refinaria;Osso Carbonizado;Resíduo Infecto Tóxico
Atirador;Main Hand;7;Avenida dos Caídos;Épico;Roxo;61–65;Rifle;Rifle Antimotim Roxo;Arsenal;Cano Balístico de Viatura;Patrulha;Bandoleira Tática Rompida;Desmanche;Calha de Viatura Blindada;Retina Mutagênica;Resíduo Infecto Mutagênico
Atirador;Main Hand;7;Avenida dos Caídos;Épico;Roxo;66–70;Pistola;Pistola de Patrulha Mutagênica;Arsenal;Ferrolho Balístico Roxo;Patrulha;Coldre Policial Rasgado;Desmanche;Placa Antimotim Recortada;Garra Mutagênica;Resíduo Infecto Mutagênico
Atirador;Main Hand;8;Complexo Helix;Épico;Roxo;71–75;Rifle;Rifle Helix de Precisão;Arsenal;Câmara Helix de Disparo;Patrulha;Cinta de Polímero Helix;Desmanche;Trilho Experimental Helix;Olho Sensorial Mutante;Resíduo Infecto Mutagênico
Atirador;Main Hand;8;Complexo Helix;Épico;Roxo;76–80;Pistola;Pistola de Pulso Experimental;Arsenal;Emissor de Pulso Helix;Patrulha;Coldre Translúcido Helix;Desmanche;Carcaça de Atuador Helix;Nervo Biomecânico Mutante;Resíduo Infecto Mutagênico
Atirador;Main Hand;9;Necrópole Industrial;Lendário;Vermelho;81–85;Rifle;Rifle Carmesim da Necrópole;Arsenal;Cano Titânico Carmesim;Patrulha;Bandoleira de Fibra Pesada;Desmanche;Trilho Necroindustrial;Nervo Saturado;Resíduo Infecto Saturado
Atirador;Main Hand;9;Necrópole Industrial;Lendário;Vermelho;86–90;Pistola;Pistola Titânica de Execução;Arsenal;Núcleo de Disparo Carmesim;Patrulha;Coldre de Fibra Tática;Desmanche;Placa Titânica Cortante;Dente de Triturador Saturado;Resíduo Infecto Saturado
Atirador;Main Hand;10;Marco Zero;Lendário;Vermelho;91–95;Rifle;Rifle do Marco Zero;Arsenal;Cano Rubro do Marco;Patrulha;Trança de Fibra Escarlate;Desmanche;Suporte Titânico do Marco;Glândula Radioinfecta Saturada;Resíduo Infecto Saturado
Atirador;Main Hand;10;Marco Zero;Lendário;Vermelho;96–100;Pistola;Pistola da Última Bala;Arsenal;Câmara Final de Disparo;Patrulha;Coldre Escarlate Saturado;Desmanche;Núcleo de Recuo Titânico;Pinça Saturada do Colapso;Resíduo Infecto Saturado
Atirador;Off Hand;1;Subúrbio Silencioso;Comum;Branco;0–10;Carregador;Carregador de Lata Amassada;Arsenal;Pente de Munição Velho;Patrulha;Bolsa de Munição Rasgada;Desmanche;Lata Metálica Amassada;Glândula Fétida Infectada;Resíduo Infecto Pálido
Atirador;Off Hand;2;Distrito da Ferrugem;Comum;Branco;11–20;Carregador;Carregador de Oficina Oxidado;Arsenal;Mola de Carregador Oxidada;Patrulha;Porta-munição Oleoso;Desmanche;Caixa de Ferramenta Recortada;Carapaça Oleosa Ressecada;Resíduo Infecto Pálido
Atirador;Off Hand;3;Hospital Santa Ruína;Incomum;Amarelo;21–30;Carregador;Carregador de Triagem Clínica;Arsenal;Tambor de Dardos Clínicos;Patrulha;Estojo de Ampolas Rasgado;Desmanche;Bandeja de Instrumentos Dobrada;Bile Necrosada;Resíduo Infecto Amarelado
Atirador;Off Hand;4;Terminal dos Esquecidos;Incomum;Amarelo;31–40;Carregador;Carregador de Embarque Rápido;Arsenal;Cartucho de Sinalização;Patrulha;Porta-cartuchos de Bagagem;Desmanche;Painel de Bilheteria Recortado;Muco Amarelado;Resíduo Infecto Amarelado
Atirador;Off Hand;5;Zona de Quarentena 9;Raro;Verde;41–50;Carregador;Carregador de Quarentena Verde;Arsenal;Pente Selado Verde;Patrulha;Bolsa Sanitária de Cartuchos;Desmanche;Placa de Barreira Selada;Secreção Tóxica;Resíduo Infecto Tóxico
Atirador;Off Hand;6;Refinaria do Pó Cinzento;Raro;Verde;51–60;Carregador;Carregador de Fuligem Pesada;Arsenal;Mola Industrial Queimada;Patrulha;Estojo Antióleo;Desmanche;Caixa de Válvulas Cinzenta;Glândula Carbonizada;Resíduo Infecto Tóxico
Atirador;Off Hand;7;Avenida dos Caídos;Épico;Roxo;61–70;Carregador;Carregador Antimotim Instável;Arsenal;Tambor Balístico Roxo;Patrulha;Bolsa Tática Rasgada;Desmanche;Placa de Viatura Quebrada;Pulmão Mutagênico;Resíduo Infecto Mutagênico
Atirador;Off Hand;8;Complexo Helix;Épico;Roxo;71–80;Carregador;Carregador Helix Pressurizado;Arsenal;Pente Modular Helix;Patrulha;Estojo de Polímero Helix;Desmanche;Cápsula Experimental Helix;Secreção Mutante;Resíduo Infecto Mutagênico
Atirador;Off Hand;9;Necrópole Industrial;Lendário;Vermelho;81–90;Carregador;Carregador Carmesim da Necrópole;Arsenal;Tambor Titânico Carmesim;Patrulha;Rede de Fibra de Munição;Desmanche;Caixa Necroindustrial Selada;Vesícula Saturada;Resíduo Infecto Saturado
Atirador;Off Hand;10;Marco Zero;Lendário;Vermelho;91–100;Carregador;Carregador do Último Disparo;Arsenal;Núcleo de Munição Rubro;Patrulha;Envoltório de Fibra Escarlate;Desmanche;Câmara Titânica do Marco;Tecido Primordial Infectado;Resíduo Infecto Saturado
Atirador;Elmo;1;Subúrbio Silencioso;Comum;Branco;0–10;Viseira;Viseira de Mira Rachada;Arsenal;Lente de Mira Quebrada;Patrulha;Faixa de Boné Gasto;Desmanche;Armação de Óculos Quebrada;Membrana Pálida Infectada;Resíduo Infecto Pálido
Atirador;Elmo;2;Distrito da Ferrugem;Comum;Branco;11–20;Viseira;Viseira de Oficina Oxidada;Arsenal;Retículo Oxidado;Patrulha;Tira de Avental de Oficina;Desmanche;Armação de Solda Enferrujada;Couro Ressecado;Resíduo Infecto Pálido
Atirador;Elmo;3;Hospital Santa Ruína;Incomum;Amarelo;21–30;Viseira;Viseira de Triagem Balística;Arsenal;Sensor de Pulso Rachado;Patrulha;Touca de Resgate Reforçada;Desmanche;Arco de Protetor Facial;Pele Necrosada;Resíduo Infecto Amarelado
Atirador;Elmo;4;Terminal dos Esquecidos;Incomum;Amarelo;31–40;Viseira;Viseira de Embarque Tático;Arsenal;Lente de Segurança do Terminal;Patrulha;Tira de Bagageiro Acolchoada;Desmanche;Visor de Cabine Quebrado;Mandíbula Escurecida;Resíduo Infecto Amarelado
Atirador;Elmo;5;Zona de Quarentena 9;Raro;Verde;41–50;Viseira;Viseira de Quarentena Verde;Arsenal;Retículo Sanitário Verde;Patrulha;Forro Antimordida Tático;Desmanche;Moldura de Contenção Selada;Pulmão Selado Infectado;Resíduo Infecto Tóxico
Atirador;Elmo;6;Refinaria do Pó Cinzento;Raro;Verde;51–60;Viseira;Viseira de Vapor Cinzento;Arsenal;Lente Térmica Queimada;Patrulha;Gola de Borracha Queimada;Desmanche;Máscara de Solda Pesada;Mandíbula Carbonizada;Resíduo Infecto Tóxico
Atirador;Elmo;7;Avenida dos Caídos;Épico;Roxo;61–70;Viseira;Viseira Antimotim Roxa;Arsenal;Microvisor Balístico Roxo;Patrulha;Acolchoado Tático Rasgado;Desmanche;Casco de Capacete de Motim;Placa Óssea Mutagênica;Resíduo Infecto Mutagênico
Atirador;Elmo;8;Complexo Helix;Épico;Roxo;71–80;Viseira;Viseira Helix de Rastreamento;Arsenal;Módulo de Mira Helix;Patrulha;Revestimento de Polímero Craniano;Desmanche;Cúpula de Proteção Helix;Glândula Sensorial Mutante;Resíduo Infecto Mutagênico
Atirador;Elmo;9;Necrópole Industrial;Lendário;Vermelho;81–90;Viseira;Viseira Carmesim da Necrópole;Arsenal;Interface Ocular Carmesim;Patrulha;Trama de Fibra Craniana;Desmanche;Casco Titânico Industrial;Placa Óssea Saturada;Resíduo Infecto Saturado
Atirador;Elmo;10;Marco Zero;Lendário;Vermelho;91–100;Viseira;Viseira do Marco Zero;Arsenal;Visor Rubro de Precisão;Patrulha;Forro de Fibra Escarlate;Desmanche;Coroa Titânica do Marco;Pele do Colapso;Resíduo Infecto Saturado
Atirador;Armadura;1;Subúrbio Silencioso;Comum;Branco;0–10;Jaqueta;Jaqueta de Couro Furado;Arsenal;Cartucheira de Pano Gasto;Patrulha;Jaqueta de Couro Rasgada;Desmanche;Placa de Porta Leve;Osso Frágil Infectado;Resíduo Infecto Pálido
Atirador;Armadura;2;Distrito da Ferrugem;Comum;Branco;11–20;Jaqueta;Jaqueta de Oficina Oxidada;Arsenal;Porta-munição Oxidado;Patrulha;Macacão de Oficina Cortado;Desmanche;Lataria Enferrujada;Costela Ressecada;Resíduo Infecto Pálido
Atirador;Armadura;3;Hospital Santa Ruína;Incomum;Amarelo;21–30;Jaqueta;Jaqueta de Resgate Clínico;Arsenal;Bolso de Dardos Clínicos;Patrulha;Avental de Resgate Grosso;Desmanche;Estrutura de Maca Dobrada;Costela Necrosada;Resíduo Infecto Amarelado
Atirador;Armadura;4;Terminal dos Esquecidos;Incomum;Amarelo;31–40;Jaqueta;Jaqueta de Patrulha do Terminal;Arsenal;Cartucheira de Segurança;Patrulha;Jaqueta de Passageiro Reforçada;Desmanche;Painel de Bagageiro Amassado;Escápula Calcificada;Resíduo Infecto Amarelado
Atirador;Armadura;5;Zona de Quarentena 9;Raro;Verde;41–50;Jaqueta;Jaqueta de Quarentena Balística;Arsenal;Porta-cápsulas Verde;Patrulha;Colete Sanitário Rasgado;Desmanche;Painel de Barreira Selada;Placa Óssea Selada;Resíduo Infecto Tóxico
Atirador;Armadura;6;Refinaria do Pó Cinzento;Raro;Verde;51–60;Jaqueta;Jaqueta de Refinaria Blindada;Arsenal;Bolsa de Cartuchos Queimada;Patrulha;Avental Antióleo Reforçado;Desmanche;Placa de Caldeira Pesada;Placa Óssea Carbonizada;Resíduo Infecto Tóxico
Atirador;Armadura;7;Avenida dos Caídos;Épico;Roxo;61–70;Jaqueta;Jaqueta Antimotim do Atirador;Arsenal;Cinta de Munição Balística;Patrulha;Colete Tático Rasgado;Desmanche;Placa Antimotim Recortada;Costela Mutagênica;Resíduo Infecto Mutagênico
Atirador;Armadura;8;Complexo Helix;Épico;Roxo;71–80;Jaqueta;Jaqueta Helix de Precisão;Arsenal;Módulo de Recarga Helix;Patrulha;Revestimento de Polímero Helix;Desmanche;Carcaça Experimental Helix;Placa Óssea Mutante;Resíduo Infecto Mutagênico
Atirador;Armadura;9;Necrópole Industrial;Lendário;Vermelho;81–90;Jaqueta;Jaqueta Titânica da Necrópole;Arsenal;Câmara de Cartuchos Carmesim;Patrulha;Malha de Fibra Pesada;Desmanche;Couraça Titânica Industrial;Costela Saturada;Resíduo Infecto Saturado
Atirador;Armadura;10;Marco Zero;Lendário;Vermelho;91–100;Jaqueta;Jaqueta do Último Disparo;Arsenal;Porta-cargas Rubro;Patrulha;Manta de Fibra Rubra;Desmanche;Placas Titânicas do Marco;Carapaça do Colapso;Resíduo Infecto Saturado
Atirador;Pernas;1;Subúrbio Silencioso;Comum;Branco;0–10;Cargueiras;Cargueiras de Rua Rasgadas;Arsenal;Bolso de Munição Furado;Patrulha;Calça Cargo Rasgada;Desmanche;Fivela Metálica Amassada;Rótula Frágil Infectada;Resíduo Infecto Pálido
Atirador;Pernas;2;Distrito da Ferrugem;Comum;Branco;11–20;Cargueiras;Cargueiras de Oficina Oleosa;Arsenal;Porta-cartuchos Oxidado;Patrulha;Bainha de Uniforme Gasta;Desmanche;Painel de Lataria Curvado;Patela Ressecada;Resíduo Infecto Pálido
Atirador;Pernas;3;Hospital Santa Ruína;Incomum;Amarelo;21–30;Cargueiras;Cargueiras de Maca de Campo;Arsenal;Estojo de Dardos Clínicos;Patrulha;Acolchoado de Maca;Desmanche;Tala Metálica Hospitalar;Tíbia Necrosada;Resíduo Infecto Amarelado
Atirador;Pernas;4;Terminal dos Esquecidos;Incomum;Amarelo;31–40;Cargueiras;Cargueiras de Embarque Tático;Arsenal;Bolsa de Cartuchos de Sinalização;Patrulha;Tapete de Embarque Desfiado;Desmanche;Degrau de Escada Rolante;Escápula Calcificada;Resíduo Infecto Amarelado
Atirador;Pernas;5;Zona de Quarentena 9;Raro;Verde;41–50;Cargueiras;Cargueiras de Quarentena Verde;Arsenal;Clip de Cápsulas Verdes;Patrulha;Acolchoado Antimordida;Desmanche;Aro de Câmara de Desinfecção;Tíbia Selada Infectada;Resíduo Infecto Tóxico
Atirador;Pernas;6;Refinaria do Pó Cinzento;Raro;Verde;51–60;Cargueiras;Cargueiras de Pó Cinzento;Arsenal;Estojo de Munição Química;Patrulha;Avental de Borracha Carbonizado;Desmanche;Segmento de Duto Pesado;Osso Carbonizado;Resíduo Infecto Tóxico
Atirador;Pernas;7;Avenida dos Caídos;Épico;Roxo;61–70;Cargueiras;Cargueiras de Patrulha Mutagênica;Arsenal;Pente Balístico Roxo;Patrulha;Joelheira Tática Rasgada;Desmanche;Para-choque Blindado Recortado;Rótula Mutagênica;Resíduo Infecto Mutagênico
Atirador;Pernas;8;Complexo Helix;Épico;Roxo;71–80;Cargueiras;Cargueiras Articuladas Helix;Arsenal;Cartucho Modular Helix;Patrulha;Polímero Articulado Silencioso;Desmanche;Articulação Mecânica Helix;Placa Óssea Mutante;Resíduo Infecto Mutagênico
Atirador;Pernas;9;Necrópole Industrial;Lendário;Vermelho;81–90;Cargueiras;Cargueiras Carmesim de Fibra;Arsenal;Cilindro de Munição Carmesim;Patrulha;Trama de Fibra Pesada;Desmanche;Placa Tibial Titânica;Placa Óssea Saturada;Resíduo Infecto Saturado
Atirador;Pernas;10;Marco Zero;Lendário;Vermelho;91–100;Cargueiras;Cargueiras do Marco Zero;Arsenal;Porta-cargas do Marco;Patrulha;Fibra Rubra Articulada;Desmanche;Segmento Titânico de Exoesqueleto;Vértebra do Colapso;Resíduo Infecto Saturado
Atirador;Pés;1;Subúrbio Silencioso;Comum;Branco;0–10;Coturnos;Coturnos de Patrulha Gasta;Arsenal;Cravos de Cartucho Velho;Patrulha;Couro de Coturno Gasto;Desmanche;Biqueira de Lata Amassada;Garra Frágil Infectada;Resíduo Infecto Pálido
Atirador;Pés;2;Distrito da Ferrugem;Comum;Branco;11–20;Coturnos;Coturnos de Ferrugem Baixa;Arsenal;Rebites de Munição Oxidados;Patrulha;Cadarço de Uniforme Gasto;Desmanche;Cravos de Ferro Oxidados;Couro Ressecado;Resíduo Infecto Pálido
Atirador;Pés;3;Hospital Santa Ruína;Incomum;Amarelo;21–30;Coturnos;Coturnos de Enfermaria Tática;Arsenal;Agulhas de Dardo Clínico;Patrulha;Cobertura Cirúrgica Rasgada;Desmanche;Estribo de Leito Clínico;Pele Necrosada;Resíduo Infecto Amarelado
Atirador;Pés;4;Terminal dos Esquecidos;Incomum;Amarelo;31–40;Coturnos;Coturnos de Terminal Quebrado;Arsenal;Cartucho de Sinalizador Curto;Patrulha;Tapete de Piso Emborrachado;Desmanche;Rolete de Esteira de Bagagem;Garra Calcificada;Resíduo Infecto Amarelado
Atirador;Pés;5;Zona de Quarentena 9;Raro;Verde;41–50;Coturnos;Coturnos de Quarentena Verde;Arsenal;Cápsulas de Gás Verde;Patrulha;Manguito Antimordida Leve;Desmanche;Reforço de Barreira Selada;Osso Selado Infectado;Resíduo Infecto Tóxico
Atirador;Pés;6;Refinaria do Pó Cinzento;Raro;Verde;51–60;Coturnos;Coturnos de Refinaria Cinzenta;Arsenal;Cargas de Pólvora Cinzenta;Patrulha;Sola de Borracha Vulcanizada;Desmanche;Placa de Piso de Refinaria;Osso Carbonizado;Resíduo Infecto Tóxico
Atirador;Pés;7;Avenida dos Caídos;Épico;Roxo;61–70;Coturnos;Coturnos de Asfalto Balístico;Arsenal;Cravos Balísticos Roxos;Patrulha;Reforço de Polímero de Tornozelo;Desmanche;Pedal de Viatura Blindada;Garra Mutagênica;Resíduo Infecto Mutagênico
Atirador;Pés;8;Complexo Helix;Épico;Roxo;71–80;Coturnos;Coturnos de Tração Helix;Arsenal;Microcápsulas Helix;Patrulha;Revestimento de Polímero Translúcido;Desmanche;Junta Mecânica Helix;Nervo Biomecânico Mutante;Resíduo Infecto Mutagênico
Atirador;Pés;9;Necrópole Industrial;Lendário;Vermelho;81–90;Coturnos;Coturnos de Marcha Carmesim;Arsenal;Cartucho de Impacto Carmesim;Patrulha;Fibra de Compressão Pesada;Desmanche;Calcanhar Titânico Industrial;Garra Rubra Saturada;Resíduo Infecto Saturado
Atirador;Pés;10;Marco Zero;Lendário;Vermelho;91–100;Coturnos;Coturnos do Marco Zero;Arsenal;Carga Rubra de Tração;Patrulha;Fibra Escarlate de Tração;Desmanche;Solado Titânico do Marco;Osso do Colapso;Resíduo Infecto Saturado
