"item";"classe";"slot";"familia";"tier";"raridade";"mapa";"craftavel";"forca";"vitalidade";"agilidade";"precisao";"tecnica";"vontade";"descricao"
"Armadura de Retalhos Pesados";"Lutador";"ARMOR";"Armadura";"1";"COMMON";"Subúrbio Silencioso";"true";"2";"6";"0";"0";"0";"0";"Armadura de Tier 1 para Lutador. Receita do mapa Subúrbio Silencioso."
"Armadura de Placas Oxidadas";"Lutador";"ARMOR";"Armadura";"2";"COMMON";"Distrito da Ferrugem";"true";"4";"12";"0";"0";"0";"0";"Armadura de Tier 2 para Lutador. Receita do mapa Distrito da Ferrugem."
"Armadura de Maca Reforçada";"Lutador";"ARMOR";"Armadura";"3";"UNCOMMON";"Hospital Santa Ruína";"true";"6";"18";"0";"0";"0";"0";"Armadura de Tier 3 para Lutador. Receita do mapa Hospital Santa Ruína."
"Armadura de Bagageiro Rebitado";"Lutador";"ARMOR";"Armadura";"4";"UNCOMMON";"Terminal dos Esquecidos";"true";"8";"24";"0";"0";"0";"0";"Armadura de Tier 4 para Lutador. Receita do mapa Terminal dos Esquecidos."
"Armadura de Barreira Selada";"Lutador";"ARMOR";"Armadura";"5";"RARE";"Zona de Quarentena 9";"true";"10";"30";"0";"0";"0";"0";"Armadura de Tier 5 para Lutador. Receita do mapa Zona de Quarentena 9."
"Armadura de Caldeira Cinzenta";"Lutador";"ARMOR";"Armadura";"6";"RARE";"Refinaria do Pó Cinzento";"true";"12";"36";"0";"0";"0";"0";"Armadura de Tier 6 para Lutador. Receita do mapa Refinaria do Pó Cinzento."
"Armadura de Barricada Mutagênica";"Lutador";"ARMOR";"Armadura";"7";"EPIC";"Avenida dos Caídos";"true";"14";"42";"0";"0";"0";"0";"Armadura de Tier 7 para Lutador. Receita do mapa Avenida dos Caídos."
"Armadura de Carcaça Helix";"Lutador";"ARMOR";"Armadura";"8";"EPIC";"Complexo Helix";"true";"16";"48";"0";"0";"0";"0";"Armadura de Tier 8 para Lutador. Receita do mapa Complexo Helix."
"Armadura Titânica da Necrópole";"Lutador";"ARMOR";"Armadura";"9";"LEGENDARY";"Necrópole Industrial";"true";"18";"54";"0";"0";"0";"0";"Armadura de Tier 9 para Lutador. Receita do mapa Necrópole Industrial."
"Armadura do Marco Zero";"Lutador";"ARMOR";"Armadura";"10";"LEGENDARY";"Marco Zero";"true";"20";"60";"0";"0";"0";"0";"Armadura de Tier 10 para Lutador. Receita do mapa Marco Zero."
"Grevas de Tábua Remendada";"Lutador";"PANTS";"Grevas";"1";"COMMON";"Subúrbio Silencioso";"true";"0";"4";"2";"0";"0";"0";"Grevas de Tier 1 para Lutador. Receita do mapa Subúrbio Silencioso."
"Grevas de Lataria Oxidada";"Lutador";"PANTS";"Grevas";"2";"COMMON";"Distrito da Ferrugem";"true";"0";"8";"4";"0";"0";"0";"Grevas de Tier 2 para Lutador. Receita do mapa Distrito da Ferrugem."
"Grevas de Tala Clínica";"Lutador";"PANTS";"Grevas";"3";"UNCOMMON";"Hospital Santa Ruína";"true";"0";"12";"6";"0";"0";"0";"Grevas de Tier 3 para Lutador. Receita do mapa Hospital Santa Ruína."
"Grevas de Escada Rolante";"Lutador";"PANTS";"Grevas";"4";"UNCOMMON";"Terminal dos Esquecidos";"true";"0";"16";"8";"0";"0";"0";"Grevas de Tier 4 para Lutador. Receita do mapa Terminal dos Esquecidos."
"Grevas de Câmara Selada";"Lutador";"PANTS";"Grevas";"5";"RARE";"Zona de Quarentena 9";"true";"0";"20";"10";"0";"0";"0";"Grevas de Tier 5 para Lutador. Receita do mapa Zona de Quarentena 9."
"Grevas de Duto Cinzento";"Lutador";"PANTS";"Grevas";"6";"RARE";"Refinaria do Pó Cinzento";"true";"0";"24";"12";"0";"0";"0";"Grevas de Tier 6 para Lutador. Receita do mapa Refinaria do Pó Cinzento."
"Grevas de Para-choque Tático";"Lutador";"PANTS";"Grevas";"7";"EPIC";"Avenida dos Caídos";"true";"0";"28";"14";"0";"0";"0";"Grevas de Tier 7 para Lutador. Receita do mapa Avenida dos Caídos."
"Grevas de Articulação Helix";"Lutador";"PANTS";"Grevas";"8";"EPIC";"Complexo Helix";"true";"0";"32";"16";"0";"0";"0";"Grevas de Tier 8 para Lutador. Receita do mapa Complexo Helix."
"Grevas Titânicas da Necrópole";"Lutador";"PANTS";"Grevas";"9";"LEGENDARY";"Necrópole Industrial";"true";"0";"36";"18";"0";"0";"0";"Grevas de Tier 9 para Lutador. Receita do mapa Necrópole Industrial."
"Grevas de Marcha do Marco Zero";"Lutador";"PANTS";"Grevas";"10";"LEGENDARY";"Marco Zero";"true";"0";"40";"20";"0";"0";"0";"Grevas de Tier 10 para Lutador. Receita do mapa Marco Zero."
"Botas de Obra Remendadas";"Lutador";"BOOTS";"Botas";"1";"COMMON";"Subúrbio Silencioso";"true";"2";"0";"6";"0";"0";"0";"Botas de Tier 1 para Lutador. Receita do mapa Subúrbio Silencioso."
"Botas de Ferrugem Cravada";"Lutador";"BOOTS";"Botas";"2";"COMMON";"Distrito da Ferrugem";"true";"4";"0";"12";"0";"0";"0";"Botas de Tier 2 para Lutador. Receita do mapa Distrito da Ferrugem."
"Botas de Enfermaria Seladas";"Lutador";"BOOTS";"Botas";"3";"UNCOMMON";"Hospital Santa Ruína";"true";"6";"0";"18";"0";"0";"0";"Botas de Tier 3 para Lutador. Receita do mapa Hospital Santa Ruína."
"Botas de Esteira Quebrada";"Lutador";"BOOTS";"Botas";"4";"UNCOMMON";"Terminal dos Esquecidos";"true";"8";"0";"24";"0";"0";"0";"Botas de Tier 4 para Lutador. Receita do mapa Terminal dos Esquecidos."
"Botas de Quarentena Selada";"Lutador";"BOOTS";"Botas";"5";"RARE";"Zona de Quarentena 9";"true";"10";"0";"30";"0";"0";"0";"Botas de Tier 5 para Lutador. Receita do mapa Zona de Quarentena 9."
"Botas de Cinza Industrial";"Lutador";"BOOTS";"Botas";"6";"RARE";"Refinaria do Pó Cinzento";"true";"12";"0";"36";"0";"0";"0";"Botas de Tier 6 para Lutador. Receita do mapa Refinaria do Pó Cinzento."
"Botas de Asfalto Mutagênico";"Lutador";"BOOTS";"Botas";"7";"EPIC";"Avenida dos Caídos";"true";"14";"0";"42";"0";"0";"0";"Botas de Tier 7 para Lutador. Receita do mapa Avenida dos Caídos."
"Botas de Tração Helix";"Lutador";"BOOTS";"Botas";"8";"EPIC";"Complexo Helix";"true";"16";"0";"48";"0";"0";"0";"Botas de Tier 8 para Lutador. Receita do mapa Complexo Helix."
"Botas de Pisada Titânica";"Lutador";"BOOTS";"Botas";"9";"LEGENDARY";"Necrópole Industrial";"true";"18";"0";"54";"0";"0";"0";"Botas de Tier 9 para Lutador. Receita do mapa Necrópole Industrial."
"Botas do Colapso Rubro";"Lutador";"BOOTS";"Botas";"10";"LEGENDARY";"Marco Zero";"true";"20";"0";"60";"0";"0";"0";"Botas de Tier 10 para Lutador. Receita do mapa Marco Zero."
"Elmo de Obra Rachado";"Lutador";"HEAD";"Elmo";"1";"COMMON";"Subúrbio Silencioso";"true";"2";"0";"0";"0";"0";"4";"Elmo de Tier 1 para Lutador. Receita do mapa Subúrbio Silencioso."
"Elmo de Soldador Enferrujado";"Lutador";"HEAD";"Elmo";"2";"COMMON";"Distrito da Ferrugem";"true";"4";"0";"0";"0";"0";"8";"Elmo de Tier 2 para Lutador. Receita do mapa Distrito da Ferrugem."
"Elmo de Visor Clínico";"Lutador";"HEAD";"Elmo";"3";"UNCOMMON";"Hospital Santa Ruína";"true";"6";"0";"0";"0";"0";"12";"Elmo de Tier 3 para Lutador. Receita do mapa Hospital Santa Ruína."
"Elmo de Segurança do Terminal";"Lutador";"HEAD";"Elmo";"4";"UNCOMMON";"Terminal dos Esquecidos";"true";"8";"0";"0";"0";"0";"16";"Elmo de Tier 4 para Lutador. Receita do mapa Terminal dos Esquecidos."
"Elmo de Câmara Selada";"Lutador";"HEAD";"Elmo";"5";"RARE";"Zona de Quarentena 9";"true";"10";"0";"0";"0";"0";"20";"Elmo de Tier 5 para Lutador. Receita do mapa Zona de Quarentena 9."
"Elmo de Respirador Cinzento";"Lutador";"HEAD";"Elmo";"6";"RARE";"Refinaria do Pó Cinzento";"true";"12";"0";"0";"0";"0";"24";"Elmo de Tier 6 para Lutador. Receita do mapa Refinaria do Pó Cinzento."
"Elmo de Motim Quebrado";"Lutador";"HEAD";"Elmo";"7";"EPIC";"Avenida dos Caídos";"true";"14";"0";"0";"0";"0";"28";"Elmo de Tier 7 para Lutador. Receita do mapa Avenida dos Caídos."
"Elmo de Contenção Helix";"Lutador";"HEAD";"Elmo";"8";"EPIC";"Complexo Helix";"true";"16";"0";"0";"0";"0";"32";"Elmo de Tier 8 para Lutador. Receita do mapa Complexo Helix."
"Elmo Titânico da Necrópole";"Lutador";"HEAD";"Elmo";"9";"LEGENDARY";"Necrópole Industrial";"true";"18";"0";"0";"0";"0";"36";"Elmo de Tier 9 para Lutador. Receita do mapa Necrópole Industrial."
"Elmo do Marco Zero";"Lutador";"HEAD";"Elmo";"10";"LEGENDARY";"Marco Zero";"true";"20";"0";"0";"0";"0";"40";"Elmo de Tier 10 para Lutador. Receita do mapa Marco Zero."
"Maça de Ripa Cravada";"Lutador";"MAIN_HAND";"Maça";"1";"COMMON";"Subúrbio Silencioso";"true";"6";"2";"0";"0";"0";"0";"Maça de Tier 1 para Lutador. Receita do mapa Subúrbio Silencioso."
"Machado de Lâmina Lascada";"Lutador";"MAIN_HAND";"Machado";"1";"COMMON";"Subúrbio Silencioso";"true";"6";"2";"0";"0";"0";"0";"Machado de Tier 1 para Lutador. Receita do mapa Subúrbio Silencioso."
"Maça de Engrenagem Enferrujada";"Lutador";"MAIN_HAND";"Maça";"2";"COMMON";"Distrito da Ferrugem";"true";"12";"4";"0";"0";"0";"0";"Maça de Tier 2 para Lutador. Receita do mapa Distrito da Ferrugem."
"Machado de Chapa Rasgada";"Lutador";"MAIN_HAND";"Machado";"2";"COMMON";"Distrito da Ferrugem";"true";"12";"4";"0";"0";"0";"0";"Machado de Tier 2 para Lutador. Receita do mapa Distrito da Ferrugem."
"Maça de Suporte de Soro";"Lutador";"MAIN_HAND";"Maça";"3";"UNCOMMON";"Hospital Santa Ruína";"true";"18";"6";"0";"0";"0";"0";"Maça de Tier 3 para Lutador. Receita do mapa Hospital Santa Ruína."
"Machado de Bandeja Cirúrgica";"Lutador";"MAIN_HAND";"Machado";"3";"UNCOMMON";"Hospital Santa Ruína";"true";"18";"6";"0";"0";"0";"0";"Machado de Tier 3 para Lutador. Receita do mapa Hospital Santa Ruína."
"Maça de Corrimão Rebitado";"Lutador";"MAIN_HAND";"Maça";"4";"UNCOMMON";"Terminal dos Esquecidos";"true";"24";"8";"0";"0";"0";"0";"Maça de Tier 4 para Lutador. Receita do mapa Terminal dos Esquecidos."
"Machado de Placa de Embarque";"Lutador";"MAIN_HAND";"Machado";"4";"UNCOMMON";"Terminal dos Esquecidos";"true";"24";"8";"0";"0";"0";"0";"Machado de Tier 4 para Lutador. Receita do mapa Terminal dos Esquecidos."
"Maça de Grade de Quarentena";"Lutador";"MAIN_HAND";"Maça";"5";"RARE";"Zona de Quarentena 9";"true";"30";"10";"0";"0";"0";"0";"Maça de Tier 5 para Lutador. Receita do mapa Zona de Quarentena 9."
"Machado de Porta de Contenção";"Lutador";"MAIN_HAND";"Machado";"5";"RARE";"Zona de Quarentena 9";"true";"30";"10";"0";"0";"0";"0";"Machado de Tier 5 para Lutador. Receita do mapa Zona de Quarentena 9."
"Maça de Pistão de Refinaria";"Lutador";"MAIN_HAND";"Maça";"6";"RARE";"Refinaria do Pó Cinzento";"true";"36";"12";"0";"0";"0";"0";"Maça de Tier 6 para Lutador. Receita do mapa Refinaria do Pó Cinzento."
"Machado de Chapa de Caldeira";"Lutador";"MAIN_HAND";"Machado";"6";"RARE";"Refinaria do Pó Cinzento";"true";"36";"12";"0";"0";"0";"0";"Machado de Tier 6 para Lutador. Receita do mapa Refinaria do Pó Cinzento."
"Maça de Poste Retorcido";"Lutador";"MAIN_HAND";"Maça";"7";"EPIC";"Avenida dos Caídos";"true";"42";"14";"0";"0";"0";"0";"Maça de Tier 7 para Lutador. Receita do mapa Avenida dos Caídos."
"Machado de Porta de Viatura";"Lutador";"MAIN_HAND";"Machado";"7";"EPIC";"Avenida dos Caídos";"true";"42";"14";"0";"0";"0";"0";"Machado de Tier 7 para Lutador. Receita do mapa Avenida dos Caídos."
"Maça de Coluna Helix";"Lutador";"MAIN_HAND";"Maça";"8";"EPIC";"Complexo Helix";"true";"48";"16";"0";"0";"0";"0";"Maça de Tier 8 para Lutador. Receita do mapa Complexo Helix."
"Machado de Lâmina Experimental";"Lutador";"MAIN_HAND";"Machado";"8";"EPIC";"Complexo Helix";"true";"48";"16";"0";"0";"0";"0";"Machado de Tier 8 para Lutador. Receita do mapa Complexo Helix."
"Maça de Coluna Titânica";"Lutador";"MAIN_HAND";"Maça";"9";"LEGENDARY";"Necrópole Industrial";"true";"54";"18";"0";"0";"0";"0";"Maça de Tier 9 para Lutador. Receita do mapa Necrópole Industrial."
"Machado de Fragmento Titânico";"Lutador";"MAIN_HAND";"Machado";"9";"LEGENDARY";"Necrópole Industrial";"true";"54";"18";"0";"0";"0";"0";"Machado de Tier 9 para Lutador. Receita do mapa Necrópole Industrial."
"Maça do Marco Zero";"Lutador";"MAIN_HAND";"Maça";"10";"LEGENDARY";"Marco Zero";"true";"60";"20";"0";"0";"0";"0";"Maça de Tier 10 para Lutador. Receita do mapa Marco Zero."
"Machado da Ruína Carmesim";"Lutador";"MAIN_HAND";"Machado";"10";"LEGENDARY";"Marco Zero";"true";"60";"20";"0";"0";"0";"0";"Machado de Tier 10 para Lutador. Receita do mapa Marco Zero."
"Escudo de Tampa Amassada";"Lutador";"OFF_HAND";"Escudo";"1";"COMMON";"Subúrbio Silencioso";"true";"2";"6";"0";"0";"0";"0";"Escudo de Tier 1 para Lutador. Receita do mapa Subúrbio Silencioso."
"Escudo de Portão Oxidado";"Lutador";"OFF_HAND";"Escudo";"2";"COMMON";"Distrito da Ferrugem";"true";"4";"12";"0";"0";"0";"0";"Escudo de Tier 2 para Lutador. Receita do mapa Distrito da Ferrugem."
"Escudo de Maca Dobrada";"Lutador";"OFF_HAND";"Escudo";"3";"UNCOMMON";"Hospital Santa Ruína";"true";"6";"18";"0";"0";"0";"0";"Escudo de Tier 3 para Lutador. Receita do mapa Hospital Santa Ruína."
"Escudo de Painel de Embarque";"Lutador";"OFF_HAND";"Escudo";"4";"UNCOMMON";"Terminal dos Esquecidos";"true";"8";"24";"0";"0";"0";"0";"Escudo de Tier 4 para Lutador. Receita do mapa Terminal dos Esquecidos."
"Escudo de Barreira de Quarentena";"Lutador";"OFF_HAND";"Escudo";"5";"RARE";"Zona de Quarentena 9";"true";"10";"30";"0";"0";"0";"0";"Escudo de Tier 5 para Lutador. Receita do mapa Zona de Quarentena 9."
"Escudo de Tampa de Caldeira";"Lutador";"OFF_HAND";"Escudo";"6";"RARE";"Refinaria do Pó Cinzento";"true";"12";"36";"0";"0";"0";"0";"Escudo de Tier 6 para Lutador. Receita do mapa Refinaria do Pó Cinzento."
"Escudo de Placa Antimotim";"Lutador";"OFF_HAND";"Escudo";"7";"EPIC";"Avenida dos Caídos";"true";"14";"42";"0";"0";"0";"0";"Escudo de Tier 7 para Lutador. Receita do mapa Avenida dos Caídos."
"Escudo de Painel Helix";"Lutador";"OFF_HAND";"Escudo";"8";"EPIC";"Complexo Helix";"true";"16";"48";"0";"0";"0";"0";"Escudo de Tier 8 para Lutador. Receita do mapa Complexo Helix."
"Escudo Titânico da Necrópole";"Lutador";"OFF_HAND";"Escudo";"9";"LEGENDARY";"Necrópole Industrial";"true";"18";"54";"0";"0";"0";"0";"Escudo de Tier 9 para Lutador. Receita do mapa Necrópole Industrial."
"Escudo do Marco Zero";"Lutador";"OFF_HAND";"Escudo";"10";"LEGENDARY";"Marco Zero";"true";"20";"60";"0";"0";"0";"0";"Escudo de Tier 10 para Lutador. Receita do mapa Marco Zero."
"Espada de Faca Alongada";"Assassino";"MAIN_HAND";"Espada";"1";"COMMON";"Subúrbio Silencioso";"true";"0";"0";"6";"0";"2";"0";"Espada de Tier 1 para Assassino. Receita do mapa Subúrbio Silencioso."
"Adagas de Facas Trincadas";"Assassino";"MAIN_HAND";"Adagas";"1";"COMMON";"Subúrbio Silencioso";"true";"0";"0";"6";"0";"2";"0";"Adagas de Tier 1 para Assassino. Receita do mapa Subúrbio Silencioso."
"Espada de Serra Oxidada";"Assassino";"MAIN_HAND";"Espada";"2";"COMMON";"Distrito da Ferrugem";"true";"0";"0";"12";"0";"4";"0";"Espada de Tier 2 para Assassino. Receita do mapa Distrito da Ferrugem."
"Adagas de Estilete Enferrujado";"Assassino";"MAIN_HAND";"Adagas";"2";"COMMON";"Distrito da Ferrugem";"true";"0";"0";"12";"0";"4";"0";"Adagas de Tier 2 para Assassino. Receita do mapa Distrito da Ferrugem."
"Espada de Bisturi Alongado";"Assassino";"MAIN_HAND";"Espada";"3";"UNCOMMON";"Hospital Santa Ruína";"true";"0";"0";"18";"0";"6";"0";"Espada de Tier 3 para Assassino. Receita do mapa Hospital Santa Ruína."
"Adagas de Tesoura Cirúrgica";"Assassino";"MAIN_HAND";"Adagas";"3";"UNCOMMON";"Hospital Santa Ruína";"true";"0";"0";"18";"0";"6";"0";"Adagas de Tier 3 para Assassino. Receita do mapa Hospital Santa Ruína."
"Espada de Sinalização Afiada";"Assassino";"MAIN_HAND";"Espada";"4";"UNCOMMON";"Terminal dos Esquecidos";"true";"0";"0";"24";"0";"8";"0";"Espada de Tier 4 para Assassino. Receita do mapa Terminal dos Esquecidos."
"Adagas de Canivete de Embarque";"Assassino";"MAIN_HAND";"Adagas";"4";"UNCOMMON";"Terminal dos Esquecidos";"true";"0";"0";"24";"0";"8";"0";"Adagas de Tier 4 para Assassino. Receita do mapa Terminal dos Esquecidos."
"Espada de Lâmina Selada";"Assassino";"MAIN_HAND";"Espada";"5";"RARE";"Zona de Quarentena 9";"true";"0";"0";"30";"0";"10";"0";"Espada de Tier 5 para Assassino. Receita do mapa Zona de Quarentena 9."
"Adagas de Contenção Verde";"Assassino";"MAIN_HAND";"Adagas";"5";"RARE";"Zona de Quarentena 9";"true";"0";"0";"30";"0";"10";"0";"Adagas de Tier 5 para Assassino. Receita do mapa Zona de Quarentena 9."
"Espada de Corte Cinzento";"Assassino";"MAIN_HAND";"Espada";"6";"RARE";"Refinaria do Pó Cinzento";"true";"0";"0";"36";"0";"12";"0";"Espada de Tier 6 para Assassino. Receita do mapa Refinaria do Pó Cinzento."
"Adagas de Caldeira Fumegante";"Assassino";"MAIN_HAND";"Adagas";"6";"RARE";"Refinaria do Pó Cinzento";"true";"0";"0";"36";"0";"12";"0";"Adagas de Tier 6 para Assassino. Receita do mapa Refinaria do Pó Cinzento."
"Espada de Viatura Partida";"Assassino";"MAIN_HAND";"Espada";"7";"EPIC";"Avenida dos Caídos";"true";"0";"0";"42";"0";"14";"0";"Espada de Tier 7 para Assassino. Receita do mapa Avenida dos Caídos."
"Adagas Antimotim Roxas";"Assassino";"MAIN_HAND";"Adagas";"7";"EPIC";"Avenida dos Caídos";"true";"0";"0";"42";"0";"14";"0";"Adagas de Tier 7 para Assassino. Receita do mapa Avenida dos Caídos."
"Espada Helix Serrilhada";"Assassino";"MAIN_HAND";"Espada";"8";"EPIC";"Complexo Helix";"true";"0";"0";"48";"0";"16";"0";"Espada de Tier 8 para Assassino. Receita do mapa Complexo Helix."
"Adagas de Monofio Experimental";"Assassino";"MAIN_HAND";"Adagas";"8";"EPIC";"Complexo Helix";"true";"0";"0";"48";"0";"16";"0";"Adagas de Tier 8 para Assassino. Receita do mapa Complexo Helix."
"Espada de Fragmento Carmesim";"Assassino";"MAIN_HAND";"Espada";"9";"LEGENDARY";"Necrópole Industrial";"true";"0";"0";"54";"0";"18";"0";"Espada de Tier 9 para Assassino. Receita do mapa Necrópole Industrial."
"Adagas Titânicas Necróticas";"Assassino";"MAIN_HAND";"Adagas";"9";"LEGENDARY";"Necrópole Industrial";"true";"0";"0";"54";"0";"18";"0";"Adagas de Tier 9 para Assassino. Receita do mapa Necrópole Industrial."
"Espada do Marco Zero";"Assassino";"MAIN_HAND";"Espada";"10";"LEGENDARY";"Marco Zero";"true";"0";"0";"60";"0";"20";"0";"Espada de Tier 10 para Assassino. Receita do mapa Marco Zero."
"Adagas da Ruína Silenciosa";"Assassino";"MAIN_HAND";"Adagas";"10";"LEGENDARY";"Marco Zero";"true";"0";"0";"60";"0";"20";"0";"Adagas de Tier 10 para Assassino. Receita do mapa Marco Zero."
"Bombas de Lata Fumacenta";"Assassino";"OFF_HAND";"Bombas";"1";"COMMON";"Subúrbio Silencioso";"true";"0";"2";"2";"0";"4";"0";"Bombas de Tier 1 para Assassino. Receita do mapa Subúrbio Silencioso."
"Bombas de Ferrugem Seca";"Assassino";"OFF_HAND";"Bombas";"2";"COMMON";"Distrito da Ferrugem";"true";"0";"4";"4";"0";"8";"0";"Bombas de Tier 2 para Assassino. Receita do mapa Distrito da Ferrugem."
"Bombas de Névoa Clínica";"Assassino";"OFF_HAND";"Bombas";"3";"UNCOMMON";"Hospital Santa Ruína";"true";"0";"6";"6";"0";"12";"0";"Bombas de Tier 3 para Assassino. Receita do mapa Hospital Santa Ruína."
"Bombas de Sinalização Queimada";"Assassino";"OFF_HAND";"Bombas";"4";"UNCOMMON";"Terminal dos Esquecidos";"true";"0";"8";"8";"0";"16";"0";"Bombas de Tier 4 para Assassino. Receita do mapa Terminal dos Esquecidos."
"Bombas de Quarentena Verde";"Assassino";"OFF_HAND";"Bombas";"5";"RARE";"Zona de Quarentena 9";"true";"0";"10";"10";"0";"20";"0";"Bombas de Tier 5 para Assassino. Receita do mapa Zona de Quarentena 9."
"Bombas de Fuligem Química";"Assassino";"OFF_HAND";"Bombas";"6";"RARE";"Refinaria do Pó Cinzento";"true";"0";"12";"12";"0";"24";"0";"Bombas de Tier 6 para Assassino. Receita do mapa Refinaria do Pó Cinzento."
"Bombas de Sombra Mutagênica";"Assassino";"OFF_HAND";"Bombas";"7";"EPIC";"Avenida dos Caídos";"true";"0";"14";"14";"0";"28";"0";"Bombas de Tier 7 para Assassino. Receita do mapa Avenida dos Caídos."
"Bombas Helix de Dispersão";"Assassino";"OFF_HAND";"Bombas";"8";"EPIC";"Complexo Helix";"true";"0";"16";"16";"0";"32";"0";"Bombas de Tier 8 para Assassino. Receita do mapa Complexo Helix."
"Bombas Necróticas Carmesim";"Assassino";"OFF_HAND";"Bombas";"9";"LEGENDARY";"Necrópole Industrial";"true";"0";"18";"18";"0";"36";"0";"Bombas de Tier 9 para Assassino. Receita do mapa Necrópole Industrial."
"Bombas do Eclipse Rubro";"Assassino";"OFF_HAND";"Bombas";"10";"LEGENDARY";"Marco Zero";"true";"0";"20";"20";"0";"40";"0";"Bombas de Tier 10 para Assassino. Receita do mapa Marco Zero."
"Capuz de Moletom Rasgado";"Assassino";"HEAD";"Capuz";"1";"COMMON";"Subúrbio Silencioso";"true";"0";"0";"2";"0";"0";"4";"Capuz de Tier 1 para Assassino. Receita do mapa Subúrbio Silencioso."
"Capuz de Oficina Sombreado";"Assassino";"HEAD";"Capuz";"2";"COMMON";"Distrito da Ferrugem";"true";"0";"0";"4";"0";"0";"8";"Capuz de Tier 2 para Assassino. Receita do mapa Distrito da Ferrugem."
"Capuz de Triagem Escura";"Assassino";"HEAD";"Capuz";"3";"UNCOMMON";"Hospital Santa Ruína";"true";"0";"0";"6";"0";"0";"12";"Capuz de Tier 3 para Assassino. Receita do mapa Hospital Santa Ruína."
"Capuz de Embarque Oculto";"Assassino";"HEAD";"Capuz";"4";"UNCOMMON";"Terminal dos Esquecidos";"true";"0";"0";"8";"0";"0";"16";"Capuz de Tier 4 para Assassino. Receita do mapa Terminal dos Esquecidos."
"Capuz de Quarentena Verde";"Assassino";"HEAD";"Capuz";"5";"RARE";"Zona de Quarentena 9";"true";"0";"0";"10";"0";"0";"20";"Capuz de Tier 5 para Assassino. Receita do mapa Zona de Quarentena 9."
"Capuz de Fuligem Cinzenta";"Assassino";"HEAD";"Capuz";"6";"RARE";"Refinaria do Pó Cinzento";"true";"0";"0";"12";"0";"0";"24";"Capuz de Tier 6 para Assassino. Receita do mapa Refinaria do Pó Cinzento."
"Capuz de Sombra Mutagênica";"Assassino";"HEAD";"Capuz";"7";"EPIC";"Avenida dos Caídos";"true";"0";"0";"14";"0";"0";"28";"Capuz de Tier 7 para Assassino. Receita do mapa Avenida dos Caídos."
"Capuz Helix Camuflado";"Assassino";"HEAD";"Capuz";"8";"EPIC";"Complexo Helix";"true";"0";"0";"16";"0";"0";"32";"Capuz de Tier 8 para Assassino. Receita do mapa Complexo Helix."
"Capuz Necrótico Carmesim";"Assassino";"HEAD";"Capuz";"9";"LEGENDARY";"Necrópole Industrial";"true";"0";"0";"18";"0";"0";"36";"Capuz de Tier 9 para Assassino. Receita do mapa Necrópole Industrial."
"Capuz do Marco Zero";"Assassino";"HEAD";"Capuz";"10";"LEGENDARY";"Marco Zero";"true";"0";"0";"20";"0";"0";"40";"Capuz de Tier 10 para Assassino. Receita do mapa Marco Zero."
"Traje de Rua Rasgado";"Assassino";"ARMOR";"Traje";"1";"COMMON";"Subúrbio Silencioso";"true";"0";"6";"2";"0";"0";"0";"Traje de Tier 1 para Assassino. Receita do mapa Subúrbio Silencioso."
"Traje de Oficina Silencioso";"Assassino";"ARMOR";"Traje";"2";"COMMON";"Distrito da Ferrugem";"true";"0";"12";"4";"0";"0";"0";"Traje de Tier 2 para Assassino. Receita do mapa Distrito da Ferrugem."
"Traje de Ala Isolada";"Assassino";"ARMOR";"Traje";"3";"UNCOMMON";"Hospital Santa Ruína";"true";"0";"18";"6";"0";"0";"0";"Traje de Tier 3 para Assassino. Receita do mapa Hospital Santa Ruína."
"Traje de Terminal Oculto";"Assassino";"ARMOR";"Traje";"4";"UNCOMMON";"Terminal dos Esquecidos";"true";"0";"24";"8";"0";"0";"0";"Traje de Tier 4 para Assassino. Receita do mapa Terminal dos Esquecidos."
"Traje de Quarentena Furtiva";"Assassino";"ARMOR";"Traje";"5";"RARE";"Zona de Quarentena 9";"true";"0";"30";"10";"0";"0";"0";"Traje de Tier 5 para Assassino. Receita do mapa Zona de Quarentena 9."
"Traje de Refinaria Sombria";"Assassino";"ARMOR";"Traje";"6";"RARE";"Refinaria do Pó Cinzento";"true";"0";"36";"12";"0";"0";"0";"Traje de Tier 6 para Assassino. Receita do mapa Refinaria do Pó Cinzento."
"Traje Antimotim Sombrio";"Assassino";"ARMOR";"Traje";"7";"EPIC";"Avenida dos Caídos";"true";"0";"42";"14";"0";"0";"0";"Traje de Tier 7 para Assassino. Receita do mapa Avenida dos Caídos."
"Traje Helix de Infiltração";"Assassino";"ARMOR";"Traje";"8";"EPIC";"Complexo Helix";"true";"0";"48";"16";"0";"0";"0";"Traje de Tier 8 para Assassino. Receita do mapa Complexo Helix."
"Traje Titânico da Necrópole";"Assassino";"ARMOR";"Traje";"9";"LEGENDARY";"Necrópole Industrial";"true";"0";"54";"18";"0";"0";"0";"Traje de Tier 9 para Assassino. Receita do mapa Necrópole Industrial."
"Traje da Ruína Silenciosa";"Assassino";"ARMOR";"Traje";"10";"LEGENDARY";"Marco Zero";"true";"0";"60";"20";"0";"0";"0";"Traje de Tier 10 para Assassino. Receita do mapa Marco Zero."
"Perneiras de Jeans Cortado";"Assassino";"PANTS";"Perneiras";"1";"COMMON";"Subúrbio Silencioso";"true";"0";"4";"2";"0";"0";"0";"Perneiras de Tier 1 para Assassino. Receita do mapa Subúrbio Silencioso."
"Perneiras de Oficina Enferrujada";"Assassino";"PANTS";"Perneiras";"2";"COMMON";"Distrito da Ferrugem";"true";"0";"8";"4";"0";"0";"0";"Perneiras de Tier 2 para Assassino. Receita do mapa Distrito da Ferrugem."
"Perneiras de Maca Silenciosa";"Assassino";"PANTS";"Perneiras";"3";"UNCOMMON";"Hospital Santa Ruína";"true";"0";"12";"6";"0";"0";"0";"Perneiras de Tier 3 para Assassino. Receita do mapa Hospital Santa Ruína."
"Perneiras de Passageiro Oculto";"Assassino";"PANTS";"Perneiras";"4";"UNCOMMON";"Terminal dos Esquecidos";"true";"0";"16";"8";"0";"0";"0";"Perneiras de Tier 4 para Assassino. Receita do mapa Terminal dos Esquecidos."
"Perneiras de Quarentena Leve";"Assassino";"PANTS";"Perneiras";"5";"RARE";"Zona de Quarentena 9";"true";"0";"20";"10";"0";"0";"0";"Perneiras de Tier 5 para Assassino. Receita do mapa Zona de Quarentena 9."
"Perneiras de Cinza Industrial";"Assassino";"PANTS";"Perneiras";"6";"RARE";"Refinaria do Pó Cinzento";"true";"0";"24";"12";"0";"0";"0";"Perneiras de Tier 6 para Assassino. Receita do mapa Refinaria do Pó Cinzento."
"Perneiras de Patrulha Mutagênica";"Assassino";"PANTS";"Perneiras";"7";"EPIC";"Avenida dos Caídos";"true";"0";"28";"14";"0";"0";"0";"Perneiras de Tier 7 para Assassino. Receita do mapa Avenida dos Caídos."
"Perneiras Articuladas Helix";"Assassino";"PANTS";"Perneiras";"8";"EPIC";"Complexo Helix";"true";"0";"32";"16";"0";"0";"0";"Perneiras de Tier 8 para Assassino. Receita do mapa Complexo Helix."
"Perneiras Necróticas de Fibra";"Assassino";"PANTS";"Perneiras";"9";"LEGENDARY";"Necrópole Industrial";"true";"0";"36";"18";"0";"0";"0";"Perneiras de Tier 9 para Assassino. Receita do mapa Necrópole Industrial."
"Perneiras do Marco Zero";"Assassino";"PANTS";"Perneiras";"10";"LEGENDARY";"Marco Zero";"true";"0";"40";"20";"0";"0";"0";"Perneiras de Tier 10 para Assassino. Receita do mapa Marco Zero."
"Sapatilhas de Pano Escuro";"Assassino";"BOOTS";"Sapatilhas";"1";"COMMON";"Subúrbio Silencioso";"true";"0";"0";"8";"0";"0";"0";"Sapatilhas de Tier 1 para Assassino. Receita do mapa Subúrbio Silencioso."
"Sapatilhas de Ferrugem Baixa";"Assassino";"BOOTS";"Sapatilhas";"2";"COMMON";"Distrito da Ferrugem";"true";"0";"0";"16";"0";"0";"0";"Sapatilhas de Tier 2 para Assassino. Receita do mapa Distrito da Ferrugem."
"Sapatilhas de Enfermaria Silenciosa";"Assassino";"BOOTS";"Sapatilhas";"3";"UNCOMMON";"Hospital Santa Ruína";"true";"0";"0";"24";"0";"0";"0";"Sapatilhas de Tier 3 para Assassino. Receita do mapa Hospital Santa Ruína."
"Sapatilhas de Esteira Quebrada";"Assassino";"BOOTS";"Sapatilhas";"4";"UNCOMMON";"Terminal dos Esquecidos";"true";"0";"0";"32";"0";"0";"0";"Sapatilhas de Tier 4 para Assassino. Receita do mapa Terminal dos Esquecidos."
"Sapatilhas de Quarentena Selada";"Assassino";"BOOTS";"Sapatilhas";"5";"RARE";"Zona de Quarentena 9";"true";"0";"0";"40";"0";"0";"0";"Sapatilhas de Tier 5 para Assassino. Receita do mapa Zona de Quarentena 9."
"Sapatilhas de Cinza Silenciosa";"Assassino";"BOOTS";"Sapatilhas";"6";"RARE";"Refinaria do Pó Cinzento";"true";"0";"0";"48";"0";"0";"0";"Sapatilhas de Tier 6 para Assassino. Receita do mapa Refinaria do Pó Cinzento."
"Sapatilhas de Asfalto Mutagênico";"Assassino";"BOOTS";"Sapatilhas";"7";"EPIC";"Avenida dos Caídos";"true";"0";"0";"56";"0";"0";"0";"Sapatilhas de Tier 7 para Assassino. Receita do mapa Avenida dos Caídos."
"Sapatilhas de Tração Helix";"Assassino";"BOOTS";"Sapatilhas";"8";"EPIC";"Complexo Helix";"true";"0";"0";"64";"0";"0";"0";"Sapatilhas de Tier 8 para Assassino. Receita do mapa Complexo Helix."
"Sapatilhas de Passo Carmesim";"Assassino";"BOOTS";"Sapatilhas";"9";"LEGENDARY";"Necrópole Industrial";"true";"0";"0";"72";"0";"0";"0";"Sapatilhas de Tier 9 para Assassino. Receita do mapa Necrópole Industrial."
"Sapatilhas do Eclipse Rubro";"Assassino";"BOOTS";"Sapatilhas";"10";"LEGENDARY";"Marco Zero";"true";"0";"0";"80";"0";"0";"0";"Sapatilhas de Tier 10 para Assassino. Receita do mapa Marco Zero."
"Serra de Emergência Quebrada";"Médico";"MAIN_HAND";"Serra";"1";"COMMON";"Subúrbio Silencioso";"true";"0";"0";"0";"0";"2";"6";"Serra de Tier 1 para Médico. Receita do mapa Subúrbio Silencioso."
"Desfibrilador de Rádio Improvisado";"Médico";"MAIN_HAND";"Desfibrilador";"1";"COMMON";"Subúrbio Silencioso";"true";"0";"0";"0";"0";"2";"6";"Desfibrilador de Tier 1 para Médico. Receita do mapa Subúrbio Silencioso."
"Serra de Oficina Médica Oxidada";"Médico";"MAIN_HAND";"Serra";"2";"COMMON";"Distrito da Ferrugem";"true";"0";"0";"0";"0";"4";"12";"Serra de Tier 2 para Médico. Receita do mapa Distrito da Ferrugem."
"Desfibrilador de Bobina Enferrujada";"Médico";"MAIN_HAND";"Desfibrilador";"2";"COMMON";"Distrito da Ferrugem";"true";"0";"0";"0";"0";"4";"12";"Desfibrilador de Tier 2 para Médico. Receita do mapa Distrito da Ferrugem."
"Serra Cirúrgica de Triagem";"Médico";"MAIN_HAND";"Serra";"3";"UNCOMMON";"Hospital Santa Ruína";"true";"0";"0";"0";"0";"6";"18";"Serra de Tier 3 para Médico. Receita do mapa Hospital Santa Ruína."
"Desfibrilador de Leito Clínico";"Médico";"MAIN_HAND";"Desfibrilador";"3";"UNCOMMON";"Hospital Santa Ruína";"true";"0";"0";"0";"0";"6";"18";"Desfibrilador de Tier 3 para Médico. Receita do mapa Hospital Santa Ruína."
"Serra de Resgate do Terminal";"Médico";"MAIN_HAND";"Serra";"4";"UNCOMMON";"Terminal dos Esquecidos";"true";"0";"0";"0";"0";"8";"24";"Serra de Tier 4 para Médico. Receita do mapa Terminal dos Esquecidos."
"Desfibrilador de Cabine de Emergência";"Médico";"MAIN_HAND";"Desfibrilador";"4";"UNCOMMON";"Terminal dos Esquecidos";"true";"0";"0";"0";"0";"8";"24";"Desfibrilador de Tier 4 para Médico. Receita do mapa Terminal dos Esquecidos."
"Serra de Contenção Verde";"Médico";"MAIN_HAND";"Serra";"5";"RARE";"Zona de Quarentena 9";"true";"0";"0";"0";"0";"10";"30";"Serra de Tier 5 para Médico. Receita do mapa Zona de Quarentena 9."
"Desfibrilador de Quarentena";"Médico";"MAIN_HAND";"Desfibrilador";"5";"RARE";"Zona de Quarentena 9";"true";"0";"0";"0";"0";"10";"30";"Desfibrilador de Tier 5 para Médico. Receita do mapa Zona de Quarentena 9."
"Serra de Cautério Cinzento";"Médico";"MAIN_HAND";"Serra";"6";"RARE";"Refinaria do Pó Cinzento";"true";"0";"0";"0";"0";"12";"36";"Serra de Tier 6 para Médico. Receita do mapa Refinaria do Pó Cinzento."
"Desfibrilador de Vapor Cinzento";"Médico";"MAIN_HAND";"Desfibrilador";"6";"RARE";"Refinaria do Pó Cinzento";"true";"0";"0";"0";"0";"12";"36";"Desfibrilador de Tier 6 para Médico. Receita do mapa Refinaria do Pó Cinzento."
"Serra de Resgate Mutagênica";"Médico";"MAIN_HAND";"Serra";"7";"EPIC";"Avenida dos Caídos";"true";"0";"0";"0";"0";"14";"42";"Serra de Tier 7 para Médico. Receita do mapa Avenida dos Caídos."
"Desfibrilador Antimotim";"Médico";"MAIN_HAND";"Desfibrilador";"7";"EPIC";"Avenida dos Caídos";"true";"0";"0";"0";"0";"14";"42";"Desfibrilador de Tier 7 para Médico. Receita do mapa Avenida dos Caídos."
"Serra Helix de Microcorte";"Médico";"MAIN_HAND";"Serra";"8";"EPIC";"Complexo Helix";"true";"0";"0";"0";"0";"16";"48";"Serra de Tier 8 para Médico. Receita do mapa Complexo Helix."
"Desfibrilador Neural Helix";"Médico";"MAIN_HAND";"Desfibrilador";"8";"EPIC";"Complexo Helix";"true";"0";"0";"0";"0";"16";"48";"Desfibrilador de Tier 8 para Médico. Receita do mapa Complexo Helix."
"Serra Necroclínica Carmesim";"Médico";"MAIN_HAND";"Serra";"9";"LEGENDARY";"Necrópole Industrial";"true";"0";"0";"0";"0";"18";"54";"Serra de Tier 9 para Médico. Receita do mapa Necrópole Industrial."
"Desfibrilador Carmesim da Necrópole";"Médico";"MAIN_HAND";"Desfibrilador";"9";"LEGENDARY";"Necrópole Industrial";"true";"0";"0";"0";"0";"18";"54";"Desfibrilador de Tier 9 para Médico. Receita do mapa Necrópole Industrial."
"Serra do Marco Zero";"Médico";"MAIN_HAND";"Serra";"10";"LEGENDARY";"Marco Zero";"true";"0";"0";"0";"0";"20";"60";"Serra de Tier 10 para Médico. Receita do mapa Marco Zero."
"Desfibrilador do Último Pulso";"Médico";"MAIN_HAND";"Desfibrilador";"10";"LEGENDARY";"Marco Zero";"true";"0";"0";"0";"0";"20";"60";"Desfibrilador de Tier 10 para Médico. Receita do mapa Marco Zero."
"Injetor de Soro Rachado";"Médico";"OFF_HAND";"Injetor";"1";"COMMON";"Subúrbio Silencioso";"true";"0";"2";"0";"0";"4";"2";"Injetor de Tier 1 para Médico. Receita do mapa Subúrbio Silencioso."
"Injetor de Oficina Oxidado";"Médico";"OFF_HAND";"Injetor";"2";"COMMON";"Distrito da Ferrugem";"true";"0";"4";"0";"0";"8";"4";"Injetor de Tier 2 para Médico. Receita do mapa Distrito da Ferrugem."
"Injetor de Triagem Clínica";"Médico";"OFF_HAND";"Injetor";"3";"UNCOMMON";"Hospital Santa Ruína";"true";"0";"6";"0";"0";"12";"6";"Injetor de Tier 3 para Médico. Receita do mapa Hospital Santa Ruína."
"Injetor de Emergência do Terminal";"Médico";"OFF_HAND";"Injetor";"4";"UNCOMMON";"Terminal dos Esquecidos";"true";"0";"8";"0";"0";"16";"8";"Injetor de Tier 4 para Médico. Receita do mapa Terminal dos Esquecidos."
"Injetor de Quarentena Verde";"Médico";"OFF_HAND";"Injetor";"5";"RARE";"Zona de Quarentena 9";"true";"0";"10";"0";"0";"20";"10";"Injetor de Tier 5 para Médico. Receita do mapa Zona de Quarentena 9."
"Injetor de Reagente Cinzento";"Médico";"OFF_HAND";"Injetor";"6";"RARE";"Refinaria do Pó Cinzento";"true";"0";"12";"0";"0";"24";"12";"Injetor de Tier 6 para Médico. Receita do mapa Refinaria do Pó Cinzento."
"Injetor Mutagênico de Campo";"Médico";"OFF_HAND";"Injetor";"7";"EPIC";"Avenida dos Caídos";"true";"0";"14";"0";"0";"28";"14";"Injetor de Tier 7 para Médico. Receita do mapa Avenida dos Caídos."
"Injetor Helix de Estabilização";"Médico";"OFF_HAND";"Injetor";"8";"EPIC";"Complexo Helix";"true";"0";"16";"0";"0";"32";"16";"Injetor de Tier 8 para Médico. Receita do mapa Complexo Helix."
"Injetor Carmesim de Reanimação";"Médico";"OFF_HAND";"Injetor";"9";"LEGENDARY";"Necrópole Industrial";"true";"0";"18";"0";"0";"36";"18";"Injetor de Tier 9 para Médico. Receita do mapa Necrópole Industrial."
"Injetor do Marco Zero";"Médico";"OFF_HAND";"Injetor";"10";"LEGENDARY";"Marco Zero";"true";"0";"20";"0";"0";"40";"20";"Injetor de Tier 10 para Médico. Receita do mapa Marco Zero."
"Máscara Clínica Rasgada";"Médico";"HEAD";"Máscara";"1";"COMMON";"Subúrbio Silencioso";"true";"0";"0";"0";"0";"0";"6";"Máscara de Tier 1 para Médico. Receita do mapa Subúrbio Silencioso."
"Máscara de Oficina Médica";"Médico";"HEAD";"Máscara";"2";"COMMON";"Distrito da Ferrugem";"true";"0";"0";"0";"0";"0";"12";"Máscara de Tier 2 para Médico. Receita do mapa Distrito da Ferrugem."
"Máscara de Isolamento Clínico";"Médico";"HEAD";"Máscara";"3";"UNCOMMON";"Hospital Santa Ruína";"true";"0";"0";"0";"0";"0";"18";"Máscara de Tier 3 para Médico. Receita do mapa Hospital Santa Ruína."
"Máscara de Cabine Sanitária";"Médico";"HEAD";"Máscara";"4";"UNCOMMON";"Terminal dos Esquecidos";"true";"0";"0";"0";"0";"0";"24";"Máscara de Tier 4 para Médico. Receita do mapa Terminal dos Esquecidos."
"Máscara de Quarentena Verde";"Médico";"HEAD";"Máscara";"5";"RARE";"Zona de Quarentena 9";"true";"0";"0";"0";"0";"0";"30";"Máscara de Tier 5 para Médico. Receita do mapa Zona de Quarentena 9."
"Máscara de Vapor Cinzento";"Médico";"HEAD";"Máscara";"6";"RARE";"Refinaria do Pó Cinzento";"true";"0";"0";"0";"0";"0";"36";"Máscara de Tier 6 para Médico. Receita do mapa Refinaria do Pó Cinzento."
"Máscara de Resgate Mutagênico";"Médico";"HEAD";"Máscara";"7";"EPIC";"Avenida dos Caídos";"true";"0";"0";"0";"0";"0";"42";"Máscara de Tier 7 para Médico. Receita do mapa Avenida dos Caídos."
"Máscara Helix de Biofiltro";"Médico";"HEAD";"Máscara";"8";"EPIC";"Complexo Helix";"true";"0";"0";"0";"0";"0";"48";"Máscara de Tier 8 para Médico. Receita do mapa Complexo Helix."
"Máscara Carmesim de Contenção";"Médico";"HEAD";"Máscara";"9";"LEGENDARY";"Necrópole Industrial";"true";"0";"0";"0";"0";"0";"54";"Máscara de Tier 9 para Médico. Receita do mapa Necrópole Industrial."
"Máscara do Marco Zero";"Médico";"HEAD";"Máscara";"10";"LEGENDARY";"Marco Zero";"true";"0";"0";"0";"0";"0";"60";"Máscara de Tier 10 para Médico. Receita do mapa Marco Zero."
"Colete de Primeiros Socorros";"Médico";"ARMOR";"Colete";"1";"COMMON";"Subúrbio Silencioso";"true";"0";"6";"0";"0";"0";"2";"Colete de Tier 1 para Médico. Receita do mapa Subúrbio Silencioso."
"Colete Paramédico Enferrujado";"Médico";"ARMOR";"Colete";"2";"COMMON";"Distrito da Ferrugem";"true";"0";"12";"0";"0";"0";"4";"Colete de Tier 2 para Médico. Receita do mapa Distrito da Ferrugem."
"Colete de Triagem Clínica";"Médico";"ARMOR";"Colete";"3";"UNCOMMON";"Hospital Santa Ruína";"true";"0";"18";"0";"0";"0";"6";"Colete de Tier 3 para Médico. Receita do mapa Hospital Santa Ruína."
"Colete de Resgate do Terminal";"Médico";"ARMOR";"Colete";"4";"UNCOMMON";"Terminal dos Esquecidos";"true";"0";"24";"0";"0";"0";"8";"Colete de Tier 4 para Médico. Receita do mapa Terminal dos Esquecidos."
"Colete de Quarentena Verde";"Médico";"ARMOR";"Colete";"5";"RARE";"Zona de Quarentena 9";"true";"0";"30";"0";"0";"0";"10";"Colete de Tier 5 para Médico. Receita do mapa Zona de Quarentena 9."
"Colete de Vapor Cinzento";"Médico";"ARMOR";"Colete";"6";"RARE";"Refinaria do Pó Cinzento";"true";"0";"36";"0";"0";"0";"12";"Colete de Tier 6 para Médico. Receita do mapa Refinaria do Pó Cinzento."
"Colete de Campo Mutagênico";"Médico";"ARMOR";"Colete";"7";"EPIC";"Avenida dos Caídos";"true";"0";"42";"0";"0";"0";"14";"Colete de Tier 7 para Médico. Receita do mapa Avenida dos Caídos."
"Colete Helix de Estabilização";"Médico";"ARMOR";"Colete";"8";"EPIC";"Complexo Helix";"true";"0";"48";"0";"0";"0";"16";"Colete de Tier 8 para Médico. Receita do mapa Complexo Helix."
"Colete Carmesim da Necrópole";"Médico";"ARMOR";"Colete";"9";"LEGENDARY";"Necrópole Industrial";"true";"0";"54";"0";"0";"0";"18";"Colete de Tier 9 para Médico. Receita do mapa Necrópole Industrial."
"Colete do Último Socorro";"Médico";"ARMOR";"Colete";"10";"LEGENDARY";"Marco Zero";"true";"0";"60";"0";"0";"0";"20";"Colete de Tier 10 para Médico. Receita do mapa Marco Zero."
"Calças de Socorro Rasgadas";"Médico";"PANTS";"Calças";"1";"COMMON";"Subúrbio Silencioso";"true";"0";"4";"2";"0";"0";"0";"Calças de Tier 1 para Médico. Receita do mapa Subúrbio Silencioso."
"Calças de Oficina Sanitária";"Médico";"PANTS";"Calças";"2";"COMMON";"Distrito da Ferrugem";"true";"0";"8";"4";"0";"0";"0";"Calças de Tier 2 para Médico. Receita do mapa Distrito da Ferrugem."
"Calças de Triagem Clínica";"Médico";"PANTS";"Calças";"3";"UNCOMMON";"Hospital Santa Ruína";"true";"0";"12";"6";"0";"0";"0";"Calças de Tier 3 para Médico. Receita do mapa Hospital Santa Ruína."
"Calças de Emergência do Terminal";"Médico";"PANTS";"Calças";"4";"UNCOMMON";"Terminal dos Esquecidos";"true";"0";"16";"8";"0";"0";"0";"Calças de Tier 4 para Médico. Receita do mapa Terminal dos Esquecidos."
"Calças de Quarentena Leve";"Médico";"PANTS";"Calças";"5";"RARE";"Zona de Quarentena 9";"true";"0";"20";"10";"0";"0";"0";"Calças de Tier 5 para Médico. Receita do mapa Zona de Quarentena 9."
"Calças de Vedação Cinzenta";"Médico";"PANTS";"Calças";"6";"RARE";"Refinaria do Pó Cinzento";"true";"0";"24";"12";"0";"0";"0";"Calças de Tier 6 para Médico. Receita do mapa Refinaria do Pó Cinzento."
"Calças de Resgate Mutagênico";"Médico";"PANTS";"Calças";"7";"EPIC";"Avenida dos Caídos";"true";"0";"28";"14";"0";"0";"0";"Calças de Tier 7 para Médico. Receita do mapa Avenida dos Caídos."
"Calças Articuladas Helix";"Médico";"PANTS";"Calças";"8";"EPIC";"Complexo Helix";"true";"0";"32";"16";"0";"0";"0";"Calças de Tier 8 para Médico. Receita do mapa Complexo Helix."
"Calças Carmesim de Estabilização";"Médico";"PANTS";"Calças";"9";"LEGENDARY";"Necrópole Industrial";"true";"0";"36";"18";"0";"0";"0";"Calças de Tier 9 para Médico. Receita do mapa Necrópole Industrial."
"Calças do Marco Zero";"Médico";"PANTS";"Calças";"10";"LEGENDARY";"Marco Zero";"true";"0";"40";"20";"0";"0";"0";"Calças de Tier 10 para Médico. Receita do mapa Marco Zero."
"Sapatos de Enfermagem Gastos";"Médico";"BOOTS";"Sapatos";"1";"COMMON";"Subúrbio Silencioso";"true";"0";"0";"6";"0";"0";"2";"Sapatos de Tier 1 para Médico. Receita do mapa Subúrbio Silencioso."
"Sapatos de Oficina Sanitária";"Médico";"BOOTS";"Sapatos";"2";"COMMON";"Distrito da Ferrugem";"true";"0";"0";"12";"0";"0";"4";"Sapatos de Tier 2 para Médico. Receita do mapa Distrito da Ferrugem."
"Sapatos de Enfermaria Selada";"Médico";"BOOTS";"Sapatos";"3";"UNCOMMON";"Hospital Santa Ruína";"true";"0";"0";"18";"0";"0";"6";"Sapatos de Tier 3 para Médico. Receita do mapa Hospital Santa Ruína."
"Sapatos de Resgate do Terminal";"Médico";"BOOTS";"Sapatos";"4";"UNCOMMON";"Terminal dos Esquecidos";"true";"0";"0";"24";"0";"0";"8";"Sapatos de Tier 4 para Médico. Receita do mapa Terminal dos Esquecidos."
"Sapatos de Quarentena Verde";"Médico";"BOOTS";"Sapatos";"5";"RARE";"Zona de Quarentena 9";"true";"0";"0";"30";"0";"0";"10";"Sapatos de Tier 5 para Médico. Receita do mapa Zona de Quarentena 9."
"Sapatos de Vapor Cinzento";"Médico";"BOOTS";"Sapatos";"6";"RARE";"Refinaria do Pó Cinzento";"true";"0";"0";"36";"0";"0";"12";"Sapatos de Tier 6 para Médico. Receita do mapa Refinaria do Pó Cinzento."
"Sapatos de Campo Mutagênico";"Médico";"BOOTS";"Sapatos";"7";"EPIC";"Avenida dos Caídos";"true";"0";"0";"42";"0";"0";"14";"Sapatos de Tier 7 para Médico. Receita do mapa Avenida dos Caídos."
"Sapatos de Tração Helix";"Médico";"BOOTS";"Sapatos";"8";"EPIC";"Complexo Helix";"true";"0";"0";"48";"0";"0";"16";"Sapatos de Tier 8 para Médico. Receita do mapa Complexo Helix."
"Sapatos de Marcha Carmesim";"Médico";"BOOTS";"Sapatos";"9";"LEGENDARY";"Necrópole Industrial";"true";"0";"0";"54";"0";"0";"18";"Sapatos de Tier 9 para Médico. Receita do mapa Necrópole Industrial."
"Sapatos do Último Passo";"Médico";"BOOTS";"Sapatos";"10";"LEGENDARY";"Marco Zero";"true";"0";"0";"60";"0";"0";"20";"Sapatos de Tier 10 para Médico. Receita do mapa Marco Zero."
"Rifle de Cano Curto";"Atirador";"MAIN_HAND";"Rifle";"1";"COMMON";"Subúrbio Silencioso";"true";"0";"0";"2";"6";"0";"0";"Rifle de Tier 1 para Atirador. Receita do mapa Subúrbio Silencioso."
"Pistola de Gaveta Quebrada";"Atirador";"MAIN_HAND";"Pistola";"1";"COMMON";"Subúrbio Silencioso";"true";"0";"0";"2";"6";"0";"0";"Pistola de Tier 1 para Atirador. Receita do mapa Subúrbio Silencioso."
"Rifle de Oficina Oxidado";"Atirador";"MAIN_HAND";"Rifle";"2";"COMMON";"Distrito da Ferrugem";"true";"0";"0";"4";"12";"0";"0";"Rifle de Tier 2 para Atirador. Receita do mapa Distrito da Ferrugem."
"Pistola de Chapa Enferrujada";"Atirador";"MAIN_HAND";"Pistola";"2";"COMMON";"Distrito da Ferrugem";"true";"0";"0";"4";"12";"0";"0";"Pistola de Tier 2 para Atirador. Receita do mapa Distrito da Ferrugem."
"Rifle de Dardos Clínicos";"Atirador";"MAIN_HAND";"Rifle";"3";"UNCOMMON";"Hospital Santa Ruína";"true";"0";"0";"6";"18";"0";"0";"Rifle de Tier 3 para Atirador. Receita do mapa Hospital Santa Ruína."
"Pistola de Sedativo Quebrada";"Atirador";"MAIN_HAND";"Pistola";"3";"UNCOMMON";"Hospital Santa Ruína";"true";"0";"0";"6";"18";"0";"0";"Pistola de Tier 3 para Atirador. Receita do mapa Hospital Santa Ruína."
"Rifle de Sinalização de Embarque";"Atirador";"MAIN_HAND";"Rifle";"4";"UNCOMMON";"Terminal dos Esquecidos";"true";"0";"0";"8";"24";"0";"0";"Rifle de Tier 4 para Atirador. Receita do mapa Terminal dos Esquecidos."
"Pistola de Segurança do Terminal";"Atirador";"MAIN_HAND";"Pistola";"4";"UNCOMMON";"Terminal dos Esquecidos";"true";"0";"0";"8";"24";"0";"0";"Pistola de Tier 4 para Atirador. Receita do mapa Terminal dos Esquecidos."
"Rifle de Contenção Verde";"Atirador";"MAIN_HAND";"Rifle";"5";"RARE";"Zona de Quarentena 9";"true";"0";"0";"10";"30";"0";"0";"Rifle de Tier 5 para Atirador. Receita do mapa Zona de Quarentena 9."
"Pistola de Quarentena Selada";"Atirador";"MAIN_HAND";"Pistola";"5";"RARE";"Zona de Quarentena 9";"true";"0";"0";"10";"30";"0";"0";"Pistola de Tier 5 para Atirador. Receita do mapa Zona de Quarentena 9."
"Rifle de Fuligem Cinzenta";"Atirador";"MAIN_HAND";"Rifle";"6";"RARE";"Refinaria do Pó Cinzento";"true";"0";"0";"12";"36";"0";"0";"Rifle de Tier 6 para Atirador. Receita do mapa Refinaria do Pó Cinzento."
"Pistola de Pressão da Refinaria";"Atirador";"MAIN_HAND";"Pistola";"6";"RARE";"Refinaria do Pó Cinzento";"true";"0";"0";"12";"36";"0";"0";"Pistola de Tier 6 para Atirador. Receita do mapa Refinaria do Pó Cinzento."
"Rifle Antimotim Roxo";"Atirador";"MAIN_HAND";"Rifle";"7";"EPIC";"Avenida dos Caídos";"true";"0";"0";"14";"42";"0";"0";"Rifle de Tier 7 para Atirador. Receita do mapa Avenida dos Caídos."
"Pistola de Patrulha Mutagênica";"Atirador";"MAIN_HAND";"Pistola";"7";"EPIC";"Avenida dos Caídos";"true";"0";"0";"14";"42";"0";"0";"Pistola de Tier 7 para Atirador. Receita do mapa Avenida dos Caídos."
"Rifle Helix de Precisão";"Atirador";"MAIN_HAND";"Rifle";"8";"EPIC";"Complexo Helix";"true";"0";"0";"16";"48";"0";"0";"Rifle de Tier 8 para Atirador. Receita do mapa Complexo Helix."
"Pistola de Pulso Experimental";"Atirador";"MAIN_HAND";"Pistola";"8";"EPIC";"Complexo Helix";"true";"0";"0";"16";"48";"0";"0";"Pistola de Tier 8 para Atirador. Receita do mapa Complexo Helix."
"Rifle Carmesim da Necrópole";"Atirador";"MAIN_HAND";"Rifle";"9";"LEGENDARY";"Necrópole Industrial";"true";"0";"0";"18";"54";"0";"0";"Rifle de Tier 9 para Atirador. Receita do mapa Necrópole Industrial."
"Pistola Titânica de Execução";"Atirador";"MAIN_HAND";"Pistola";"9";"LEGENDARY";"Necrópole Industrial";"true";"0";"0";"18";"54";"0";"0";"Pistola de Tier 9 para Atirador. Receita do mapa Necrópole Industrial."
"Rifle do Marco Zero";"Atirador";"MAIN_HAND";"Rifle";"10";"LEGENDARY";"Marco Zero";"true";"0";"0";"20";"60";"0";"0";"Rifle de Tier 10 para Atirador. Receita do mapa Marco Zero."
"Pistola da Última Bala";"Atirador";"MAIN_HAND";"Pistola";"10";"LEGENDARY";"Marco Zero";"true";"0";"0";"20";"60";"0";"0";"Pistola de Tier 10 para Atirador. Receita do mapa Marco Zero."
"Carregador de Lata Amassada";"Atirador";"OFF_HAND";"Carregador";"1";"COMMON";"Subúrbio Silencioso";"true";"0";"2";"4";"2";"0";"0";"Carregador de Tier 1 para Atirador. Receita do mapa Subúrbio Silencioso."
"Carregador de Oficina Oxidado";"Atirador";"OFF_HAND";"Carregador";"2";"COMMON";"Distrito da Ferrugem";"true";"0";"4";"8";"4";"0";"0";"Carregador de Tier 2 para Atirador. Receita do mapa Distrito da Ferrugem."
"Carregador de Triagem Clínica";"Atirador";"OFF_HAND";"Carregador";"3";"UNCOMMON";"Hospital Santa Ruína";"true";"0";"6";"12";"6";"0";"0";"Carregador de Tier 3 para Atirador. Receita do mapa Hospital Santa Ruína."
"Carregador de Embarque Rápido";"Atirador";"OFF_HAND";"Carregador";"4";"UNCOMMON";"Terminal dos Esquecidos";"true";"0";"8";"16";"8";"0";"0";"Carregador de Tier 4 para Atirador. Receita do mapa Terminal dos Esquecidos."
"Carregador de Quarentena Verde";"Atirador";"OFF_HAND";"Carregador";"5";"RARE";"Zona de Quarentena 9";"true";"0";"10";"20";"10";"0";"0";"Carregador de Tier 5 para Atirador. Receita do mapa Zona de Quarentena 9."
"Carregador de Fuligem Pesada";"Atirador";"OFF_HAND";"Carregador";"6";"RARE";"Refinaria do Pó Cinzento";"true";"0";"12";"24";"12";"0";"0";"Carregador de Tier 6 para Atirador. Receita do mapa Refinaria do Pó Cinzento."
"Carregador Antimotim Instável";"Atirador";"OFF_HAND";"Carregador";"7";"EPIC";"Avenida dos Caídos";"true";"0";"14";"28";"14";"0";"0";"Carregador de Tier 7 para Atirador. Receita do mapa Avenida dos Caídos."
"Carregador Helix Pressurizado";"Atirador";"OFF_HAND";"Carregador";"8";"EPIC";"Complexo Helix";"true";"0";"16";"32";"16";"0";"0";"Carregador de Tier 8 para Atirador. Receita do mapa Complexo Helix."
"Carregador Carmesim da Necrópole";"Atirador";"OFF_HAND";"Carregador";"9";"LEGENDARY";"Necrópole Industrial";"true";"0";"18";"36";"18";"0";"0";"Carregador de Tier 9 para Atirador. Receita do mapa Necrópole Industrial."
"Carregador do Último Disparo";"Atirador";"OFF_HAND";"Carregador";"10";"LEGENDARY";"Marco Zero";"true";"0";"20";"40";"20";"0";"0";"Carregador de Tier 10 para Atirador. Receita do mapa Marco Zero."
"Viseira de Mira Rachada";"Atirador";"HEAD";"Viseira";"1";"COMMON";"Subúrbio Silencioso";"true";"0";"0";"0";"2";"0";"4";"Viseira de Tier 1 para Atirador. Receita do mapa Subúrbio Silencioso."
"Viseira de Oficina Oxidada";"Atirador";"HEAD";"Viseira";"2";"COMMON";"Distrito da Ferrugem";"true";"0";"0";"0";"4";"0";"8";"Viseira de Tier 2 para Atirador. Receita do mapa Distrito da Ferrugem."
"Viseira de Triagem Balística";"Atirador";"HEAD";"Viseira";"3";"UNCOMMON";"Hospital Santa Ruína";"true";"0";"0";"0";"6";"0";"12";"Viseira de Tier 3 para Atirador. Receita do mapa Hospital Santa Ruína."
"Viseira de Embarque Tático";"Atirador";"HEAD";"Viseira";"4";"UNCOMMON";"Terminal dos Esquecidos";"true";"0";"0";"0";"8";"0";"16";"Viseira de Tier 4 para Atirador. Receita do mapa Terminal dos Esquecidos."
"Viseira de Quarentena Verde";"Atirador";"HEAD";"Viseira";"5";"RARE";"Zona de Quarentena 9";"true";"0";"0";"0";"10";"0";"20";"Viseira de Tier 5 para Atirador. Receita do mapa Zona de Quarentena 9."
"Viseira de Vapor Cinzento";"Atirador";"HEAD";"Viseira";"6";"RARE";"Refinaria do Pó Cinzento";"true";"0";"0";"0";"12";"0";"24";"Viseira de Tier 6 para Atirador. Receita do mapa Refinaria do Pó Cinzento."
"Viseira Antimotim Roxa";"Atirador";"HEAD";"Viseira";"7";"EPIC";"Avenida dos Caídos";"true";"0";"0";"0";"14";"0";"28";"Viseira de Tier 7 para Atirador. Receita do mapa Avenida dos Caídos."
"Viseira Helix de Rastreamento";"Atirador";"HEAD";"Viseira";"8";"EPIC";"Complexo Helix";"true";"0";"0";"0";"16";"0";"32";"Viseira de Tier 8 para Atirador. Receita do mapa Complexo Helix."
"Viseira Carmesim da Necrópole";"Atirador";"HEAD";"Viseira";"9";"LEGENDARY";"Necrópole Industrial";"true";"0";"0";"0";"18";"0";"36";"Viseira de Tier 9 para Atirador. Receita do mapa Necrópole Industrial."
"Viseira do Marco Zero";"Atirador";"HEAD";"Viseira";"10";"LEGENDARY";"Marco Zero";"true";"0";"0";"0";"20";"0";"40";"Viseira de Tier 10 para Atirador. Receita do mapa Marco Zero."
"Jaqueta de Couro Furado";"Atirador";"ARMOR";"Jaqueta";"1";"COMMON";"Subúrbio Silencioso";"true";"0";"6";"0";"2";"0";"0";"Jaqueta de Tier 1 para Atirador. Receita do mapa Subúrbio Silencioso."
"Jaqueta de Oficina Oxidada";"Atirador";"ARMOR";"Jaqueta";"2";"COMMON";"Distrito da Ferrugem";"true";"0";"12";"0";"4";"0";"0";"Jaqueta de Tier 2 para Atirador. Receita do mapa Distrito da Ferrugem."
"Jaqueta de Resgate Clínico";"Atirador";"ARMOR";"Jaqueta";"3";"UNCOMMON";"Hospital Santa Ruína";"true";"0";"18";"0";"6";"0";"0";"Jaqueta de Tier 3 para Atirador. Receita do mapa Hospital Santa Ruína."
"Jaqueta de Patrulha do Terminal";"Atirador";"ARMOR";"Jaqueta";"4";"UNCOMMON";"Terminal dos Esquecidos";"true";"0";"24";"0";"8";"0";"0";"Jaqueta de Tier 4 para Atirador. Receita do mapa Terminal dos Esquecidos."
"Jaqueta de Quarentena Balística";"Atirador";"ARMOR";"Jaqueta";"5";"RARE";"Zona de Quarentena 9";"true";"0";"30";"0";"10";"0";"0";"Jaqueta de Tier 5 para Atirador. Receita do mapa Zona de Quarentena 9."
"Jaqueta de Refinaria Blindada";"Atirador";"ARMOR";"Jaqueta";"6";"RARE";"Refinaria do Pó Cinzento";"true";"0";"36";"0";"12";"0";"0";"Jaqueta de Tier 6 para Atirador. Receita do mapa Refinaria do Pó Cinzento."
"Jaqueta Antimotim do Atirador";"Atirador";"ARMOR";"Jaqueta";"7";"EPIC";"Avenida dos Caídos";"true";"0";"42";"0";"14";"0";"0";"Jaqueta de Tier 7 para Atirador. Receita do mapa Avenida dos Caídos."
"Jaqueta Helix de Precisão";"Atirador";"ARMOR";"Jaqueta";"8";"EPIC";"Complexo Helix";"true";"0";"48";"0";"16";"0";"0";"Jaqueta de Tier 8 para Atirador. Receita do mapa Complexo Helix."
"Jaqueta Titânica da Necrópole";"Atirador";"ARMOR";"Jaqueta";"9";"LEGENDARY";"Necrópole Industrial";"true";"0";"54";"0";"18";"0";"0";"Jaqueta de Tier 9 para Atirador. Receita do mapa Necrópole Industrial."
"Jaqueta do Último Disparo";"Atirador";"ARMOR";"Jaqueta";"10";"LEGENDARY";"Marco Zero";"true";"0";"60";"0";"20";"0";"0";"Jaqueta de Tier 10 para Atirador. Receita do mapa Marco Zero."
"Cargueiras de Rua Rasgadas";"Atirador";"PANTS";"Cargueiras";"1";"COMMON";"Subúrbio Silencioso";"true";"0";"4";"2";"0";"0";"0";"Cargueiras de Tier 1 para Atirador. Receita do mapa Subúrbio Silencioso."
"Cargueiras de Oficina Oleosa";"Atirador";"PANTS";"Cargueiras";"2";"COMMON";"Distrito da Ferrugem";"true";"0";"8";"4";"0";"0";"0";"Cargueiras de Tier 2 para Atirador. Receita do mapa Distrito da Ferrugem."
"Cargueiras de Maca de Campo";"Atirador";"PANTS";"Cargueiras";"3";"UNCOMMON";"Hospital Santa Ruína";"true";"0";"12";"6";"0";"0";"0";"Cargueiras de Tier 3 para Atirador. Receita do mapa Hospital Santa Ruína."
"Cargueiras de Embarque Tático";"Atirador";"PANTS";"Cargueiras";"4";"UNCOMMON";"Terminal dos Esquecidos";"true";"0";"16";"8";"0";"0";"0";"Cargueiras de Tier 4 para Atirador. Receita do mapa Terminal dos Esquecidos."
"Cargueiras de Quarentena Verde";"Atirador";"PANTS";"Cargueiras";"5";"RARE";"Zona de Quarentena 9";"true";"0";"20";"10";"0";"0";"0";"Cargueiras de Tier 5 para Atirador. Receita do mapa Zona de Quarentena 9."
"Cargueiras de Pó Cinzento";"Atirador";"PANTS";"Cargueiras";"6";"RARE";"Refinaria do Pó Cinzento";"true";"0";"24";"12";"0";"0";"0";"Cargueiras de Tier 6 para Atirador. Receita do mapa Refinaria do Pó Cinzento."
"Cargueiras de Patrulha Mutagênica";"Atirador";"PANTS";"Cargueiras";"7";"EPIC";"Avenida dos Caídos";"true";"0";"28";"14";"0";"0";"0";"Cargueiras de Tier 7 para Atirador. Receita do mapa Avenida dos Caídos."
"Cargueiras Articuladas Helix";"Atirador";"PANTS";"Cargueiras";"8";"EPIC";"Complexo Helix";"true";"0";"32";"16";"0";"0";"0";"Cargueiras de Tier 8 para Atirador. Receita do mapa Complexo Helix."
"Cargueiras Carmesim de Fibra";"Atirador";"PANTS";"Cargueiras";"9";"LEGENDARY";"Necrópole Industrial";"true";"0";"36";"18";"0";"0";"0";"Cargueiras de Tier 9 para Atirador. Receita do mapa Necrópole Industrial."
"Cargueiras do Marco Zero";"Atirador";"PANTS";"Cargueiras";"10";"LEGENDARY";"Marco Zero";"true";"0";"40";"20";"0";"0";"0";"Cargueiras de Tier 10 para Atirador. Receita do mapa Marco Zero."
"Coturnos de Patrulha Gasta";"Atirador";"BOOTS";"Coturnos";"1";"COMMON";"Subúrbio Silencioso";"true";"0";"0";"6";"2";"0";"0";"Coturnos de Tier 1 para Atirador. Receita do mapa Subúrbio Silencioso."
"Coturnos de Ferrugem Baixa";"Atirador";"BOOTS";"Coturnos";"2";"COMMON";"Distrito da Ferrugem";"true";"0";"0";"12";"4";"0";"0";"Coturnos de Tier 2 para Atirador. Receita do mapa Distrito da Ferrugem."
"Coturnos de Enfermaria Tática";"Atirador";"BOOTS";"Coturnos";"3";"UNCOMMON";"Hospital Santa Ruína";"true";"0";"0";"18";"6";"0";"0";"Coturnos de Tier 3 para Atirador. Receita do mapa Hospital Santa Ruína."
"Coturnos de Terminal Quebrado";"Atirador";"BOOTS";"Coturnos";"4";"UNCOMMON";"Terminal dos Esquecidos";"true";"0";"0";"24";"8";"0";"0";"Coturnos de Tier 4 para Atirador. Receita do mapa Terminal dos Esquecidos."
"Coturnos de Quarentena Verde";"Atirador";"BOOTS";"Coturnos";"5";"RARE";"Zona de Quarentena 9";"true";"0";"0";"30";"10";"0";"0";"Coturnos de Tier 5 para Atirador. Receita do mapa Zona de Quarentena 9."
"Coturnos de Refinaria Cinzenta";"Atirador";"BOOTS";"Coturnos";"6";"RARE";"Refinaria do Pó Cinzento";"true";"0";"0";"36";"12";"0";"0";"Coturnos de Tier 6 para Atirador. Receita do mapa Refinaria do Pó Cinzento."
"Coturnos de Asfalto Balístico";"Atirador";"BOOTS";"Coturnos";"7";"EPIC";"Avenida dos Caídos";"true";"0";"0";"42";"14";"0";"0";"Coturnos de Tier 7 para Atirador. Receita do mapa Avenida dos Caídos."
"Coturnos de Tração Helix";"Atirador";"BOOTS";"Coturnos";"8";"EPIC";"Complexo Helix";"true";"0";"0";"48";"16";"0";"0";"Coturnos de Tier 8 para Atirador. Receita do mapa Complexo Helix."
"Coturnos de Marcha Carmesim";"Atirador";"BOOTS";"Coturnos";"9";"LEGENDARY";"Necrópole Industrial";"true";"0";"0";"54";"18";"0";"0";"Coturnos de Tier 9 para Atirador. Receita do mapa Necrópole Industrial."
"Coturnos do Marco Zero";"Atirador";"BOOTS";"Coturnos";"10";"LEGENDARY";"Marco Zero";"true";"0";"0";"60";"20";"0";"0";"Coturnos de Tier 10 para Atirador. Receita do mapa Marco Zero."
