"itemCraftado";"classe";"slot";"familia";"tier";"raridade";"mapa";"quantidadeGerada";"materialPrincipal";"origemPrincipal";"qtdPrincipal";"materialSecundario";"origemSecundaria";"qtdSecundario";"biomaterial";"qtdBiomaterial";"residuo";"qtdResiduo";"totalIngredientes"
"Armadura de Retalhos Pesados";"Lutador";"ARMOR";"Armadura";"1";"COMMON";"Subúrbio Silencioso";"1";"Placa de Portão Leve";"DESMANCHE";"80";"Jaqueta Remendada";"COLETA";"40";"Biomaterial Torácico Comum";"15";"Resíduo Infecto Pálido";"25";"160"
"Armadura de Placas Oxidadas";"Lutador";"ARMOR";"Armadura";"2";"COMMON";"Distrito da Ferrugem";"1";"Lataria Enferrujada";"DESMANCHE";"80";"Colete de Operário Gasto";"COLETA";"40";"Biomaterial Torácico Comum";"15";"Resíduo Infecto Pálido";"25";"160"
"Armadura de Maca Reforçada";"Lutador";"ARMOR";"Armadura";"3";"UNCOMMON";"Hospital Santa Ruína";"1";"Estrutura de Maca Dobrada";"DESMANCHE";"90";"Avental Hospitalar Grosso";"COLETA";"45";"Biomaterial Torácico Incomum";"20";"Resíduo Infecto Amarelado";"35";"190"
"Armadura de Bagageiro Rebitado";"Lutador";"ARMOR";"Armadura";"4";"UNCOMMON";"Terminal dos Esquecidos";"1";"Painel de Bagageiro Amassado";"DESMANCHE";"90";"Forro de Assento Rasgado";"COLETA";"45";"Biomaterial Torácico Incomum";"20";"Resíduo Infecto Amarelado";"35";"190"
"Armadura de Barreira Selada";"Lutador";"ARMOR";"Armadura";"5";"RARE";"Zona de Quarentena 9";"1";"Painel de Barreira Selada";"DESMANCHE";"100";"Colete Antimordida Rasgado";"COLETA";"50";"Biomaterial Torácico Raro";"25";"Resíduo Infecto Tóxico";"45";"220"
"Armadura de Caldeira Cinzenta";"Lutador";"ARMOR";"Armadura";"6";"RARE";"Refinaria do Pó Cinzento";"1";"Placa de Caldeira Pesada";"DESMANCHE";"100";"Manta Térmica Queimada";"COLETA";"50";"Biomaterial Torácico Raro";"25";"Resíduo Infecto Tóxico";"45";"220"
"Armadura de Barricada Mutagênica";"Lutador";"ARMOR";"Armadura";"7";"EPIC";"Avenida dos Caídos";"1";"Placa Antimotim Recortada (Desmanche T7 Armadura)";"DESMANCHE";"110";"Colete Tático Rasgado (Coleta T7 Armadura)";"COLETA";"55";"Biomaterial Torácico Épico";"30";"Resíduo Infecto Mutagênico";"60";"255"
"Armadura de Carcaça Helix";"Lutador";"ARMOR";"Armadura";"8";"EPIC";"Complexo Helix";"1";"Carcaça Experimental Helix";"DESMANCHE";"110";"Revestimento de Polímero Helix (Coleta T8 Armadura)";"COLETA";"55";"Biomaterial Torácico Épico";"30";"Resíduo Infecto Mutagênico";"60";"255"
"Armadura Titânica da Necrópole";"Lutador";"ARMOR";"Armadura";"9";"LEGENDARY";"Necrópole Industrial";"1";"Câmara de Vedação Carmesim (Contenção T9 Armadura)";"CONTENCAO";"120";"Malha de Fibra Pesada (Coleta T9 Armadura)";"COLETA";"60";"Biomaterial Torácico Lendário";"40";"Resíduo Infecto Saturado";"80";"300"
"Armadura do Marco Zero";"Lutador";"ARMOR";"Armadura";"10";"LEGENDARY";"Marco Zero";"1";"Núcleo Rubro de Quarentena";"CONTENCAO";"120";"Manta de Fibra Rubra (Coleta T10 Armadura)";"COLETA";"60";"Biomaterial Torácico Lendário";"40";"Resíduo Infecto Saturado";"80";"300"
"Grevas de Tábua Remendada";"Lutador";"PANTS";"Grevas";"1";"COMMON";"Subúrbio Silencioso";"1";"Apoio de Madeira Rachado";"DESMANCHE";"80";"Retalho de Jeans Grosso";"COLETA";"40";"Biomaterial Articular Comum";"15";"Resíduo Infecto Pálido";"25";"160"
"Grevas de Lataria Oxidada";"Lutador";"PANTS";"Grevas";"2";"COMMON";"Distrito da Ferrugem";"1";"Casco de Solda Enferrujado";"DESMANCHE";"80";"Bainha de Uniforme Gasta (Coleta T2 Pernas)";"COLETA";"40";"Biomaterial Articular Comum";"15";"Resíduo Infecto Pálido";"25";"160"
"Grevas de Tala Clínica";"Lutador";"PANTS";"Grevas";"3";"UNCOMMON";"Hospital Santa Ruína";"1";"Arco de Protetor Facial";"DESMANCHE";"90";"Acolchoado de Maca (Coleta T3 Pernas)";"COLETA";"45";"Biomaterial Articular Incomum";"20";"Resíduo Infecto Amarelado";"35";"190"
"Grevas de Escada Rolante";"Lutador";"PANTS";"Grevas";"4";"UNCOMMON";"Terminal dos Esquecidos";"1";"Casco de Segurança Amassado";"DESMANCHE";"90";"Tapete de Embarque Desfiado (Coleta T4 Pernas)";"COLETA";"45";"Biomaterial Articular Incomum";"20";"Resíduo Infecto Amarelado";"35";"190"
"Grevas de Câmara Selada";"Lutador";"PANTS";"Grevas";"5";"RARE";"Zona de Quarentena 9";"1";"Aro de Câmara de Desinfecção";"DESMANCHE";"100";"Acolchoado Antimordida (Coleta T5 Pernas)";"COLETA";"50";"Biomaterial Articular Raro";"25";"Resíduo Infecto Tóxico";"45";"220"
"Grevas de Duto Cinzento";"Lutador";"PANTS";"Grevas";"6";"RARE";"Refinaria do Pó Cinzento";"1";"Chapa de Caldeira Serrada";"DESMANCHE";"100";"Avental de Borracha Carbonizado (Coleta T6 Pernas)";"COLETA";"50";"Biomaterial Articular Raro";"25";"Resíduo Infecto Tóxico";"45";"220"
"Grevas de Para-choque Tático";"Lutador";"PANTS";"Grevas";"7";"EPIC";"Avenida dos Caídos";"1";"Joelheira Paramédica Rasgada";"COLETA";"110";"Joelheira Tática Rasgada (Coleta T7 Pernas)";"COLETA";"55";"Biomaterial Articular Épico";"30";"Resíduo Infecto Mutagênico";"60";"255"
"Grevas de Articulação Helix";"Lutador";"PANTS";"Grevas";"8";"EPIC";"Complexo Helix";"1";"Polímero Articulado Clínico";"COLETA";"110";"Revestimento de Polímero Articulado";"COLETA";"55";"Biomaterial Articular Épico";"30";"Resíduo Infecto Mutagênico";"60";"255"
"Grevas Titânicas da Necrópole";"Lutador";"PANTS";"Grevas";"9";"LEGENDARY";"Necrópole Industrial";"1";"Câmara de Vedação Carmesim (Contenção T9 Off Hand)";"CONTENCAO";"120";"Trama de Fibra Pesada (Coleta T9 Pernas)";"COLETA";"60";"Biomaterial Articular Lendário";"40";"Resíduo Infecto Saturado";"80";"300"
"Grevas de Marcha do Marco Zero";"Lutador";"PANTS";"Grevas";"10";"LEGENDARY";"Marco Zero";"1";"Célula Rubra de Impacto";"CONTENCAO";"120";"Fibra Rubra Articulada (Coleta T10 Pernas)";"COLETA";"60";"Biomaterial Articular Lendário";"40";"Resíduo Infecto Saturado";"80";"300"
"Botas de Obra Remendadas";"Lutador";"BOOTS";"Botas";"1";"COMMON";"Subúrbio Silencioso";"1";"Couro de Bota Gasto";"COLETA";"80";"Biqueira de Lata Amassada";"DESMANCHE";"40";"Biomaterial de Mobilidade Comum";"15";"Resíduo Infecto Pálido";"25";"160"
"Botas de Ferrugem Cravada";"Lutador";"BOOTS";"Botas";"2";"COMMON";"Distrito da Ferrugem";"1";"Cadarço de Uniforme Gasto (Coleta T2 Pés)";"COLETA";"80";"Cravos de Ferro Oxidados";"DESMANCHE";"40";"Biomaterial de Mobilidade Comum";"15";"Resíduo Infecto Pálido";"25";"160"
"Botas de Enfermaria Seladas";"Lutador";"BOOTS";"Botas";"3";"UNCOMMON";"Hospital Santa Ruína";"1";"Cobertura Cirúrgica Rasgada (Coleta T3 Pés)";"COLETA";"90";"Estribo de Leito Clínico";"DESMANCHE";"45";"Biomaterial de Mobilidade Incomum";"20";"Resíduo Infecto Amarelado";"35";"190"
"Botas de Esteira Quebrada";"Lutador";"BOOTS";"Botas";"4";"UNCOMMON";"Terminal dos Esquecidos";"1";"Tapete de Piso Emborrachado (Coleta T4 Pés)";"COLETA";"90";"Rolete de Esteira de Bagagem";"DESMANCHE";"45";"Biomaterial de Mobilidade Incomum";"20";"Resíduo Infecto Amarelado";"35";"190"
"Botas de Quarentena Selada";"Lutador";"BOOTS";"Botas";"5";"RARE";"Zona de Quarentena 9";"1";"Manguito Antimordida";"COLETA";"100";"Reforço de Barreira Selada";"DESMANCHE";"50";"Biomaterial de Mobilidade Raro";"25";"Resíduo Infecto Tóxico";"45";"220"
"Botas de Cinza Industrial";"Lutador";"BOOTS";"Botas";"6";"RARE";"Refinaria do Pó Cinzento";"1";"Sola de Borracha Vulcanizada (Coleta T6 Pés)";"COLETA";"100";"Placa de Piso de Refinaria";"DESMANCHE";"50";"Biomaterial de Mobilidade Raro";"25";"Resíduo Infecto Tóxico";"45";"220"
"Botas de Asfalto Mutagênico";"Lutador";"BOOTS";"Botas";"7";"EPIC";"Avenida dos Caídos";"1";"Reforço de Polímero de Tornozelo (Coleta T7 Pés)";"COLETA";"110";"Pedal de Viatura Blindada";"DESMANCHE";"55";"Biomaterial de Mobilidade Épico";"30";"Resíduo Infecto Mutagênico";"60";"255"
"Botas de Tração Helix";"Lutador";"BOOTS";"Botas";"8";"EPIC";"Complexo Helix";"1";"Revestimento de Polímero Translúcido (Coleta T8 Pés)";"COLETA";"110";"Junta Mecânica Helix";"DESMANCHE";"55";"Biomaterial de Mobilidade Épico";"30";"Resíduo Infecto Mutagênico";"60";"255"
"Botas de Pisada Titânica";"Lutador";"BOOTS";"Botas";"9";"LEGENDARY";"Necrópole Industrial";"1";"Fibra de Compressão Pesada (Coleta T9 Pés)";"COLETA";"120";"Calcanhar Titânico Industrial";"DESMANCHE";"60";"Biomaterial de Mobilidade Lendário";"40";"Resíduo Infecto Saturado";"80";"300"
"Botas do Colapso Rubro";"Lutador";"BOOTS";"Botas";"10";"LEGENDARY";"Marco Zero";"1";"Fibra Escarlate de Tração (Coleta T10 Pés)";"COLETA";"120";"Solado Titânico do Marco";"DESMANCHE";"60";"Biomaterial de Mobilidade Lendário";"40";"Resíduo Infecto Saturado";"80";"300"
"Elmo de Obra Rachado";"Lutador";"HEAD";"Elmo";"1";"COMMON";"Subúrbio Silencioso";"1";"Casco de Capacete Quebrado";"DESMANCHE";"80";"Espuma Filtrante Suja";"CONTENCAO";"40";"Biomaterial Craniano Comum";"15";"Resíduo Infecto Pálido";"25";"160"
"Elmo de Soldador Enferrujado";"Lutador";"HEAD";"Elmo";"2";"COMMON";"Distrito da Ferrugem";"1";"Casco de Solda Enferrujado";"DESMANCHE";"80";"Respirador de Oficina Oxidado";"CONTENCAO";"40";"Biomaterial Craniano Comum";"15";"Resíduo Infecto Pálido";"25";"160"
"Elmo de Visor Clínico";"Lutador";"HEAD";"Elmo";"3";"UNCOMMON";"Hospital Santa Ruína";"1";"Arco de Protetor Facial";"DESMANCHE";"90";"Vedação de Máscara Clínica";"CONTENCAO";"45";"Biomaterial Craniano Incomum";"20";"Resíduo Infecto Amarelado";"35";"190"
"Elmo de Segurança do Terminal";"Lutador";"HEAD";"Elmo";"4";"UNCOMMON";"Terminal dos Esquecidos";"1";"Casco de Segurança Amassado";"DESMANCHE";"90";"Filtro de Cabine Queimado";"CONTENCAO";"45";"Biomaterial Craniano Incomum";"20";"Resíduo Infecto Amarelado";"35";"190"
"Elmo de Câmara Selada";"Lutador";"HEAD";"Elmo";"5";"RARE";"Zona de Quarentena 9";"1";"Casco de Contenção Pesada";"DESMANCHE";"100";"Válvula de Quarentena Verde";"CONTENCAO";"50";"Biomaterial Craniano Raro";"25";"Resíduo Infecto Tóxico";"45";"220"
"Elmo de Respirador Cinzento";"Lutador";"HEAD";"Elmo";"6";"RARE";"Refinaria do Pó Cinzento";"1";"Máscara de Solda Pesada";"DESMANCHE";"100";"Cartucho de Vapor Cinzento";"CONTENCAO";"50";"Biomaterial Craniano Raro";"25";"Resíduo Infecto Tóxico";"45";"220"
"Elmo de Motim Quebrado";"Lutador";"HEAD";"Elmo";"7";"EPIC";"Avenida dos Caídos";"1";"Cinto Tático Rompido";"COLETA";"110";"Inserto Cerâmico Craniano";"CONTENCAO";"55";"Biomaterial Craniano Épico";"30";"Resíduo Infecto Mutagênico";"60";"255"
"Elmo de Contenção Helix";"Lutador";"HEAD";"Elmo";"8";"EPIC";"Complexo Helix";"1";"Cápsula Biofiltrante Helix";"CONTENCAO";"110";"Módulo Cerâmico Helix (Contenção T8 Elmo)";"CONTENCAO";"55";"Biomaterial Craniano Épico";"30";"Resíduo Infecto Mutagênico";"60";"255"
"Elmo Titânico da Necrópole";"Lutador";"HEAD";"Elmo";"9";"LEGENDARY";"Necrópole Industrial";"1";"Núcleo de Respiração Carmesim";"CONTENCAO";"120";"Visor Carmesim Selado";"CONTENCAO";"60";"Biomaterial Craniano Lendário";"40";"Resíduo Infecto Saturado";"80";"300"
"Elmo do Marco Zero";"Lutador";"HEAD";"Elmo";"10";"LEGENDARY";"Marco Zero";"1";"Núcleo Rubro de Bloqueio";"CONTENCAO";"120";"Núcleo Rubro de Respiração";"CONTENCAO";"60";"Biomaterial Craniano Lendário";"40";"Resíduo Infecto Saturado";"80";"300"
"Maça de Ripa Cravada";"Lutador";"MAIN_HAND";"Maça";"1";"COMMON";"Subúrbio Silencioso";"1";"Cabo de Madeira Cravado";"DESMANCHE";"80";"Malha Rasgada";"COLETA";"40";"Biomaterial Cortante Comum";"15";"Resíduo Infecto Pálido";"25";"160"
"Machado de Lâmina Lascada";"Lutador";"MAIN_HAND";"Machado";"1";"COMMON";"Subúrbio Silencioso";"1";"Lâmina de Ferramenta Velha";"DESMANCHE";"80";"Pano de Empunhadura";"COLETA";"40";"Biomaterial Cortante Comum";"15";"Resíduo Infecto Pálido";"25";"160"
"Maça de Engrenagem Enferrujada";"Lutador";"MAIN_HAND";"Maça";"2";"COMMON";"Distrito da Ferrugem";"1";"Engrenagem Enferrujada";"DESMANCHE";"80";"Retalho de Uniforme";"COLETA";"40";"Biomaterial Cortante Comum";"15";"Resíduo Infecto Pálido";"25";"160"
"Machado de Chapa Rasgada";"Lutador";"MAIN_HAND";"Machado";"2";"COMMON";"Distrito da Ferrugem";"1";"Chapa de Oficina Rasgada";"DESMANCHE";"80";"Correia Gasta";"COLETA";"40";"Biomaterial Cortante Comum";"15";"Resíduo Infecto Pálido";"25";"160"
"Maça de Suporte de Soro";"Lutador";"MAIN_HAND";"Maça";"3";"UNCOMMON";"Hospital Santa Ruína";"1";"Pé de Suporte Clínico";"DESMANCHE";"90";"Faixa Hospitalar";"COLETA";"45";"Biomaterial Cortante Incomum";"20";"Resíduo Infecto Amarelado";"35";"190"
"Machado de Bandeja Cirúrgica";"Lutador";"MAIN_HAND";"Machado";"3";"UNCOMMON";"Hospital Santa Ruína";"1";"Bandeja Cirúrgica Serrilhada";"DESMANCHE";"90";"Forro de Maca Rasgado";"COLETA";"45";"Biomaterial Cortante Incomum";"20";"Resíduo Infecto Amarelado";"35";"190"
"Maça de Corrimão Rebitado";"Lutador";"MAIN_HAND";"Maça";"4";"UNCOMMON";"Terminal dos Esquecidos";"1";"Corrimão Rebitado";"DESMANCHE";"90";"Alça de Bagagem";"COLETA";"45";"Biomaterial Cortante Incomum";"20";"Resíduo Infecto Amarelado";"35";"190"
"Machado de Placa de Embarque";"Lutador";"MAIN_HAND";"Machado";"4";"UNCOMMON";"Terminal dos Esquecidos";"1";"Placa de Embarque Afiada";"DESMANCHE";"90";"Cinta de Assento";"COLETA";"45";"Biomaterial Cortante Incomum";"20";"Resíduo Infecto Amarelado";"35";"190"
"Maça de Grade de Quarentena";"Lutador";"MAIN_HAND";"Maça";"5";"RARE";"Zona de Quarentena 9";"1";"Grade de Quarentena Retorcida";"DESMANCHE";"100";"Forro de Colete Rasgado";"COLETA";"50";"Biomaterial Cortante Raro";"25";"Resíduo Infecto Tóxico";"45";"220"
"Machado de Porta de Contenção";"Lutador";"MAIN_HAND";"Machado";"5";"RARE";"Zona de Quarentena 9";"1";"Borda de Porta de Contenção";"DESMANCHE";"100";"Presilha de Equipamento";"COLETA";"50";"Biomaterial Cortante Raro";"25";"Resíduo Infecto Tóxico";"45";"220"
"Maça de Pistão de Refinaria";"Lutador";"MAIN_HAND";"Maça";"6";"RARE";"Refinaria do Pó Cinzento";"1";"Pistão Industrial Pesado";"DESMANCHE";"100";"Cinta de Borracha Grossa";"COLETA";"50";"Biomaterial Cortante Raro";"25";"Resíduo Infecto Tóxico";"45";"220"
"Machado de Chapa de Caldeira";"Lutador";"MAIN_HAND";"Machado";"6";"RARE";"Refinaria do Pó Cinzento";"1";"Chapa de Caldeira Serrada";"DESMANCHE";"100";"Manta Industrial Queimada";"COLETA";"50";"Biomaterial Cortante Raro";"25";"Resíduo Infecto Tóxico";"45";"220"
"Maça de Poste Retorcido";"Lutador";"MAIN_HAND";"Maça";"7";"EPIC";"Avenida dos Caídos";"1";"Cápsula Cerâmica Roxa";"CONTENCAO";"110";"Membrana de Polímero Rasgada";"COLETA";"55";"Biomaterial Cortante Épico";"30";"Resíduo Infecto Mutagênico";"60";"255"
"Machado de Porta de Viatura";"Lutador";"MAIN_HAND";"Machado";"7";"EPIC";"Avenida dos Caídos";"1";"Selo Balístico Instável";"CONTENCAO";"110";"Cinto Tático Rompido";"COLETA";"55";"Biomaterial Cortante Épico";"30";"Resíduo Infecto Mutagênico";"60";"255"
"Maça de Coluna Helix";"Lutador";"MAIN_HAND";"Maça";"8";"EPIC";"Complexo Helix";"1";"Cápsula de Contenção Helix (Contenção T8 Main Hand)";"CONTENCAO";"110";"Trama de Polímero Helix (Coleta T8 Main Hand)";"COLETA";"55";"Biomaterial Cortante Épico";"30";"Resíduo Infecto Mutagênico";"60";"255"
"Machado de Lâmina Experimental";"Lutador";"MAIN_HAND";"Machado";"8";"EPIC";"Complexo Helix";"1";"Módulo Cerâmico Helix (Contenção T8 Main Hand)";"CONTENCAO";"110";"Revestimento Sintético Reforçado";"COLETA";"55";"Biomaterial Cortante Épico";"30";"Resíduo Infecto Mutagênico";"60";"255"
"Maça de Coluna Titânica";"Lutador";"MAIN_HAND";"Maça";"9";"LEGENDARY";"Necrópole Industrial";"1";"Núcleo de Vedação Carmesim";"CONTENCAO";"120";"Trama de Fibra Reforçada";"COLETA";"60";"Biomaterial Cortante Lendário";"40";"Resíduo Infecto Saturado";"80";"300"
"Machado de Fragmento Titânico";"Lutador";"MAIN_HAND";"Machado";"9";"LEGENDARY";"Necrópole Industrial";"1";"Câmara Necrótica Selada";"CONTENCAO";"120";"Malha de Fibra Tática";"COLETA";"60";"Biomaterial Cortante Lendário";"40";"Resíduo Infecto Saturado";"80";"300"
"Maça do Marco Zero";"Lutador";"MAIN_HAND";"Maça";"10";"LEGENDARY";"Marco Zero";"1";"Núcleo Rubro de Esterilização (Contenção T10 Main Hand)";"CONTENCAO";"120";"Manta de Fibra Saturada (Coleta T10 Main Hand)";"COLETA";"60";"Biomaterial Cortante Lendário";"40";"Resíduo Infecto Saturado";"80";"300"
"Machado da Ruína Carmesim";"Lutador";"MAIN_HAND";"Machado";"10";"LEGENDARY";"Marco Zero";"1";"Selo Final de Contenção";"CONTENCAO";"120";"Trança de Fibra Escarlate (Coleta T10 Main Hand)";"COLETA";"60";"Biomaterial Cortante Lendário";"40";"Resíduo Infecto Saturado";"80";"300"
"Escudo de Tampa Amassada";"Lutador";"OFF_HAND";"Escudo";"1";"COMMON";"Subúrbio Silencioso";"1";"Placa de Porta Leve";"DESMANCHE";"80";"Pano Filtrante Sujo";"CONTENCAO";"40";"Biomaterial Reativo Comum";"15";"Resíduo Infecto Pálido";"25";"160"
"Escudo de Portão Oxidado";"Lutador";"OFF_HAND";"Escudo";"2";"COMMON";"Distrito da Ferrugem";"1";"Bolsa de Ferramentas Médicas Gasta";"COLETA";"80";"Rebite Selante Oxidado";"CONTENCAO";"40";"Biomaterial Reativo Comum";"15";"Resíduo Infecto Pálido";"25";"160"
"Escudo de Maca Dobrada";"Lutador";"OFF_HAND";"Escudo";"3";"UNCOMMON";"Hospital Santa Ruína";"1";"Acolchoado de Maca (Coleta T3 Pernas)";"COLETA";"90";"Tela de Isolamento Clínico";"CONTENCAO";"45";"Biomaterial Reativo Incomum";"20";"Resíduo Infecto Amarelado";"35";"190"
"Escudo de Painel de Embarque";"Lutador";"OFF_HAND";"Escudo";"4";"UNCOMMON";"Terminal dos Esquecidos";"1";"Cartucho Sanitário de Cabine";"CONTENCAO";"90";"Manta Antifiação";"CONTENCAO";"45";"Biomaterial Reativo Incomum";"20";"Resíduo Infecto Amarelado";"35";"190"
"Escudo de Barreira de Quarentena";"Lutador";"OFF_HAND";"Escudo";"5";"RARE";"Zona de Quarentena 9";"1";"Selante Bioquímico Verde";"CONTENCAO";"100";"Placa de Resina Verde";"CONTENCAO";"50";"Biomaterial Reativo Raro";"25";"Resíduo Infecto Tóxico";"45";"220"
"Escudo de Tampa de Caldeira";"Lutador";"OFF_HAND";"Escudo";"6";"RARE";"Refinaria do Pó Cinzento";"1";"Cápsula Química Ressecada";"CONTENCAO";"100";"Junta de Vapor Cinzenta";"CONTENCAO";"50";"Biomaterial Reativo Raro";"25";"Resíduo Infecto Tóxico";"45";"220"
"Escudo de Placa Antimotim";"Lutador";"OFF_HAND";"Escudo";"7";"EPIC";"Avenida dos Caídos";"1";"Cartucho Cerâmico Roxo";"CONTENCAO";"110";"Painel Cerâmico Roxo";"CONTENCAO";"55";"Biomaterial Reativo Épico";"30";"Resíduo Infecto Mutagênico";"60";"255"
"Escudo de Painel Helix";"Lutador";"OFF_HAND";"Escudo";"8";"EPIC";"Complexo Helix";"1";"Ampola Cerâmica Helix";"CONTENCAO";"110";"Cápsula de Contenção Helix (Contenção T8 Off Hand)";"CONTENCAO";"55";"Biomaterial Reativo Épico";"30";"Resíduo Infecto Mutagênico";"60";"255"
"Escudo Titânico da Necrópole";"Lutador";"OFF_HAND";"Escudo";"9";"LEGENDARY";"Necrópole Industrial";"1";"Câmara de Vedação Carmesim (Contenção T9 Off Hand)";"CONTENCAO";"120";"Núcleo de Bloqueio Carmesim";"CONTENCAO";"60";"Biomaterial Reativo Lendário";"40";"Resíduo Infecto Saturado";"80";"300"
"Escudo do Marco Zero";"Lutador";"OFF_HAND";"Escudo";"10";"LEGENDARY";"Marco Zero";"1";"Núcleo Rubro de Esterilização (Contenção T10 Off Hand)";"CONTENCAO";"120";"Núcleo Rubro de Bloqueio";"CONTENCAO";"60";"Biomaterial Reativo Lendário";"40";"Resíduo Infecto Saturado";"80";"300"
"Espada de Faca Alongada";"Assassino";"MAIN_HAND";"Espada";"1";"COMMON";"Subúrbio Silencioso";"1";"Faca Serrada de Cozinha";"ARSENAL";"80";"Fita de Mochila Rasgada";"PATRULHA";"40";"Biomaterial Cortante Comum";"15";"Resíduo Infecto Pálido";"25";"160"
"Adagas de Facas Trincadas";"Assassino";"MAIN_HAND";"Adagas";"1";"COMMON";"Subúrbio Silencioso";"1";"Par de Facas Trincadas";"ARSENAL";"80";"Cordão de Tênis Gasto";"PATRULHA";"40";"Biomaterial Cortante Comum";"15";"Resíduo Infecto Pálido";"25";"160"
"Espada de Serra Oxidada";"Assassino";"MAIN_HAND";"Espada";"2";"COMMON";"Distrito da Ferrugem";"1";"Lâmina de Serra Enferrujada";"ARSENAL";"80";"Luva de Oficina Gasta";"PATRULHA";"40";"Biomaterial Cortante Comum";"15";"Resíduo Infecto Pálido";"25";"160"
"Adagas de Estilete Enferrujado";"Assassino";"MAIN_HAND";"Adagas";"2";"COMMON";"Distrito da Ferrugem";"1";"Lâminas de Estilete Oxidadas";"ARSENAL";"80";"Gancho de Cinto Gasto";"PATRULHA";"40";"Biomaterial Cortante Comum";"15";"Resíduo Infecto Pálido";"25";"160"
"Espada de Bisturi Alongado";"Assassino";"MAIN_HAND";"Espada";"3";"UNCOMMON";"Hospital Santa Ruína";"1";"Bisturi Cirúrgico Alongado";"ARSENAL";"90";"Faixa de Torniquete";"PATRULHA";"45";"Biomaterial Cortante Incomum";"20";"Resíduo Infecto Amarelado";"35";"190"
"Adagas de Tesoura Cirúrgica";"Assassino";"MAIN_HAND";"Adagas";"3";"UNCOMMON";"Hospital Santa Ruína";"1";"Pontas de Tesoura Cirúrgica";"ARSENAL";"90";"Tira de Pulseira Hospitalar";"PATRULHA";"45";"Biomaterial Cortante Incomum";"20";"Resíduo Infecto Amarelado";"35";"190"
"Espada de Sinalização Afiada";"Assassino";"MAIN_HAND";"Espada";"4";"UNCOMMON";"Terminal dos Esquecidos";"1";"Placa de Sinalização Cortante";"ARSENAL";"90";"Correia de Mochila de Viagem";"PATRULHA";"45";"Biomaterial Cortante Incomum";"20";"Resíduo Infecto Amarelado";"35";"190"
"Adagas de Canivete de Embarque";"Assassino";"MAIN_HAND";"Adagas";"4";"UNCOMMON";"Terminal dos Esquecidos";"1";"Canivetes de Bagagem";"ARSENAL";"90";"Passador de Cinto de Assento";"PATRULHA";"45";"Biomaterial Cortante Incomum";"20";"Resíduo Infecto Amarelado";"35";"190"
"Espada de Lâmina Selada";"Assassino";"MAIN_HAND";"Espada";"5";"RARE";"Zona de Quarentena 9";"1";"Lâmina de Quarentena Selada";"ARSENAL";"100";"Cinta de Colete Antimordida";"PATRULHA";"50";"Biomaterial Cortante Raro";"25";"Resíduo Infecto Tóxico";"45";"220"
"Adagas de Contenção Verde";"Assassino";"MAIN_HAND";"Adagas";"5";"RARE";"Zona de Quarentena 9";"1";"Estiletes de Contenção Verde";"ARSENAL";"100";"Presilha de Equipamento Selado";"PATRULHA";"50";"Biomaterial Cortante Raro";"25";"Resíduo Infecto Tóxico";"45";"220"
"Espada de Corte Cinzento";"Assassino";"MAIN_HAND";"Espada";"6";"RARE";"Refinaria do Pó Cinzento";"1";"Lâmina de Corte Industrial";"ARSENAL";"100";"Luva de Borracha Queimada";"PATRULHA";"50";"Biomaterial Cortante Raro";"25";"Resíduo Infecto Tóxico";"45";"220"
"Adagas de Caldeira Fumegante";"Assassino";"MAIN_HAND";"Adagas";"6";"RARE";"Refinaria do Pó Cinzento";"1";"Lascas de Caldeira Afiadas";"ARSENAL";"100";"Correia Antióleo";"PATRULHA";"50";"Biomaterial Cortante Raro";"25";"Resíduo Infecto Tóxico";"45";"220"
"Espada de Viatura Partida";"Assassino";"MAIN_HAND";"Espada";"7";"EPIC";"Avenida dos Caídos";"1";"Lâmina de Porta de Viatura";"ARSENAL";"110";"Coldre Tático Rasgado";"PATRULHA";"55";"Biomaterial Cortante Épico";"30";"Resíduo Infecto Mutagênico";"60";"255"
"Adagas Antimotim Roxas";"Assassino";"MAIN_HAND";"Adagas";"7";"EPIC";"Avenida dos Caídos";"1";"Cacos de Escudo Antimotim";"ARSENAL";"110";"Braçadeira Tática Rompida";"PATRULHA";"55";"Biomaterial Cortante Épico";"30";"Resíduo Infecto Mutagênico";"60";"255"
"Espada Helix Serrilhada";"Assassino";"MAIN_HAND";"Espada";"8";"EPIC";"Complexo Helix";"1";"Lâmina Helix Serrilhada";"ARSENAL";"110";"Trama de Polímero Helix (Patrulha T8 Main Hand)";"PATRULHA";"55";"Biomaterial Cortante Épico";"30";"Resíduo Infecto Mutagênico";"60";"255"
"Adagas de Monofio Experimental";"Assassino";"MAIN_HAND";"Adagas";"8";"EPIC";"Complexo Helix";"1";"Filamentos Cortantes Helix";"ARSENAL";"110";"Pulseira de Infiltração Helix";"PATRULHA";"55";"Biomaterial Cortante Épico";"30";"Resíduo Infecto Mutagênico";"60";"255"
"Espada de Fragmento Carmesim";"Assassino";"MAIN_HAND";"Espada";"9";"LEGENDARY";"Necrópole Industrial";"1";"Fragmento Carmesim Cortante";"ARSENAL";"120";"Malha de Fibra Sombria";"PATRULHA";"60";"Biomaterial Cortante Lendário";"40";"Resíduo Infecto Saturado";"80";"300"
"Adagas Titânicas Necróticas";"Assassino";"MAIN_HAND";"Adagas";"9";"LEGENDARY";"Necrópole Industrial";"1";"Pontas Titânicas Necróticas";"ARSENAL";"120";"Correia de Fibra Tática";"PATRULHA";"60";"Biomaterial Cortante Lendário";"40";"Resíduo Infecto Saturado";"80";"300"
"Espada do Marco Zero";"Assassino";"MAIN_HAND";"Espada";"10";"LEGENDARY";"Marco Zero";"1";"Lâmina Rubra do Marco";"ARSENAL";"120";"Trança de Fibra Escarlate (Patrulha T10 Main Hand)";"PATRULHA";"60";"Biomaterial Cortante Lendário";"40";"Resíduo Infecto Saturado";"80";"300"
"Adagas da Ruína Silenciosa";"Assassino";"MAIN_HAND";"Adagas";"10";"LEGENDARY";"Marco Zero";"1";"Par de Lâminas do Colapso";"ARSENAL";"120";"Manta de Fibra Saturada (Patrulha T10 Main Hand)";"PATRULHA";"60";"Biomaterial Cortante Lendário";"40";"Resíduo Infecto Saturado";"80";"300"
"Bombas de Lata Fumacenta";"Assassino";"OFF_HAND";"Bombas";"1";"COMMON";"Subúrbio Silencioso";"1";"Cápsula de Lata Amassada";"ARSENAL";"80";"Circuito de Lanterna Quebrado";"TECNOVARREDURA";"40";"Biomaterial Reativo Comum";"15";"Resíduo Infecto Pálido";"25";"160"
"Bombas de Ferrugem Seca";"Assassino";"OFF_HAND";"Bombas";"2";"COMMON";"Distrito da Ferrugem";"1";"Cápsula de Oficina Oxidada";"ARSENAL";"80";"Gatilho de Alarme Oxidado";"TECNOVARREDURA";"40";"Biomaterial Reativo Comum";"15";"Resíduo Infecto Pálido";"25";"160"
"Bombas de Névoa Clínica";"Assassino";"OFF_HAND";"Bombas";"3";"UNCOMMON";"Hospital Santa Ruína";"1";"Frasco de Anestésico Vazio";"ARSENAL";"90";"Nebulizador Quebrado";"TECNOVARREDURA";"45";"Biomaterial Reativo Incomum";"20";"Resíduo Infecto Amarelado";"35";"190"
"Bombas de Sinalização Queimada";"Assassino";"OFF_HAND";"Bombas";"4";"UNCOMMON";"Terminal dos Esquecidos";"1";"Cartucho de Sinalização";"ARSENAL";"90";"Temporizador de Painel";"TECNOVARREDURA";"45";"Biomaterial Reativo Incomum";"20";"Resíduo Infecto Amarelado";"35";"190"
"Bombas de Quarentena Verde";"Assassino";"OFF_HAND";"Bombas";"5";"RARE";"Zona de Quarentena 9";"1";"Cápsula de Contenção";"ARSENAL";"100";"Sensor de Gás Verde (Tecnovarredura T5 Off Hand)";"TECNOVARREDURA";"50";"Biomaterial Reativo Raro";"25";"Resíduo Infecto Tóxico";"45";"220"
"Bombas de Fuligem Química";"Assassino";"OFF_HAND";"Bombas";"6";"RARE";"Refinaria do Pó Cinzento";"1";"Cartucho de Refinaria";"ARSENAL";"100";"Válvula Temporizadora";"TECNOVARREDURA";"50";"Biomaterial Reativo Raro";"25";"Resíduo Infecto Tóxico";"45";"220"
"Bombas de Sombra Mutagênica";"Assassino";"OFF_HAND";"Bombas";"7";"EPIC";"Avenida dos Caídos";"1";"Granadas de Fumaça Roxa";"ARSENAL";"110";"Emissor de Ruído Instável";"TECNOVARREDURA";"55";"Biomaterial Reativo Épico";"30";"Resíduo Infecto Mutagênico";"60";"255"
"Bombas Helix de Dispersão";"Assassino";"OFF_HAND";"Bombas";"8";"EPIC";"Complexo Helix";"1";"Cápsula Helix Pressurizada";"ARSENAL";"110";"Difusor Molecular Helix";"TECNOVARREDURA";"55";"Biomaterial Reativo Épico";"30";"Resíduo Infecto Mutagênico";"60";"255"
"Bombas Necróticas Carmesim";"Assassino";"OFF_HAND";"Bombas";"9";"LEGENDARY";"Necrópole Industrial";"1";"Núcleo Explosivo Carmesim";"ARSENAL";"120";"Detonador Necrótico";"TECNOVARREDURA";"60";"Biomaterial Reativo Lendário";"40";"Resíduo Infecto Saturado";"80";"300"
"Bombas do Eclipse Rubro";"Assassino";"OFF_HAND";"Bombas";"10";"LEGENDARY";"Marco Zero";"1";"Cápsula do Marco Zero";"ARSENAL";"120";"Núcleo de Dispersão Rubro";"TECNOVARREDURA";"60";"Biomaterial Reativo Lendário";"40";"Resíduo Infecto Saturado";"80";"300"
"Capuz de Moletom Rasgado";"Assassino";"HEAD";"Capuz";"1";"COMMON";"Subúrbio Silencioso";"1";"Lente de Lanterna Pequena";"TECNOVARREDURA";"80";"Cordão de Capuz Gasto";"PATRULHA";"40";"Biomaterial Craniano Comum";"15";"Resíduo Infecto Pálido";"25";"160"
"Capuz de Oficina Sombreado";"Assassino";"HEAD";"Capuz";"2";"COMMON";"Distrito da Ferrugem";"1";"LED de Máquina Quebrado";"TECNOVARREDURA";"80";"Tecido de Uniforme Oleoso";"PATRULHA";"40";"Biomaterial Craniano Comum";"15";"Resíduo Infecto Pálido";"25";"160"
"Capuz de Triagem Escura";"Assassino";"HEAD";"Capuz";"3";"UNCOMMON";"Hospital Santa Ruína";"1";"Sensor de Batimento Quebrado";"TECNOVARREDURA";"90";"Tira de Máscara Clínica";"PATRULHA";"45";"Biomaterial Craniano Incomum";"20";"Resíduo Infecto Amarelado";"35";"190"
"Capuz de Embarque Oculto";"Assassino";"HEAD";"Capuz";"4";"UNCOMMON";"Terminal dos Esquecidos";"1";"Chip de Catraca";"TECNOVARREDURA";"90";"Capuz de Passageiro Desfiado";"PATRULHA";"45";"Biomaterial Craniano Incomum";"20";"Resíduo Infecto Amarelado";"35";"190"
"Capuz de Quarentena Verde";"Assassino";"HEAD";"Capuz";"5";"RARE";"Zona de Quarentena 9";"1";"Visor de Quarentena";"TECNOVARREDURA";"100";"Véu Sanitário Rasgado";"PATRULHA";"50";"Biomaterial Craniano Raro";"25";"Resíduo Infecto Tóxico";"45";"220"
"Capuz de Fuligem Cinzenta";"Assassino";"HEAD";"Capuz";"6";"RARE";"Refinaria do Pó Cinzento";"1";"Sensor de Vapores";"TECNOVARREDURA";"100";"Capuz Antióleo Queimado";"PATRULHA";"50";"Biomaterial Craniano Raro";"25";"Resíduo Infecto Tóxico";"45";"220"
"Capuz de Sombra Mutagênica";"Assassino";"HEAD";"Capuz";"7";"EPIC";"Avenida dos Caídos";"1";"Microvisor Balístico";"TECNOVARREDURA";"110";"Tecido de Balaclava Rasgado";"PATRULHA";"55";"Biomaterial Craniano Épico";"30";"Resíduo Infecto Mutagênico";"60";"255"
"Capuz Helix Camuflado";"Assassino";"HEAD";"Capuz";"8";"EPIC";"Complexo Helix";"1";"Módulo de Camuflagem Helix";"TECNOVARREDURA";"110";"Manta de Polímero Helix";"PATRULHA";"55";"Biomaterial Craniano Épico";"30";"Resíduo Infecto Mutagênico";"60";"255"
"Capuz Necrótico Carmesim";"Assassino";"HEAD";"Capuz";"9";"LEGENDARY";"Necrópole Industrial";"1";"Interface Ocular Carmesim (Tecnovarredura T9 Elmo)";"TECNOVARREDURA";"120";"Trama de Fibra Sombria";"PATRULHA";"60";"Biomaterial Craniano Lendário";"40";"Resíduo Infecto Saturado";"80";"300"
"Capuz do Marco Zero";"Assassino";"HEAD";"Capuz";"10";"LEGENDARY";"Marco Zero";"1";"Núcleo de Sombra Rubro";"TECNOVARREDURA";"120";"Fibra Escarlate de Ocultação";"PATRULHA";"60";"Biomaterial Craniano Lendário";"40";"Resíduo Infecto Saturado";"80";"300"
"Traje de Rua Rasgado";"Assassino";"ARMOR";"Traje";"1";"COMMON";"Subúrbio Silencioso";"1";"Bolsa de Munição Rasgada";"PATRULHA";"80";"Placa de Walkie Quebrada";"TECNOVARREDURA";"40";"Biomaterial Torácico Comum";"15";"Resíduo Infecto Pálido";"25";"160"
"Traje de Oficina Silencioso";"Assassino";"ARMOR";"Traje";"2";"COMMON";"Distrito da Ferrugem";"1";"Bainha de Uniforme Escura";"PATRULHA";"80";"Rádio de Oficina Quebrado";"TECNOVARREDURA";"40";"Biomaterial Torácico Comum";"15";"Resíduo Infecto Pálido";"25";"160"
"Traje de Ala Isolada";"Assassino";"ARMOR";"Traje";"3";"UNCOMMON";"Hospital Santa Ruína";"1";"Acolchoado de Maca (Patrulha T3 Pernas)";"PATRULHA";"90";"Monitor Portátil Quebrado";"TECNOVARREDURA";"45";"Biomaterial Torácico Incomum";"20";"Resíduo Infecto Amarelado";"35";"190"
"Traje de Terminal Oculto";"Assassino";"ARMOR";"Traje";"4";"UNCOMMON";"Terminal dos Esquecidos";"1";"Porta-cartuchos de Bagagem";"PATRULHA";"90";"Leitor de Embarque Falho";"TECNOVARREDURA";"45";"Biomaterial Torácico Incomum";"20";"Resíduo Infecto Amarelado";"35";"190"
"Traje de Quarentena Furtiva";"Assassino";"ARMOR";"Traje";"5";"RARE";"Zona de Quarentena 9";"1";"Acolchoado Antimordida (Patrulha T5 Pernas)";"PATRULHA";"100";"Módulo de Alarme Verde";"TECNOVARREDURA";"50";"Biomaterial Torácico Raro";"25";"Resíduo Infecto Tóxico";"45";"220"
"Traje de Refinaria Sombria";"Assassino";"ARMOR";"Traje";"6";"RARE";"Refinaria do Pó Cinzento";"1";"Avental Antióleo Reforçado";"PATRULHA";"100";"Medidor de Pressão Queimado";"TECNOVARREDURA";"50";"Biomaterial Torácico Raro";"25";"Resíduo Infecto Tóxico";"45";"220"
"Traje Antimotim Sombrio";"Assassino";"ARMOR";"Traje";"7";"EPIC";"Avenida dos Caídos";"1";"Colete Tático Rasgado (Patrulha T7 Armadura)";"PATRULHA";"110";"Placa de Sensor Roxa";"TECNOVARREDURA";"55";"Biomaterial Torácico Épico";"30";"Resíduo Infecto Mutagênico";"60";"255"
"Traje Helix de Infiltração";"Assassino";"ARMOR";"Traje";"8";"EPIC";"Complexo Helix";"1";"Revestimento de Polímero Helix (Patrulha T8 Armadura)";"PATRULHA";"110";"Interface de Camuflagem Helix";"TECNOVARREDURA";"55";"Biomaterial Torácico Épico";"30";"Resíduo Infecto Mutagênico";"60";"255"
"Traje Titânico da Necrópole";"Assassino";"ARMOR";"Traje";"9";"LEGENDARY";"Necrópole Industrial";"1";"Fibra de Compressão Pesada (Patrulha T9 Pés)";"PATRULHA";"120";"Núcleo Necrótico Carmesim";"TECNOVARREDURA";"60";"Biomaterial Torácico Lendário";"40";"Resíduo Infecto Saturado";"80";"300"
"Traje da Ruína Silenciosa";"Assassino";"ARMOR";"Traje";"10";"LEGENDARY";"Marco Zero";"1";"Envoltório de Fibra Escarlate";"PATRULHA";"120";"Núcleo de Ocultação Final";"TECNOVARREDURA";"60";"Biomaterial Torácico Lendário";"40";"Resíduo Infecto Saturado";"80";"300"
"Perneiras de Jeans Cortado";"Assassino";"PANTS";"Perneiras";"1";"COMMON";"Subúrbio Silencioso";"1";"Retalho de Jeans Ajustado";"PATRULHA";"80";"Prego Afiado de Cerca";"ARSENAL";"40";"Biomaterial Articular Comum";"15";"Resíduo Infecto Pálido";"25";"160"
"Perneiras de Oficina Enferrujada";"Assassino";"PANTS";"Perneiras";"2";"COMMON";"Distrito da Ferrugem";"1";"Bainha de Uniforme Escura";"PATRULHA";"80";"Ponta de Chave de Fenda";"ARSENAL";"40";"Biomaterial Articular Comum";"15";"Resíduo Infecto Pálido";"25";"160"
"Perneiras de Maca Silenciosa";"Assassino";"PANTS";"Perneiras";"3";"UNCOMMON";"Hospital Santa Ruína";"1";"Acolchoado de Maca Fino";"PATRULHA";"90";"Lâmina de Tesoura Clínica";"ARSENAL";"45";"Biomaterial Articular Incomum";"20";"Resíduo Infecto Amarelado";"35";"190"
"Perneiras de Passageiro Oculto";"Assassino";"PANTS";"Perneiras";"4";"UNCOMMON";"Terminal dos Esquecidos";"1";"Tapete de Embarque Desfiado (Patrulha T4 Pernas)";"PATRULHA";"90";"Ponta de Canivete Quebrado";"ARSENAL";"45";"Biomaterial Articular Incomum";"20";"Resíduo Infecto Amarelado";"35";"190"
"Perneiras de Quarentena Leve";"Assassino";"PANTS";"Perneiras";"5";"RARE";"Zona de Quarentena 9";"1";"Acolchoado Antimordida Leve";"PATRULHA";"100";"Dardo de Contenção Verde";"ARSENAL";"50";"Biomaterial Articular Raro";"25";"Resíduo Infecto Tóxico";"45";"220"
"Perneiras de Cinza Industrial";"Assassino";"PANTS";"Perneiras";"6";"RARE";"Refinaria do Pó Cinzento";"1";"Relé de Refinaria";"TECNOVARREDURA";"100";"Faca de Manutenção Queimada";"ARSENAL";"50";"Biomaterial Articular Raro";"25";"Resíduo Infecto Tóxico";"45";"220"
"Perneiras de Patrulha Mutagênica";"Assassino";"PANTS";"Perneiras";"7";"EPIC";"Avenida dos Caídos";"1";"Joelheira Tática Rasgada (Patrulha T7 Pernas)";"PATRULHA";"110";"Espinho Balístico Roxo";"ARSENAL";"55";"Biomaterial Articular Épico";"30";"Resíduo Infecto Mutagênico";"60";"255"
"Perneiras Articuladas Helix";"Assassino";"PANTS";"Perneiras";"8";"EPIC";"Complexo Helix";"1";"Polímero Articulado Silencioso";"PATRULHA";"110";"Microserra Helix (Arsenal T8 Pernas)";"ARSENAL";"55";"Biomaterial Articular Épico";"30";"Resíduo Infecto Mutagênico";"60";"255"
"Perneiras Necróticas de Fibra";"Assassino";"PANTS";"Perneiras";"9";"LEGENDARY";"Necrópole Industrial";"1";"Câmara de Movimento Carmesim";"TECNOVARREDURA";"120";"Lâmina Curva Carmesim";"ARSENAL";"60";"Biomaterial Articular Lendário";"40";"Resíduo Infecto Saturado";"80";"300"
"Perneiras do Marco Zero";"Assassino";"PANTS";"Perneiras";"10";"LEGENDARY";"Marco Zero";"1";"Módulo de Passo Final";"TECNOVARREDURA";"120";"Ponta Rubra do Colapso";"ARSENAL";"60";"Biomaterial Articular Lendário";"40";"Resíduo Infecto Saturado";"80";"300"
"Sapatilhas de Pano Escuro";"Assassino";"BOOTS";"Sapatilhas";"1";"COMMON";"Subúrbio Silencioso";"1";"Sola de Tênis Gasto";"PATRULHA";"80";"Pilha de Lanterna Pequena";"TECNOVARREDURA";"40";"Biomaterial de Mobilidade Comum";"15";"Resíduo Infecto Pálido";"25";"160"
"Sapatilhas de Ferrugem Baixa";"Assassino";"BOOTS";"Sapatilhas";"2";"COMMON";"Distrito da Ferrugem";"1";"Cadarço de Uniforme Gasto (Patrulha T2 Pés)";"PATRULHA";"80";"Sensor de Porta Oxidado";"TECNOVARREDURA";"40";"Biomaterial de Mobilidade Comum";"15";"Resíduo Infecto Pálido";"25";"160"
"Sapatilhas de Enfermaria Silenciosa";"Assassino";"BOOTS";"Sapatilhas";"3";"UNCOMMON";"Hospital Santa Ruína";"1";"Cobertura Cirúrgica Rasgada (Patrulha T3 Pés)";"PATRULHA";"90";"Sensor de Oxímetro";"TECNOVARREDURA";"45";"Biomaterial de Mobilidade Incomum";"20";"Resíduo Infecto Amarelado";"35";"190"
"Sapatilhas de Esteira Quebrada";"Assassino";"BOOTS";"Sapatilhas";"4";"UNCOMMON";"Terminal dos Esquecidos";"1";"Tapete de Piso Emborrachado (Patrulha T4 Pés)";"PATRULHA";"90";"Chip de Esteira de Bagagem";"TECNOVARREDURA";"45";"Biomaterial de Mobilidade Incomum";"20";"Resíduo Infecto Amarelado";"35";"190"
"Sapatilhas de Quarentena Selada";"Assassino";"BOOTS";"Sapatilhas";"5";"RARE";"Zona de Quarentena 9";"1";"Atuador de Corte Sanitário";"TECNOVARREDURA";"100";"Detector de Gás Verde";"TECNOVARREDURA";"50";"Biomaterial de Mobilidade Raro";"25";"Resíduo Infecto Tóxico";"45";"220"
"Sapatilhas de Cinza Silenciosa";"Assassino";"BOOTS";"Sapatilhas";"6";"RARE";"Refinaria do Pó Cinzento";"1";"Condensador de Choque Cinzento";"TECNOVARREDURA";"100";"Sensor de Vapor Cinzento";"TECNOVARREDURA";"50";"Biomaterial de Mobilidade Raro";"25";"Resíduo Infecto Tóxico";"45";"220"
"Sapatilhas de Asfalto Mutagênico";"Assassino";"BOOTS";"Sapatilhas";"7";"EPIC";"Avenida dos Caídos";"1";"Microvisor de Campo Roxo";"TECNOVARREDURA";"110";"Módulo de Passo Instável";"TECNOVARREDURA";"55";"Biomaterial de Mobilidade Épico";"30";"Resíduo Infecto Mutagênico";"60";"255"
"Sapatilhas de Tração Helix";"Assassino";"BOOTS";"Sapatilhas";"8";"EPIC";"Complexo Helix";"1";"Atuador de Dosagem Helix";"TECNOVARREDURA";"110";"Atuador de Tração Helix";"TECNOVARREDURA";"55";"Biomaterial de Mobilidade Épico";"30";"Resíduo Infecto Mutagênico";"60";"255"
"Sapatilhas de Passo Carmesim";"Assassino";"BOOTS";"Sapatilhas";"9";"LEGENDARY";"Necrópole Industrial";"1";"Condutor Carmesim de Choque";"TECNOVARREDURA";"120";"Selo de Marcha Carmesim (Tecnovarredura T9 Pés)";"TECNOVARREDURA";"60";"Biomaterial de Mobilidade Lendário";"40";"Resíduo Infecto Saturado";"80";"300"
"Sapatilhas do Eclipse Rubro";"Assassino";"BOOTS";"Sapatilhas";"10";"LEGENDARY";"Marco Zero";"1";"Atuador Rubro de Dose Final";"TECNOVARREDURA";"120";"Célula Rubra de Silêncio";"TECNOVARREDURA";"60";"Biomaterial de Mobilidade Lendário";"40";"Resíduo Infecto Saturado";"80";"300"
"Serra de Emergência Quebrada";"Médico";"MAIN_HAND";"Serra";"1";"COMMON";"Subúrbio Silencioso";"1";"Motor de Cortador Quebrado";"TECNOVARREDURA";"80";"Antisséptico Vencido";"CONTENCAO";"40";"Biomaterial Cortante Comum";"15";"Resíduo Infecto Pálido";"25";"160"
"Desfibrilador de Rádio Improvisado";"Médico";"MAIN_HAND";"Desfibrilador";"1";"COMMON";"Subúrbio Silencioso";"1";"Bateria de Rádio Quebrada";"TECNOVARREDURA";"80";"Eletrodo de Borracha Sujo";"CONTENCAO";"40";"Biomaterial Cortante Comum";"15";"Resíduo Infecto Pálido";"25";"160"
"Serra de Oficina Médica Oxidada";"Médico";"MAIN_HAND";"Serra";"2";"COMMON";"Distrito da Ferrugem";"1";"Módulo de Serra Oxidado";"TECNOVARREDURA";"80";"Cartucho Filtrante Oxidado (Contenção T2 Main Hand)";"CONTENCAO";"40";"Biomaterial Cortante Comum";"15";"Resíduo Infecto Pálido";"25";"160"
"Desfibrilador de Bobina Enferrujada";"Médico";"MAIN_HAND";"Desfibrilador";"2";"COMMON";"Distrito da Ferrugem";"1";"Bobina de Choque Oxidada";"TECNOVARREDURA";"80";"Isolador de Oficina";"CONTENCAO";"40";"Biomaterial Cortante Comum";"15";"Resíduo Infecto Pálido";"25";"160"
"Serra Cirúrgica de Triagem";"Médico";"MAIN_HAND";"Serra";"3";"UNCOMMON";"Hospital Santa Ruína";"1";"Motor Cirúrgico Quebrado";"TECNOVARREDURA";"90";"Selo de Isolamento Clínico";"CONTENCAO";"45";"Biomaterial Cortante Incomum";"20";"Resíduo Infecto Amarelado";"35";"190"
"Desfibrilador de Leito Clínico";"Médico";"MAIN_HAND";"Desfibrilador";"3";"UNCOMMON";"Hospital Santa Ruína";"1";"Placa de Desfibrilador Rachada";"TECNOVARREDURA";"90";"Gel Condutor Vencido";"CONTENCAO";"45";"Biomaterial Cortante Incomum";"20";"Resíduo Infecto Amarelado";"35";"190"
"Serra de Resgate do Terminal";"Médico";"MAIN_HAND";"Serra";"4";"UNCOMMON";"Terminal dos Esquecidos";"1";"Motor de Porta Automática";"TECNOVARREDURA";"90";"Isolante de Painel Sanitário";"CONTENCAO";"45";"Biomaterial Cortante Incomum";"20";"Resíduo Infecto Amarelado";"35";"190"
"Desfibrilador de Cabine de Emergência";"Médico";"MAIN_HAND";"Desfibrilador";"4";"UNCOMMON";"Terminal dos Esquecidos";"1";"Capacitor de Cabine";"TECNOVARREDURA";"90";"Lacre de Maleta Médica";"CONTENCAO";"45";"Biomaterial Cortante Incomum";"20";"Resíduo Infecto Amarelado";"35";"190"
"Serra de Contenção Verde";"Médico";"MAIN_HAND";"Serra";"5";"RARE";"Zona de Quarentena 9";"1";"Atuador de Corte Sanitário";"TECNOVARREDURA";"100";"Ampola Selante Verde";"CONTENCAO";"50";"Biomaterial Cortante Raro";"25";"Resíduo Infecto Tóxico";"45";"220"
"Desfibrilador de Quarentena";"Médico";"MAIN_HAND";"Desfibrilador";"5";"RARE";"Zona de Quarentena 9";"1";"Bateria de Choque Verde";"TECNOVARREDURA";"100";"Gel Condutor Tóxico";"CONTENCAO";"50";"Biomaterial Cortante Raro";"25";"Resíduo Infecto Tóxico";"45";"220"
"Serra de Cautério Cinzento";"Médico";"MAIN_HAND";"Serra";"6";"RARE";"Refinaria do Pó Cinzento";"1";"Motor de Cautério Industrial";"TECNOVARREDURA";"100";"Pasta Isolante Cinzenta";"CONTENCAO";"50";"Biomaterial Cortante Raro";"25";"Resíduo Infecto Tóxico";"45";"220"
"Desfibrilador de Vapor Cinzento";"Médico";"MAIN_HAND";"Desfibrilador";"6";"RARE";"Refinaria do Pó Cinzento";"1";"Condensador de Choque Cinzento";"TECNOVARREDURA";"100";"Selo Químico de Vapor";"CONTENCAO";"50";"Biomaterial Cortante Raro";"25";"Resíduo Infecto Tóxico";"45";"220"
"Serra de Resgate Mutagênica";"Médico";"MAIN_HAND";"Serra";"7";"EPIC";"Avenida dos Caídos";"1";"Motor de Resgate Blindado";"TECNOVARREDURA";"110";"Cápsula Cerâmica Roxa";"CONTENCAO";"55";"Biomaterial Cortante Épico";"30";"Resíduo Infecto Mutagênico";"60";"255"
"Desfibrilador Antimotim";"Médico";"MAIN_HAND";"Desfibrilador";"7";"EPIC";"Avenida dos Caídos";"1";"Núcleo de Choque Policial";"TECNOVARREDURA";"110";"Selo Balístico Instável";"CONTENCAO";"55";"Biomaterial Cortante Épico";"30";"Resíduo Infecto Mutagênico";"60";"255"
"Serra Helix de Microcorte";"Médico";"MAIN_HAND";"Serra";"8";"EPIC";"Complexo Helix";"1";"Microserra Helix (Tecnovarredura T8 Main Hand)";"TECNOVARREDURA";"110";"Cápsula de Contenção Helix (Contenção T8 Main Hand)";"CONTENCAO";"55";"Biomaterial Cortante Épico";"30";"Resíduo Infecto Mutagênico";"60";"255"
"Desfibrilador Neural Helix";"Médico";"MAIN_HAND";"Desfibrilador";"8";"EPIC";"Complexo Helix";"1";"Atuador Neural de Choque";"TECNOVARREDURA";"110";"Módulo Cerâmico Helix (Contenção T8 Main Hand)";"CONTENCAO";"55";"Biomaterial Cortante Épico";"30";"Resíduo Infecto Mutagênico";"60";"255"
"Serra Necroclínica Carmesim";"Médico";"MAIN_HAND";"Serra";"9";"LEGENDARY";"Necrópole Industrial";"1";"Rotor Titânico Clínico";"TECNOVARREDURA";"120";"Núcleo de Vedação Carmesim";"CONTENCAO";"60";"Biomaterial Cortante Lendário";"40";"Resíduo Infecto Saturado";"80";"300"
"Desfibrilador Carmesim da Necrópole";"Médico";"MAIN_HAND";"Desfibrilador";"9";"LEGENDARY";"Necrópole Industrial";"1";"Condutor Carmesim de Choque";"TECNOVARREDURA";"120";"Câmara Necrótica Selada";"CONTENCAO";"60";"Biomaterial Cortante Lendário";"40";"Resíduo Infecto Saturado";"80";"300"
"Serra do Marco Zero";"Médico";"MAIN_HAND";"Serra";"10";"LEGENDARY";"Marco Zero";"1";"Lâmina Rubra de Microcorte";"TECNOVARREDURA";"120";"Núcleo Rubro de Esterilização (Contenção T10 Main Hand)";"CONTENCAO";"60";"Biomaterial Cortante Lendário";"40";"Resíduo Infecto Saturado";"80";"300"
"Desfibrilador do Último Pulso";"Médico";"MAIN_HAND";"Desfibrilador";"10";"LEGENDARY";"Marco Zero";"1";"Lâmina Rubra de Microcorte";"TECNOVARREDURA";"120";"Selo Final de Contenção";"CONTENCAO";"60";"Biomaterial Cortante Lendário";"40";"Resíduo Infecto Saturado";"80";"300"
"Injetor de Soro Rachado";"Médico";"OFF_HAND";"Injetor";"1";"COMMON";"Subúrbio Silencioso";"1";"Circuito de Lanterna Quebrado";"TECNOVARREDURA";"80";"Ampola Vazia Suja";"CONTENCAO";"40";"Biomaterial Reativo Comum";"15";"Resíduo Infecto Pálido";"25";"160"
"Injetor de Oficina Oxidado";"Médico";"OFF_HAND";"Injetor";"2";"COMMON";"Distrito da Ferrugem";"1";"Gatilho de Alarme Oxidado";"TECNOVARREDURA";"80";"Ampola Selante Oxidada";"CONTENCAO";"40";"Biomaterial Reativo Comum";"15";"Resíduo Infecto Pálido";"25";"160"
"Injetor de Triagem Clínica";"Médico";"OFF_HAND";"Injetor";"3";"UNCOMMON";"Hospital Santa Ruína";"1";"Acolchoado de Maca (Coleta T3 Pernas)";"COLETA";"90";"Lacre Estéril Amarelado";"CONTENCAO";"45";"Biomaterial Reativo Incomum";"20";"Resíduo Infecto Amarelado";"35";"190"
"Injetor de Emergência do Terminal";"Médico";"OFF_HAND";"Injetor";"4";"UNCOMMON";"Terminal dos Esquecidos";"1";"Manta de Emergência Desfiada";"COLETA";"90";"Cartucho Sanitário de Cabine";"CONTENCAO";"45";"Biomaterial Reativo Incomum";"20";"Resíduo Infecto Amarelado";"35";"190"
"Injetor de Quarentena Verde";"Médico";"OFF_HAND";"Injetor";"5";"RARE";"Zona de Quarentena 9";"1";"Sensor de Gás Verde (Tecnovarredura T5 Off Hand)";"TECNOVARREDURA";"100";"Selante Bioquímico Verde";"CONTENCAO";"50";"Biomaterial Reativo Raro";"25";"Resíduo Infecto Tóxico";"45";"220"
"Injetor de Reagente Cinzento";"Médico";"OFF_HAND";"Injetor";"6";"RARE";"Refinaria do Pó Cinzento";"1";"Avental de Borracha Carbonizado (Coleta T6 Armadura)";"COLETA";"100";"Cápsula Química Ressecada";"CONTENCAO";"50";"Biomaterial Reativo Raro";"25";"Resíduo Infecto Tóxico";"45";"220"
"Injetor Mutagênico de Campo";"Médico";"OFF_HAND";"Injetor";"7";"EPIC";"Avenida dos Caídos";"1";"Colete Tático Paramédico";"COLETA";"110";"Cartucho Cerâmico Roxo";"CONTENCAO";"55";"Biomaterial Reativo Épico";"30";"Resíduo Infecto Mutagênico";"60";"255"
"Injetor Helix de Estabilização";"Médico";"OFF_HAND";"Injetor";"8";"EPIC";"Complexo Helix";"1";"Revestimento de Polímero Clínico";"COLETA";"110";"Ampola Cerâmica Helix";"CONTENCAO";"55";"Biomaterial Reativo Épico";"30";"Resíduo Infecto Mutagênico";"60";"255"
"Injetor Carmesim de Reanimação";"Médico";"OFF_HAND";"Injetor";"9";"LEGENDARY";"Necrópole Industrial";"1";"Núcleo de Dosagem Carmesim";"TECNOVARREDURA";"120";"Câmara de Vedação Carmesim (Contenção T9 Off Hand)";"CONTENCAO";"60";"Biomaterial Reativo Lendário";"40";"Resíduo Infecto Saturado";"80";"300"
"Injetor do Marco Zero";"Médico";"OFF_HAND";"Injetor";"10";"LEGENDARY";"Marco Zero";"1";"Atuador Rubro de Dose Final";"TECNOVARREDURA";"120";"Núcleo Rubro de Esterilização (Contenção T10 Off Hand)";"CONTENCAO";"60";"Biomaterial Reativo Lendário";"40";"Resíduo Infecto Saturado";"80";"300"
"Máscara Clínica Rasgada";"Médico";"HEAD";"Máscara";"1";"COMMON";"Subúrbio Silencioso";"1";"Filtro Pálido Sujo";"CONTENCAO";"80";"Clipe de Respirador Quebrado";"TECNOVARREDURA";"40";"Biomaterial Craniano Comum";"15";"Resíduo Infecto Pálido";"25";"160"
"Máscara de Oficina Médica";"Médico";"HEAD";"Máscara";"2";"COMMON";"Distrito da Ferrugem";"1";"Cartucho Filtrante Oxidado (Contenção T2 Elmo)";"CONTENCAO";"80";"Válvula de Respirador Oxidada";"TECNOVARREDURA";"40";"Biomaterial Craniano Comum";"15";"Resíduo Infecto Pálido";"25";"160"
"Máscara de Isolamento Clínico";"Médico";"HEAD";"Máscara";"3";"UNCOMMON";"Hospital Santa Ruína";"1";"Vedação de Máscara Clínica";"CONTENCAO";"90";"Sensor de Respiração Quebrado";"TECNOVARREDURA";"45";"Biomaterial Craniano Incomum";"20";"Resíduo Infecto Amarelado";"35";"190"
"Máscara de Cabine Sanitária";"Médico";"HEAD";"Máscara";"4";"UNCOMMON";"Terminal dos Esquecidos";"1";"Filtro de Cabine Amarelado";"CONTENCAO";"90";"Módulo de Purificador de Cabine";"TECNOVARREDURA";"45";"Biomaterial Craniano Incomum";"20";"Resíduo Infecto Amarelado";"35";"190"
"Máscara de Quarentena Verde";"Médico";"HEAD";"Máscara";"5";"RARE";"Zona de Quarentena 9";"1";"Cartucho de Quarentena Verde";"CONTENCAO";"100";"Válvula Sanitária Verde";"TECNOVARREDURA";"50";"Biomaterial Craniano Raro";"25";"Resíduo Infecto Tóxico";"45";"220"
"Máscara de Vapor Cinzento";"Médico";"HEAD";"Máscara";"6";"RARE";"Refinaria do Pó Cinzento";"1";"Filtro de Vapor Ressecado";"CONTENCAO";"100";"Sensor de Vapores Cinzento";"TECNOVARREDURA";"50";"Biomaterial Craniano Raro";"25";"Resíduo Infecto Tóxico";"45";"220"
"Máscara de Resgate Mutagênico";"Médico";"HEAD";"Máscara";"7";"EPIC";"Avenida dos Caídos";"1";"Inserto Cerâmico Respiratório";"CONTENCAO";"110";"Microvisor de Campo Roxo";"TECNOVARREDURA";"55";"Biomaterial Craniano Épico";"30";"Resíduo Infecto Mutagênico";"60";"255"
"Máscara Helix de Biofiltro";"Médico";"HEAD";"Máscara";"8";"EPIC";"Complexo Helix";"1";"Cápsula Biofiltrante Helix";"CONTENCAO";"110";"Módulo Respiratório Helix";"TECNOVARREDURA";"55";"Biomaterial Craniano Épico";"30";"Resíduo Infecto Mutagênico";"60";"255"
"Máscara Carmesim de Contenção";"Médico";"HEAD";"Máscara";"9";"LEGENDARY";"Necrópole Industrial";"1";"Núcleo de Respiração Carmesim";"CONTENCAO";"120";"Interface Ocular Carmesim (Tecnovarredura T9 Elmo)";"TECNOVARREDURA";"60";"Biomaterial Craniano Lendário";"40";"Resíduo Infecto Saturado";"80";"300"
"Máscara do Marco Zero";"Médico";"HEAD";"Máscara";"10";"LEGENDARY";"Marco Zero";"1";"Núcleo Rubro de Respiração";"CONTENCAO";"120";"Visor Rubro de Bioleitura";"TECNOVARREDURA";"60";"Biomaterial Craniano Lendário";"40";"Resíduo Infecto Saturado";"80";"300"
"Colete de Primeiros Socorros";"Médico";"ARMOR";"Colete";"1";"COMMON";"Subúrbio Silencioso";"1";"Bolsa de Curativo Rasgada";"COLETA";"80";"Espuma Antisséptica Suja";"CONTENCAO";"40";"Biomaterial Torácico Comum";"15";"Resíduo Infecto Pálido";"25";"160"
"Colete Paramédico Enferrujado";"Médico";"ARMOR";"Colete";"2";"COMMON";"Distrito da Ferrugem";"1";"Bolsa de Ferramentas Médicas Gasta";"COLETA";"80";"Vedação de Oficina Sanitária";"CONTENCAO";"40";"Biomaterial Torácico Comum";"15";"Resíduo Infecto Pálido";"25";"160"
"Colete de Triagem Clínica";"Médico";"ARMOR";"Colete";"3";"UNCOMMON";"Hospital Santa Ruína";"1";"Avental Hospitalar Grosso";"COLETA";"90";"Placa de Isolamento Clínico";"CONTENCAO";"45";"Biomaterial Torácico Incomum";"20";"Resíduo Infecto Amarelado";"35";"190"
"Colete de Resgate do Terminal";"Médico";"ARMOR";"Colete";"4";"UNCOMMON";"Terminal dos Esquecidos";"1";"Manta de Emergência Desfiada";"COLETA";"90";"Lacre Sanitário de Cabine";"CONTENCAO";"45";"Biomaterial Torácico Incomum";"20";"Resíduo Infecto Amarelado";"35";"190"
"Colete de Quarentena Verde";"Médico";"ARMOR";"Colete";"5";"RARE";"Zona de Quarentena 9";"1";"Colete Antimordida Rasgado";"COLETA";"100";"Resina de Quarentena Verde";"CONTENCAO";"50";"Biomaterial Torácico Raro";"25";"Resíduo Infecto Tóxico";"45";"220"
"Colete de Vapor Cinzento";"Médico";"ARMOR";"Colete";"6";"RARE";"Refinaria do Pó Cinzento";"1";"Avental de Borracha Carbonizado (Coleta T6 Armadura)";"COLETA";"100";"Vedação de Vapor Cinzenta";"CONTENCAO";"50";"Biomaterial Torácico Raro";"25";"Resíduo Infecto Tóxico";"45";"220"
"Colete de Campo Mutagênico";"Médico";"ARMOR";"Colete";"7";"EPIC";"Avenida dos Caídos";"1";"Colete Tático Paramédico";"COLETA";"110";"Placa Cerâmica Roxa";"CONTENCAO";"55";"Biomaterial Torácico Épico";"30";"Resíduo Infecto Mutagênico";"60";"255"
"Colete Helix de Estabilização";"Médico";"ARMOR";"Colete";"8";"EPIC";"Complexo Helix";"1";"Revestimento de Polímero Clínico";"COLETA";"110";"Célula Cerâmica de Contenção";"CONTENCAO";"55";"Biomaterial Torácico Épico";"30";"Resíduo Infecto Mutagênico";"60";"255"
"Colete Carmesim da Necrópole";"Médico";"ARMOR";"Colete";"9";"LEGENDARY";"Necrópole Industrial";"1";"Malha de Fibra Médica";"COLETA";"120";"Câmara de Vedação Carmesim (Contenção T9 Armadura)";"CONTENCAO";"60";"Biomaterial Torácico Lendário";"40";"Resíduo Infecto Saturado";"80";"300"
"Colete do Último Socorro";"Médico";"ARMOR";"Colete";"10";"LEGENDARY";"Marco Zero";"1";"Manta de Fibra Rubra (Coleta T10 Armadura)";"COLETA";"120";"Núcleo Rubro de Quarentena";"CONTENCAO";"60";"Biomaterial Torácico Lendário";"40";"Resíduo Infecto Saturado";"80";"300"
"Calças de Socorro Rasgadas";"Médico";"PANTS";"Calças";"1";"COMMON";"Subúrbio Silencioso";"1";"Retalho de Calça Grossa";"COLETA";"80";"Fivela de Monitor Quebrada";"TECNOVARREDURA";"40";"Biomaterial Articular Comum";"15";"Resíduo Infecto Pálido";"25";"160"
"Calças de Oficina Sanitária";"Médico";"PANTS";"Calças";"2";"COMMON";"Distrito da Ferrugem";"1";"Bainha de Uniforme Gasta (Coleta T2 Pernas)";"COLETA";"80";"Sensor de Ferramenta Oxidado";"TECNOVARREDURA";"40";"Biomaterial Articular Comum";"15";"Resíduo Infecto Pálido";"25";"160"
"Calças de Triagem Clínica";"Médico";"PANTS";"Calças";"3";"UNCOMMON";"Hospital Santa Ruína";"1";"Acolchoado de Maca (Coleta T3 Pernas)";"COLETA";"90";"Cabo de Monitor Clínico";"TECNOVARREDURA";"45";"Biomaterial Articular Incomum";"20";"Resíduo Infecto Amarelado";"35";"190"
"Calças de Emergência do Terminal";"Médico";"PANTS";"Calças";"4";"UNCOMMON";"Terminal dos Esquecidos";"1";"Tapete de Embarque Desfiado (Coleta T4 Pernas)";"COLETA";"90";"Chip de Catraca Médica";"TECNOVARREDURA";"45";"Biomaterial Articular Incomum";"20";"Resíduo Infecto Amarelado";"35";"190"
"Calças de Quarentena Leve";"Médico";"PANTS";"Calças";"5";"RARE";"Zona de Quarentena 9";"1";"Acolchoado Antimordida (Coleta T5 Pernas)";"COLETA";"100";"Sensor de Gás Verde (Tecnovarredura T5 Pernas)";"TECNOVARREDURA";"50";"Biomaterial Articular Raro";"25";"Resíduo Infecto Tóxico";"45";"220"
"Calças de Vedação Cinzenta";"Médico";"PANTS";"Calças";"6";"RARE";"Refinaria do Pó Cinzento";"1";"Avental de Borracha Carbonizado (Coleta T6 Pernas)";"COLETA";"100";"Relé de Refinaria";"TECNOVARREDURA";"50";"Biomaterial Articular Raro";"25";"Resíduo Infecto Tóxico";"45";"220"
"Calças de Resgate Mutagênico";"Médico";"PANTS";"Calças";"7";"EPIC";"Avenida dos Caídos";"1";"Joelheira Paramédica Rasgada";"COLETA";"110";"Sensor de Movimento Roxo";"TECNOVARREDURA";"55";"Biomaterial Articular Épico";"30";"Resíduo Infecto Mutagênico";"60";"255"
"Calças Articuladas Helix";"Médico";"PANTS";"Calças";"8";"EPIC";"Complexo Helix";"1";"Polímero Articulado Clínico";"COLETA";"110";"Atuador de Joelho Helix";"TECNOVARREDURA";"55";"Biomaterial Articular Épico";"30";"Resíduo Infecto Mutagênico";"60";"255"
"Calças Carmesim de Estabilização";"Médico";"PANTS";"Calças";"9";"LEGENDARY";"Necrópole Industrial";"1";"Trama de Fibra Pesada (Coleta T9 Pernas)";"COLETA";"120";"Câmara de Movimento Carmesim";"TECNOVARREDURA";"60";"Biomaterial Articular Lendário";"40";"Resíduo Infecto Saturado";"80";"300"
"Calças do Marco Zero";"Médico";"PANTS";"Calças";"10";"LEGENDARY";"Marco Zero";"1";"Fibra Rubra Articulada (Coleta T10 Pernas)";"COLETA";"120";"Módulo de Passo Final";"TECNOVARREDURA";"60";"Biomaterial Articular Lendário";"40";"Resíduo Infecto Saturado";"80";"300"
"Sapatos de Enfermagem Gastos";"Médico";"BOOTS";"Sapatos";"1";"COMMON";"Subúrbio Silencioso";"1";"Couro de Sapato Gasto";"COLETA";"80";"Palmilha Filtrante Suja";"CONTENCAO";"40";"Biomaterial de Mobilidade Comum";"15";"Resíduo Infecto Pálido";"25";"160"
"Sapatos de Oficina Sanitária";"Médico";"BOOTS";"Sapatos";"2";"COMMON";"Distrito da Ferrugem";"1";"Cadarço de Uniforme Gasto (Coleta T2 Pés)";"COLETA";"80";"Vedação de Graxa Seca";"CONTENCAO";"40";"Biomaterial de Mobilidade Comum";"15";"Resíduo Infecto Pálido";"25";"160"
"Sapatos de Enfermaria Selada";"Médico";"BOOTS";"Sapatos";"3";"UNCOMMON";"Hospital Santa Ruína";"1";"Cobertura Cirúrgica Rasgada (Coleta T3 Pés)";"COLETA";"90";"Película Antisséptica Rachada";"CONTENCAO";"45";"Biomaterial de Mobilidade Incomum";"20";"Resíduo Infecto Amarelado";"35";"190"
"Sapatos de Resgate do Terminal";"Médico";"BOOTS";"Sapatos";"4";"UNCOMMON";"Terminal dos Esquecidos";"1";"Tapete de Piso Emborrachado (Coleta T4 Pés)";"COLETA";"90";"Manta Isolante de Cabine";"CONTENCAO";"45";"Biomaterial de Mobilidade Incomum";"20";"Resíduo Infecto Amarelado";"35";"190"
"Sapatos de Quarentena Verde";"Médico";"BOOTS";"Sapatos";"5";"RARE";"Zona de Quarentena 9";"1";"Manguito Antimordida Leve (Coleta T5 Pés)";"COLETA";"100";"Gel de Desinfecção Coagulado";"CONTENCAO";"50";"Biomaterial de Mobilidade Raro";"25";"Resíduo Infecto Tóxico";"45";"220"
"Sapatos de Vapor Cinzento";"Médico";"BOOTS";"Sapatos";"6";"RARE";"Refinaria do Pó Cinzento";"1";"Sola de Borracha Vulcanizada (Coleta T6 Pés)";"COLETA";"100";"Pasta de Vedação Cinzenta";"CONTENCAO";"50";"Biomaterial de Mobilidade Raro";"25";"Resíduo Infecto Tóxico";"45";"220"
"Sapatos de Campo Mutagênico";"Médico";"BOOTS";"Sapatos";"7";"EPIC";"Avenida dos Caídos";"1";"Reforço de Polímero de Tornozelo (Coleta T7 Pés)";"COLETA";"110";"Inserto Cerâmico Roxo";"CONTENCAO";"55";"Biomaterial de Mobilidade Épico";"30";"Resíduo Infecto Mutagênico";"60";"255"
"Sapatos de Tração Helix";"Médico";"BOOTS";"Sapatos";"8";"EPIC";"Complexo Helix";"1";"Revestimento de Polímero Translúcido (Coleta T8 Pés)";"COLETA";"110";"Cartucho Cerâmico Helix";"CONTENCAO";"55";"Biomaterial de Mobilidade Épico";"30";"Resíduo Infecto Mutagênico";"60";"255"
"Sapatos de Marcha Carmesim";"Médico";"BOOTS";"Sapatos";"9";"LEGENDARY";"Necrópole Industrial";"1";"Fibra de Compressão Pesada (Coleta T9 Pés)";"COLETA";"120";"Selo de Marcha Carmesim (Contenção T9 Pés)";"CONTENCAO";"60";"Biomaterial de Mobilidade Lendário";"40";"Resíduo Infecto Saturado";"80";"300"
"Sapatos do Último Passo";"Médico";"BOOTS";"Sapatos";"10";"LEGENDARY";"Marco Zero";"1";"Fibra Escarlate de Tração (Coleta T10 Pés)";"COLETA";"120";"Célula Rubra de Impacto";"CONTENCAO";"60";"Biomaterial de Mobilidade Lendário";"40";"Resíduo Infecto Saturado";"80";"300"
"Rifle de Cano Curto";"Atirador";"MAIN_HAND";"Rifle";"1";"COMMON";"Subúrbio Silencioso";"1";"Cano de Espingarda Velha";"ARSENAL";"80";"Apoio de Madeira Rachado";"DESMANCHE";"40";"Biomaterial Cortante Comum";"15";"Resíduo Infecto Pálido";"25";"160"
"Pistola de Gaveta Quebrada";"Atirador";"MAIN_HAND";"Pistola";"1";"COMMON";"Subúrbio Silencioso";"1";"Ferrolho de Pistola Gasto";"ARSENAL";"80";"Punho de Madeira Lascada";"DESMANCHE";"40";"Biomaterial Cortante Comum";"15";"Resíduo Infecto Pálido";"25";"160"
"Rifle de Oficina Oxidado";"Atirador";"MAIN_HAND";"Rifle";"2";"COMMON";"Distrito da Ferrugem";"1";"Cano Oxidado de Carabina";"ARSENAL";"80";"Suporte de Bancada Enferrujado";"DESMANCHE";"40";"Biomaterial Cortante Comum";"15";"Resíduo Infecto Pálido";"25";"160"
"Pistola de Chapa Enferrujada";"Atirador";"MAIN_HAND";"Pistola";"2";"COMMON";"Distrito da Ferrugem";"1";"Tambor Oxidado de Revólver";"ARSENAL";"80";"Placa de Oficina Recortada";"DESMANCHE";"40";"Biomaterial Cortante Comum";"15";"Resíduo Infecto Pálido";"25";"160"
"Rifle de Dardos Clínicos";"Atirador";"MAIN_HAND";"Rifle";"3";"UNCOMMON";"Hospital Santa Ruína";"1";"Lançador de Dardos Clínicos";"ARSENAL";"90";"Trilho de Leito Hospitalar";"DESMANCHE";"45";"Biomaterial Cortante Incomum";"20";"Resíduo Infecto Amarelado";"35";"190"
"Pistola de Sedativo Quebrada";"Atirador";"MAIN_HAND";"Pistola";"3";"UNCOMMON";"Hospital Santa Ruína";"1";"Câmara de Sedativo Pressurizada";"ARSENAL";"90";"Punho de Aço Clínico";"DESMANCHE";"45";"Biomaterial Cortante Incomum";"20";"Resíduo Infecto Amarelado";"35";"190"
"Rifle de Sinalização de Embarque";"Atirador";"MAIN_HAND";"Rifle";"4";"UNCOMMON";"Terminal dos Esquecidos";"1";"Cano de Sinalizador Longo";"ARSENAL";"90";"Placa de Embarque Recortada";"DESMANCHE";"45";"Biomaterial Cortante Incomum";"20";"Resíduo Infecto Amarelado";"35";"190"
"Pistola de Segurança do Terminal";"Atirador";"MAIN_HAND";"Pistola";"4";"UNCOMMON";"Terminal dos Esquecidos";"1";"Mecanismo de Pistola de Segurança";"ARSENAL";"90";"Painel de Catraca Quebrado";"DESMANCHE";"45";"Biomaterial Cortante Incomum";"20";"Resíduo Infecto Amarelado";"35";"190"
"Rifle de Contenção Verde";"Atirador";"MAIN_HAND";"Rifle";"5";"RARE";"Zona de Quarentena 9";"1";"Cano de Contenção Selado";"ARSENAL";"100";"Trilho de Barreira Verde";"DESMANCHE";"50";"Biomaterial Cortante Raro";"25";"Resíduo Infecto Tóxico";"45";"220"
"Pistola de Quarentena Selada";"Atirador";"MAIN_HAND";"Pistola";"5";"RARE";"Zona de Quarentena 9";"1";"Ferrolho Sanitário Verde";"ARSENAL";"100";"Placa de Porta Selada";"DESMANCHE";"50";"Biomaterial Cortante Raro";"25";"Resíduo Infecto Tóxico";"45";"220"
"Rifle de Fuligem Cinzenta";"Atirador";"MAIN_HAND";"Rifle";"6";"RARE";"Refinaria do Pó Cinzento";"1";"Cano Industrial Queimado";"ARSENAL";"100";"Suporte de Caldeira Serrado";"DESMANCHE";"50";"Biomaterial Cortante Raro";"25";"Resíduo Infecto Tóxico";"45";"220"
"Pistola de Pressão da Refinaria";"Atirador";"MAIN_HAND";"Pistola";"6";"RARE";"Refinaria do Pó Cinzento";"1";"Câmara de Pressão Cinzenta";"ARSENAL";"100";"Válvula de Refinaria";"DESMANCHE";"50";"Biomaterial Cortante Raro";"25";"Resíduo Infecto Tóxico";"45";"220"
"Rifle Antimotim Roxo";"Atirador";"MAIN_HAND";"Rifle";"7";"EPIC";"Avenida dos Caídos";"1";"Cano Balístico de Viatura";"ARSENAL";"110";"Calha de Viatura Blindada";"DESMANCHE";"55";"Biomaterial Cortante Épico";"30";"Resíduo Infecto Mutagênico";"60";"255"
"Pistola de Patrulha Mutagênica";"Atirador";"MAIN_HAND";"Pistola";"7";"EPIC";"Avenida dos Caídos";"1";"Ferrolho Balístico Roxo";"ARSENAL";"110";"Placa Antimotim Recortada (Desmanche T7 Main Hand)";"DESMANCHE";"55";"Biomaterial Cortante Épico";"30";"Resíduo Infecto Mutagênico";"60";"255"
"Rifle Helix de Precisão";"Atirador";"MAIN_HAND";"Rifle";"8";"EPIC";"Complexo Helix";"1";"Câmara Helix de Disparo";"ARSENAL";"110";"Trilho Experimental Helix";"DESMANCHE";"55";"Biomaterial Cortante Épico";"30";"Resíduo Infecto Mutagênico";"60";"255"
"Pistola de Pulso Experimental";"Atirador";"MAIN_HAND";"Pistola";"8";"EPIC";"Complexo Helix";"1";"Emissor de Pulso Helix";"ARSENAL";"110";"Carcaça de Atuador Helix";"DESMANCHE";"55";"Biomaterial Cortante Épico";"30";"Resíduo Infecto Mutagênico";"60";"255"
"Rifle Carmesim da Necrópole";"Atirador";"MAIN_HAND";"Rifle";"9";"LEGENDARY";"Necrópole Industrial";"1";"Cano Titânico Carmesim";"ARSENAL";"120";"Trilho Necroindustrial";"DESMANCHE";"60";"Biomaterial Cortante Lendário";"40";"Resíduo Infecto Saturado";"80";"300"
"Pistola Titânica de Execução";"Atirador";"MAIN_HAND";"Pistola";"9";"LEGENDARY";"Necrópole Industrial";"1";"Núcleo de Disparo Carmesim";"ARSENAL";"120";"Placa Titânica Cortante";"DESMANCHE";"60";"Biomaterial Cortante Lendário";"40";"Resíduo Infecto Saturado";"80";"300"
"Rifle do Marco Zero";"Atirador";"MAIN_HAND";"Rifle";"10";"LEGENDARY";"Marco Zero";"1";"Lâmina Rubra do Marco";"ARSENAL";"120";"Suporte Titânico do Marco";"DESMANCHE";"60";"Biomaterial Cortante Lendário";"40";"Resíduo Infecto Saturado";"80";"300"
"Pistola da Última Bala";"Atirador";"MAIN_HAND";"Pistola";"10";"LEGENDARY";"Marco Zero";"1";"Lâmina Rubra do Marco";"ARSENAL";"120";"Núcleo de Recuo Titânico";"DESMANCHE";"60";"Biomaterial Cortante Lendário";"40";"Resíduo Infecto Saturado";"80";"300"
"Carregador de Lata Amassada";"Atirador";"OFF_HAND";"Carregador";"1";"COMMON";"Subúrbio Silencioso";"1";"Pente de Munição Velho";"ARSENAL";"80";"Bolsa de Munição Rasgada";"PATRULHA";"40";"Biomaterial Reativo Comum";"15";"Resíduo Infecto Pálido";"25";"160"
"Carregador de Oficina Oxidado";"Atirador";"OFF_HAND";"Carregador";"2";"COMMON";"Distrito da Ferrugem";"1";"Mola de Carregador Oxidada";"ARSENAL";"80";"Porta-munição Oleoso";"PATRULHA";"40";"Biomaterial Reativo Comum";"15";"Resíduo Infecto Pálido";"25";"160"
"Carregador de Triagem Clínica";"Atirador";"OFF_HAND";"Carregador";"3";"UNCOMMON";"Hospital Santa Ruína";"1";"Tambor de Dardos Clínicos";"ARSENAL";"90";"Estojo de Ampolas Rasgado";"PATRULHA";"45";"Biomaterial Reativo Incomum";"20";"Resíduo Infecto Amarelado";"35";"190"
"Carregador de Embarque Rápido";"Atirador";"OFF_HAND";"Carregador";"4";"UNCOMMON";"Terminal dos Esquecidos";"1";"Cartucho de Sinalização";"ARSENAL";"90";"Porta-cartuchos de Bagagem";"PATRULHA";"45";"Biomaterial Reativo Incomum";"20";"Resíduo Infecto Amarelado";"35";"190"
"Carregador de Quarentena Verde";"Atirador";"OFF_HAND";"Carregador";"5";"RARE";"Zona de Quarentena 9";"1";"Pente Selado Verde";"ARSENAL";"100";"Bolsa Sanitária de Cartuchos";"PATRULHA";"50";"Biomaterial Reativo Raro";"25";"Resíduo Infecto Tóxico";"45";"220"
"Carregador de Fuligem Pesada";"Atirador";"OFF_HAND";"Carregador";"6";"RARE";"Refinaria do Pó Cinzento";"1";"Mola Industrial Queimada";"ARSENAL";"100";"Estojo Antióleo";"PATRULHA";"50";"Biomaterial Reativo Raro";"25";"Resíduo Infecto Tóxico";"45";"220"
"Carregador Antimotim Instável";"Atirador";"OFF_HAND";"Carregador";"7";"EPIC";"Avenida dos Caídos";"1";"Casco de Capacete de Motim";"DESMANCHE";"110";"Bolsa Tática Rasgada";"PATRULHA";"55";"Biomaterial Reativo Épico";"30";"Resíduo Infecto Mutagênico";"60";"255"
"Carregador Helix Pressurizado";"Atirador";"OFF_HAND";"Carregador";"8";"EPIC";"Complexo Helix";"1";"Cúpula de Proteção Helix";"DESMANCHE";"110";"Estojo de Polímero Helix";"PATRULHA";"55";"Biomaterial Reativo Épico";"30";"Resíduo Infecto Mutagênico";"60";"255"
"Carregador Carmesim da Necrópole";"Atirador";"OFF_HAND";"Carregador";"9";"LEGENDARY";"Necrópole Industrial";"1";"Núcleo Explosivo Carmesim";"ARSENAL";"120";"Rede de Fibra de Munição";"PATRULHA";"60";"Biomaterial Reativo Lendário";"40";"Resíduo Infecto Saturado";"80";"300"
"Carregador do Último Disparo";"Atirador";"OFF_HAND";"Carregador";"10";"LEGENDARY";"Marco Zero";"1";"Placa Titânica do Marco Zero";"DESMANCHE";"120";"Envoltório de Fibra Escarlate";"PATRULHA";"60";"Biomaterial Reativo Lendário";"40";"Resíduo Infecto Saturado";"80";"300"
"Viseira de Mira Rachada";"Atirador";"HEAD";"Viseira";"1";"COMMON";"Subúrbio Silencioso";"1";"Bolso de Munição Furado";"ARSENAL";"80";"Faixa de Boné Gasto";"PATRULHA";"40";"Biomaterial Craniano Comum";"15";"Resíduo Infecto Pálido";"25";"160"
"Viseira de Oficina Oxidada";"Atirador";"HEAD";"Viseira";"2";"COMMON";"Distrito da Ferrugem";"1";"Porta-cartuchos Oxidado";"ARSENAL";"80";"Tira de Avental de Oficina";"PATRULHA";"40";"Biomaterial Craniano Comum";"15";"Resíduo Infecto Pálido";"25";"160"
"Viseira de Triagem Balística";"Atirador";"HEAD";"Viseira";"3";"UNCOMMON";"Hospital Santa Ruína";"1";"Estojo de Dardos Clínicos";"ARSENAL";"90";"Touca de Resgate Reforçada";"PATRULHA";"45";"Biomaterial Craniano Incomum";"20";"Resíduo Infecto Amarelado";"35";"190"
"Viseira de Embarque Tático";"Atirador";"HEAD";"Viseira";"4";"UNCOMMON";"Terminal dos Esquecidos";"1";"Bolsa de Cartuchos de Sinalização";"ARSENAL";"90";"Tira de Bagageiro Acolchoada";"PATRULHA";"45";"Biomaterial Craniano Incomum";"20";"Resíduo Infecto Amarelado";"35";"190"
"Viseira de Quarentena Verde";"Atirador";"HEAD";"Viseira";"5";"RARE";"Zona de Quarentena 9";"1";"Casco de Contenção Pesada";"DESMANCHE";"100";"Forro Antimordida Tático";"PATRULHA";"50";"Biomaterial Craniano Raro";"25";"Resíduo Infecto Tóxico";"45";"220"
"Viseira de Vapor Cinzento";"Atirador";"HEAD";"Viseira";"6";"RARE";"Refinaria do Pó Cinzento";"1";"Máscara de Solda Pesada";"DESMANCHE";"100";"Gola de Borracha Queimada";"PATRULHA";"50";"Biomaterial Craniano Raro";"25";"Resíduo Infecto Tóxico";"45";"220"
"Viseira Antimotim Roxa";"Atirador";"HEAD";"Viseira";"7";"EPIC";"Avenida dos Caídos";"1";"Casco de Capacete de Motim";"DESMANCHE";"110";"Acolchoado Tático Rasgado";"PATRULHA";"55";"Biomaterial Craniano Épico";"30";"Resíduo Infecto Mutagênico";"60";"255"
"Viseira Helix de Rastreamento";"Atirador";"HEAD";"Viseira";"8";"EPIC";"Complexo Helix";"1";"Cúpula de Proteção Helix";"DESMANCHE";"110";"Revestimento de Polímero Craniano";"PATRULHA";"55";"Biomaterial Craniano Épico";"30";"Resíduo Infecto Mutagênico";"60";"255"
"Viseira Carmesim da Necrópole";"Atirador";"HEAD";"Viseira";"9";"LEGENDARY";"Necrópole Industrial";"1";"Casco Titânico Industrial";"DESMANCHE";"120";"Trama de Fibra Craniana";"PATRULHA";"60";"Biomaterial Craniano Lendário";"40";"Resíduo Infecto Saturado";"80";"300"
"Viseira do Marco Zero";"Atirador";"HEAD";"Viseira";"10";"LEGENDARY";"Marco Zero";"1";"Coroa Titânica do Marco";"DESMANCHE";"120";"Forro de Fibra Escarlate";"PATRULHA";"60";"Biomaterial Craniano Lendário";"40";"Resíduo Infecto Saturado";"80";"300"
"Jaqueta de Couro Furado";"Atirador";"ARMOR";"Jaqueta";"1";"COMMON";"Subúrbio Silencioso";"1";"Calça Cargo Rasgada";"PATRULHA";"80";"Placa de Porta Leve";"DESMANCHE";"40";"Biomaterial Torácico Comum";"15";"Resíduo Infecto Pálido";"25";"160"
"Jaqueta de Oficina Oxidada";"Atirador";"ARMOR";"Jaqueta";"2";"COMMON";"Distrito da Ferrugem";"1";"Bainha de Uniforme Gasta (Patrulha T2 Pernas)";"PATRULHA";"80";"Lataria Enferrujada";"DESMANCHE";"40";"Biomaterial Torácico Comum";"15";"Resíduo Infecto Pálido";"25";"160"
"Jaqueta de Resgate Clínico";"Atirador";"ARMOR";"Jaqueta";"3";"UNCOMMON";"Hospital Santa Ruína";"1";"Acolchoado de Maca (Patrulha T3 Pernas)";"PATRULHA";"90";"Estrutura de Maca Dobrada";"DESMANCHE";"45";"Biomaterial Torácico Incomum";"20";"Resíduo Infecto Amarelado";"35";"190"
"Jaqueta de Patrulha do Terminal";"Atirador";"ARMOR";"Jaqueta";"4";"UNCOMMON";"Terminal dos Esquecidos";"1";"Capuz de Passageiro Desfiado";"PATRULHA";"90";"Painel de Bagageiro Amassado";"DESMANCHE";"45";"Biomaterial Torácico Incomum";"20";"Resíduo Infecto Amarelado";"35";"190"
"Jaqueta de Quarentena Balística";"Atirador";"ARMOR";"Jaqueta";"5";"RARE";"Zona de Quarentena 9";"1";"Manguito Antimordida Leve (Patrulha T5 Pés)";"PATRULHA";"100";"Painel de Barreira Selada";"DESMANCHE";"50";"Biomaterial Torácico Raro";"25";"Resíduo Infecto Tóxico";"45";"220"
"Jaqueta de Refinaria Blindada";"Atirador";"ARMOR";"Jaqueta";"6";"RARE";"Refinaria do Pó Cinzento";"1";"Avental Antióleo Reforçado";"PATRULHA";"100";"Placa de Caldeira Pesada";"DESMANCHE";"50";"Biomaterial Torácico Raro";"25";"Resíduo Infecto Tóxico";"45";"220"
"Jaqueta Antimotim do Atirador";"Atirador";"ARMOR";"Jaqueta";"7";"EPIC";"Avenida dos Caídos";"1";"Calha de Viatura Blindada";"DESMANCHE";"110";"Placa Antimotim Recortada (Desmanche T7 Armadura)";"DESMANCHE";"55";"Biomaterial Torácico Épico";"30";"Resíduo Infecto Mutagênico";"60";"255"
"Jaqueta Helix de Precisão";"Atirador";"ARMOR";"Jaqueta";"8";"EPIC";"Complexo Helix";"1";"Carcaça de Atuador Helix";"DESMANCHE";"110";"Carcaça Experimental Helix";"DESMANCHE";"55";"Biomaterial Torácico Épico";"30";"Resíduo Infecto Mutagênico";"60";"255"
"Jaqueta Titânica da Necrópole";"Atirador";"ARMOR";"Jaqueta";"9";"LEGENDARY";"Necrópole Industrial";"1";"Coluna Titânica de Impacto";"DESMANCHE";"120";"Couraça Titânica Industrial";"DESMANCHE";"60";"Biomaterial Torácico Lendário";"40";"Resíduo Infecto Saturado";"80";"300"
"Jaqueta do Último Disparo";"Atirador";"ARMOR";"Jaqueta";"10";"LEGENDARY";"Marco Zero";"1";"Fibra Escarlate de Tração (Patrulha T10 Pés)";"PATRULHA";"120";"Placas Titânicas do Marco";"DESMANCHE";"60";"Biomaterial Torácico Lendário";"40";"Resíduo Infecto Saturado";"80";"300"
"Cargueiras de Rua Rasgadas";"Atirador";"PANTS";"Cargueiras";"1";"COMMON";"Subúrbio Silencioso";"1";"Apoio de Madeira Rachado";"DESMANCHE";"80";"Bolso de Munição Furado";"ARSENAL";"40";"Biomaterial Articular Comum";"15";"Resíduo Infecto Pálido";"25";"160"
"Cargueiras de Oficina Oleosa";"Atirador";"PANTS";"Cargueiras";"2";"COMMON";"Distrito da Ferrugem";"1";"Casco de Solda Enferrujado";"DESMANCHE";"80";"Porta-cartuchos Oxidado";"ARSENAL";"40";"Biomaterial Articular Comum";"15";"Resíduo Infecto Pálido";"25";"160"
"Cargueiras de Maca de Campo";"Atirador";"PANTS";"Cargueiras";"3";"UNCOMMON";"Hospital Santa Ruína";"1";"Acolchoado de Maca (Patrulha T3 Pernas)";"PATRULHA";"90";"Estojo de Dardos Clínicos";"ARSENAL";"45";"Biomaterial Articular Incomum";"20";"Resíduo Infecto Amarelado";"35";"190"
"Cargueiras de Embarque Tático";"Atirador";"PANTS";"Cargueiras";"4";"UNCOMMON";"Terminal dos Esquecidos";"1";"Tapete de Embarque Desfiado (Patrulha T4 Pernas)";"PATRULHA";"90";"Bolsa de Cartuchos de Sinalização";"ARSENAL";"45";"Biomaterial Articular Incomum";"20";"Resíduo Infecto Amarelado";"35";"190"
"Cargueiras de Quarentena Verde";"Atirador";"PANTS";"Cargueiras";"5";"RARE";"Zona de Quarentena 9";"1";"Acolchoado Antimordida (Patrulha T5 Pernas)";"PATRULHA";"100";"Clip de Cápsulas Verdes";"ARSENAL";"50";"Biomaterial Articular Raro";"25";"Resíduo Infecto Tóxico";"45";"220"
"Cargueiras de Pó Cinzento";"Atirador";"PANTS";"Cargueiras";"6";"RARE";"Refinaria do Pó Cinzento";"1";"Avental de Borracha Carbonizado (Patrulha T6 Pernas)";"PATRULHA";"100";"Estojo de Munição Química";"ARSENAL";"50";"Biomaterial Articular Raro";"25";"Resíduo Infecto Tóxico";"45";"220"
"Cargueiras de Patrulha Mutagênica";"Atirador";"PANTS";"Cargueiras";"7";"EPIC";"Avenida dos Caídos";"1";"Joelheira Tática Rasgada (Patrulha T7 Pernas)";"PATRULHA";"110";"Pente Balístico Roxo";"ARSENAL";"55";"Biomaterial Articular Épico";"30";"Resíduo Infecto Mutagênico";"60";"255"
"Cargueiras Articuladas Helix";"Atirador";"PANTS";"Cargueiras";"8";"EPIC";"Complexo Helix";"1";"Polímero Articulado Silencioso";"PATRULHA";"110";"Cartucho Modular Helix";"ARSENAL";"55";"Biomaterial Articular Épico";"30";"Resíduo Infecto Mutagênico";"60";"255"
"Cargueiras Carmesim de Fibra";"Atirador";"PANTS";"Cargueiras";"9";"LEGENDARY";"Necrópole Industrial";"1";"Correia de Fibra Tática";"PATRULHA";"120";"Cilindro de Munição Carmesim";"ARSENAL";"60";"Biomaterial Articular Lendário";"40";"Resíduo Infecto Saturado";"80";"300"
"Cargueiras do Marco Zero";"Atirador";"PANTS";"Cargueiras";"10";"LEGENDARY";"Marco Zero";"1";"Fibra Rubra Articulada (Patrulha T10 Pernas)";"PATRULHA";"120";"Porta-cargas do Marco";"ARSENAL";"60";"Biomaterial Articular Lendário";"40";"Resíduo Infecto Saturado";"80";"300"
"Coturnos de Patrulha Gasta";"Atirador";"BOOTS";"Coturnos";"1";"COMMON";"Subúrbio Silencioso";"1";"Couro de Coturno Gasto";"PATRULHA";"80";"Biqueira de Lata Amassada";"DESMANCHE";"40";"Biomaterial de Mobilidade Comum";"15";"Resíduo Infecto Pálido";"25";"160"
"Coturnos de Ferrugem Baixa";"Atirador";"BOOTS";"Coturnos";"2";"COMMON";"Distrito da Ferrugem";"1";"Cadarço de Uniforme Gasto (Patrulha T2 Pés)";"PATRULHA";"80";"Cravos de Ferro Oxidados";"DESMANCHE";"40";"Biomaterial de Mobilidade Comum";"15";"Resíduo Infecto Pálido";"25";"160"
"Coturnos de Enfermaria Tática";"Atirador";"BOOTS";"Coturnos";"3";"UNCOMMON";"Hospital Santa Ruína";"1";"Cobertura Cirúrgica Rasgada (Patrulha T3 Pés)";"PATRULHA";"90";"Estribo de Leito Clínico";"DESMANCHE";"45";"Biomaterial de Mobilidade Incomum";"20";"Resíduo Infecto Amarelado";"35";"190"
"Coturnos de Terminal Quebrado";"Atirador";"BOOTS";"Coturnos";"4";"UNCOMMON";"Terminal dos Esquecidos";"1";"Tapete de Piso Emborrachado (Patrulha T4 Pés)";"PATRULHA";"90";"Rolete de Esteira de Bagagem";"DESMANCHE";"45";"Biomaterial de Mobilidade Incomum";"20";"Resíduo Infecto Amarelado";"35";"190"
"Coturnos de Quarentena Verde";"Atirador";"BOOTS";"Coturnos";"5";"RARE";"Zona de Quarentena 9";"1";"Manguito Antimordida Leve (Patrulha T5 Pés)";"PATRULHA";"100";"Reforço de Barreira Selada";"DESMANCHE";"50";"Biomaterial de Mobilidade Raro";"25";"Resíduo Infecto Tóxico";"45";"220"
"Coturnos de Refinaria Cinzenta";"Atirador";"BOOTS";"Coturnos";"6";"RARE";"Refinaria do Pó Cinzento";"1";"Sola de Borracha Vulcanizada (Patrulha T6 Pés)";"PATRULHA";"100";"Placa de Piso de Refinaria";"DESMANCHE";"50";"Biomaterial de Mobilidade Raro";"25";"Resíduo Infecto Tóxico";"45";"220"
"Coturnos de Asfalto Balístico";"Atirador";"BOOTS";"Coturnos";"7";"EPIC";"Avenida dos Caídos";"1";"Reforço de Polímero de Tornozelo (Patrulha T7 Pés)";"PATRULHA";"110";"Pedal de Viatura Blindada";"DESMANCHE";"55";"Biomaterial de Mobilidade Épico";"30";"Resíduo Infecto Mutagênico";"60";"255"
"Coturnos de Tração Helix";"Atirador";"BOOTS";"Coturnos";"8";"EPIC";"Complexo Helix";"1";"Revestimento de Polímero Translúcido (Patrulha T8 Pés)";"PATRULHA";"110";"Junta Mecânica Helix";"DESMANCHE";"55";"Biomaterial de Mobilidade Épico";"30";"Resíduo Infecto Mutagênico";"60";"255"
"Coturnos de Marcha Carmesim";"Atirador";"BOOTS";"Coturnos";"9";"LEGENDARY";"Necrópole Industrial";"1";"Fibra de Compressão Pesada (Patrulha T9 Pés)";"PATRULHA";"120";"Calcanhar Titânico Industrial";"DESMANCHE";"60";"Biomaterial de Mobilidade Lendário";"40";"Resíduo Infecto Saturado";"80";"300"
"Coturnos do Marco Zero";"Atirador";"BOOTS";"Coturnos";"10";"LEGENDARY";"Marco Zero";"1";"Fibra Escarlate de Tração (Patrulha T10 Pés)";"PATRULHA";"120";"Solado Titânico do Marco";"DESMANCHE";"60";"Biomaterial de Mobilidade Lendário";"40";"Resíduo Infecto Saturado";"80";"300"
