"mob";"tipoMob";"tier";"raridadeFaixa";"mapa";"submapa";"ordemNoSubmapa";"dropOrdem";"itemDrop";"tipoDrop";"chancePercentual";"quantidadeMinima";"quantidadeMaxima"
"Errante do Subúrbio";"MONSTER";"1";"COMMON";"Subúrbio Silencioso";"Rua das Cercas";"1";"1";"Resíduo Infecto Pálido";"RESIDUE";"45";"1";"2"
"Errante do Subúrbio";"MONSTER";"1";"COMMON";"Subúrbio Silencioso";"Rua das Cercas";"1";"2";"Biomaterial Articular Comum";"BIOMATERIAL";"35";"1";"1"
"Rato de Lixeira Infectado";"MONSTER";"1";"COMMON";"Subúrbio Silencioso";"Rua das Cercas";"2";"1";"Resíduo Infecto Pálido";"RESIDUE";"45";"1";"2"
"Rato de Lixeira Infectado";"MONSTER";"1";"COMMON";"Subúrbio Silencioso";"Rua das Cercas";"2";"2";"Biomaterial Cortante Comum";"BIOMATERIAL";"70";"1";"1"
"Cão de Rua Infectado";"MONSTER";"1";"COMMON";"Subúrbio Silencioso";"Rua das Cercas";"3";"1";"Resíduo Infecto Pálido";"RESIDUE";"45";"1";"2"
"Cão de Rua Infectado";"MONSTER";"1";"COMMON";"Subúrbio Silencioso";"Rua das Cercas";"3";"2";"Biomaterial Craniano Comum";"BIOMATERIAL";"35";"1";"1"
"Gato de Telhado Contaminado";"MONSTER";"1";"COMMON";"Subúrbio Silencioso";"Rua das Cercas";"4";"1";"Resíduo Infecto Pálido";"RESIDUE";"45";"1";"2"
"Gato de Telhado Contaminado";"MONSTER";"1";"COMMON";"Subúrbio Silencioso";"Rua das Cercas";"4";"2";"Biomaterial de Mobilidade Comum";"BIOMATERIAL";"35";"1";"1"
"Rastejante de Garagem";"MONSTER";"1";"COMMON";"Subúrbio Silencioso";"Quintais Abandonados";"1";"1";"Resíduo Infecto Pálido";"RESIDUE";"45";"1";"2"
"Rastejante de Garagem";"MONSTER";"1";"COMMON";"Subúrbio Silencioso";"Quintais Abandonados";"1";"2";"Biomaterial Reativo Comum";"BIOMATERIAL";"35";"1";"1"
"Morador do Quintal";"MONSTER";"1";"COMMON";"Subúrbio Silencioso";"Quintais Abandonados";"2";"1";"Resíduo Infecto Pálido";"RESIDUE";"45";"1";"2"
"Morador do Quintal";"MONSTER";"1";"COMMON";"Subúrbio Silencioso";"Quintais Abandonados";"2";"2";"Biomaterial Torácico Comum";"BIOMATERIAL";"35";"1";"1"
"Gambá de Entulho Contaminado";"MONSTER";"1";"COMMON";"Subúrbio Silencioso";"Quintais Abandonados";"3";"1";"Resíduo Infecto Pálido";"RESIDUE";"45";"1";"2"
"Gambá de Entulho Contaminado";"MONSTER";"1";"COMMON";"Subúrbio Silencioso";"Quintais Abandonados";"3";"2";"Biomaterial Articular Comum";"BIOMATERIAL";"35";"1";"1"
"Morcego de Caixa d’Água";"MONSTER";"1";"COMMON";"Subúrbio Silencioso";"Quintais Abandonados";"4";"1";"Resíduo Infecto Pálido";"RESIDUE";"45";"1";"2"
"Morcego de Caixa d’Água";"MONSTER";"1";"COMMON";"Subúrbio Silencioso";"Quintais Abandonados";"4";"2";"Biomaterial Cortante Comum";"BIOMATERIAL";"70";"1";"1"
"Porteiro Infectado";"MONSTER";"1";"COMMON";"Subúrbio Silencioso";"Bloco do Síndico";"1";"1";"Resíduo Infecto Pálido";"RESIDUE";"45";"1";"2"
"Porteiro Infectado";"MONSTER";"1";"COMMON";"Subúrbio Silencioso";"Bloco do Síndico";"1";"2";"Biomaterial Craniano Comum";"BIOMATERIAL";"35";"1";"1"
"Inquilino Esticado do Bloco";"MONSTER";"1";"COMMON";"Subúrbio Silencioso";"Bloco do Síndico";"2";"1";"Resíduo Infecto Pálido";"RESIDUE";"45";"1";"2"
"Inquilino Esticado do Bloco";"MONSTER";"1";"COMMON";"Subúrbio Silencioso";"Bloco do Síndico";"2";"2";"Biomaterial de Mobilidade Comum";"BIOMATERIAL";"35";"1";"1"
"Urubu Carniceiro Contaminado";"MONSTER";"1";"COMMON";"Subúrbio Silencioso";"Bloco do Síndico";"3";"1";"Resíduo Infecto Pálido";"RESIDUE";"45";"1";"2"
"Urubu Carniceiro Contaminado";"MONSTER";"1";"COMMON";"Subúrbio Silencioso";"Bloco do Síndico";"3";"2";"Biomaterial Reativo Comum";"BIOMATERIAL";"35";"1";"1"
"Síndico Devorado";"ELITE";"1";"COMMON";"Subúrbio Silencioso";"Bloco do Síndico";"4";"1";"Resíduo Infecto Pálido";"RESIDUE";"45";"1";"2"
"Síndico Devorado";"ELITE";"1";"COMMON";"Subúrbio Silencioso";"Bloco do Síndico";"4";"2";"Biomaterial Torácico Comum";"BIOMATERIAL";"35";"1";"1"
"Síndico Devorado";"ELITE";"1";"COMMON";"Subúrbio Silencioso";"Bloco do Síndico";"4";"3";"Núcleo Infectado de Elite Comum";"ELITE_CORE";"25";"1";"1"
"Carregador de Paletes Infectado";"MONSTER";"2";"COMMON";"Distrito da Ferrugem";"Pátio de Carga";"1";"1";"Resíduo Infecto Pálido";"RESIDUE";"45";"1";"2"
"Carregador de Paletes Infectado";"MONSTER";"2";"COMMON";"Distrito da Ferrugem";"Pátio de Carga";"1";"2";"Biomaterial Cortante Comum";"BIOMATERIAL";"70";"1";"1"
"Barata de Depósito Oleosa";"MONSTER";"2";"COMMON";"Distrito da Ferrugem";"Pátio de Carga";"2";"1";"Resíduo Infecto Pálido";"RESIDUE";"45";"1";"2"
"Barata de Depósito Oleosa";"MONSTER";"2";"COMMON";"Distrito da Ferrugem";"Pátio de Carga";"2";"2";"Biomaterial Craniano Comum";"BIOMATERIAL";"35";"1";"1"
"Operador de Empilhadeira Infectado";"MONSTER";"2";"COMMON";"Distrito da Ferrugem";"Pátio de Carga";"3";"1";"Resíduo Infecto Pálido";"RESIDUE";"45";"1";"2"
"Operador de Empilhadeira Infectado";"MONSTER";"2";"COMMON";"Distrito da Ferrugem";"Pátio de Carga";"3";"2";"Biomaterial de Mobilidade Comum";"BIOMATERIAL";"35";"1";"1"
"Arrastador de Correntes";"MONSTER";"2";"COMMON";"Distrito da Ferrugem";"Pátio de Carga";"4";"1";"Resíduo Infecto Pálido";"RESIDUE";"45";"1";"2"
"Arrastador de Correntes";"MONSTER";"2";"COMMON";"Distrito da Ferrugem";"Pátio de Carga";"4";"2";"Biomaterial Reativo Comum";"BIOMATERIAL";"35";"1";"1"
"Operário Prensado";"MONSTER";"2";"COMMON";"Distrito da Ferrugem";"Linha de Prensas";"1";"1";"Resíduo Infecto Pálido";"RESIDUE";"45";"1";"2"
"Operário Prensado";"MONSTER";"2";"COMMON";"Distrito da Ferrugem";"Linha de Prensas";"1";"2";"Biomaterial Torácico Comum";"BIOMATERIAL";"35";"1";"1"
"Pistoneiro Hidráulico";"MONSTER";"2";"COMMON";"Distrito da Ferrugem";"Linha de Prensas";"2";"1";"Resíduo Infecto Pálido";"RESIDUE";"45";"1";"2"
"Pistoneiro Hidráulico";"MONSTER";"2";"COMMON";"Distrito da Ferrugem";"Linha de Prensas";"2";"2";"Biomaterial Articular Comum";"BIOMATERIAL";"35";"1";"1"
"Lacraia de Esteira Ferruginosa";"MONSTER";"2";"COMMON";"Distrito da Ferrugem";"Linha de Prensas";"3";"1";"Resíduo Infecto Pálido";"RESIDUE";"45";"1";"2"
"Lacraia de Esteira Ferruginosa";"MONSTER";"2";"COMMON";"Distrito da Ferrugem";"Linha de Prensas";"3";"2";"Biomaterial Cortante Comum";"BIOMATERIAL";"70";"1";"1"
"Esmagado da Prensa";"MONSTER";"2";"COMMON";"Distrito da Ferrugem";"Linha de Prensas";"4";"1";"Resíduo Infecto Pálido";"RESIDUE";"45";"1";"2"
"Esmagado da Prensa";"MONSTER";"2";"COMMON";"Distrito da Ferrugem";"Linha de Prensas";"4";"2";"Biomaterial Craniano Comum";"BIOMATERIAL";"35";"1";"1"
"Vigia do Galpão Infectado";"MONSTER";"2";"COMMON";"Distrito da Ferrugem";"Galpão do Capataz";"1";"1";"Resíduo Infecto Pálido";"RESIDUE";"45";"1";"2"
"Vigia do Galpão Infectado";"MONSTER";"2";"COMMON";"Distrito da Ferrugem";"Galpão do Capataz";"1";"2";"Biomaterial de Mobilidade Comum";"BIOMATERIAL";"35";"1";"1"
"Soldador Mascarado Infectado";"MONSTER";"2";"COMMON";"Distrito da Ferrugem";"Galpão do Capataz";"2";"1";"Resíduo Infecto Pálido";"RESIDUE";"45";"1";"2"
"Soldador Mascarado Infectado";"MONSTER";"2";"COMMON";"Distrito da Ferrugem";"Galpão do Capataz";"2";"2";"Biomaterial Reativo Comum";"BIOMATERIAL";"35";"1";"1"
"Aranha de Viga Contaminada";"MONSTER";"2";"COMMON";"Distrito da Ferrugem";"Galpão do Capataz";"3";"1";"Resíduo Infecto Pálido";"RESIDUE";"45";"1";"2"
"Aranha de Viga Contaminada";"MONSTER";"2";"COMMON";"Distrito da Ferrugem";"Galpão do Capataz";"3";"2";"Biomaterial Torácico Comum";"BIOMATERIAL";"35";"1";"1"
"Capataz Ferrugento";"ELITE";"2";"COMMON";"Distrito da Ferrugem";"Galpão do Capataz";"4";"1";"Resíduo Infecto Pálido";"RESIDUE";"45";"1";"2"
"Capataz Ferrugento";"ELITE";"2";"COMMON";"Distrito da Ferrugem";"Galpão do Capataz";"4";"2";"Biomaterial Articular Comum";"BIOMATERIAL";"35";"1";"1"
"Capataz Ferrugento";"ELITE";"2";"COMMON";"Distrito da Ferrugem";"Galpão do Capataz";"4";"3";"Núcleo Infectado de Elite Comum";"ELITE_CORE";"25";"1";"1"
"Paciente Febril Errante";"MONSTER";"3";"UNCOMMON";"Hospital Santa Ruína";"Triagem Vazia";"1";"1";"Resíduo Infecto Amarelado";"RESIDUE";"45";"1";"2"
"Paciente Febril Errante";"MONSTER";"3";"UNCOMMON";"Hospital Santa Ruína";"Triagem Vazia";"1";"2";"Biomaterial Craniano Incomum";"BIOMATERIAL";"35";"1";"1"
"Maqueiro Infectado";"MONSTER";"3";"UNCOMMON";"Hospital Santa Ruína";"Triagem Vazia";"2";"1";"Resíduo Infecto Amarelado";"RESIDUE";"45";"1";"2"
"Maqueiro Infectado";"MONSTER";"3";"UNCOMMON";"Hospital Santa Ruína";"Triagem Vazia";"2";"2";"Biomaterial de Mobilidade Incomum";"BIOMATERIAL";"35";"1";"1"
"Entubado da Triagem";"MONSTER";"3";"UNCOMMON";"Hospital Santa Ruína";"Triagem Vazia";"3";"1";"Resíduo Infecto Amarelado";"RESIDUE";"45";"1";"2"
"Entubado da Triagem";"MONSTER";"3";"UNCOMMON";"Hospital Santa Ruína";"Triagem Vazia";"3";"2";"Biomaterial Reativo Incomum";"BIOMATERIAL";"35";"1";"1"
"Mosca de Ferida Contaminada";"MONSTER";"3";"UNCOMMON";"Hospital Santa Ruína";"Triagem Vazia";"4";"1";"Resíduo Infecto Amarelado";"RESIDUE";"45";"1";"2"
"Mosca de Ferida Contaminada";"MONSTER";"3";"UNCOMMON";"Hospital Santa Ruína";"Triagem Vazia";"4";"2";"Biomaterial Torácico Incomum";"BIOMATERIAL";"35";"1";"1"
"Enfermeira de Isolamento Infectada";"MONSTER";"3";"UNCOMMON";"Hospital Santa Ruína";"Ala de Isolamento";"1";"1";"Resíduo Infecto Amarelado";"RESIDUE";"45";"1";"2"
"Enfermeira de Isolamento Infectada";"MONSTER";"3";"UNCOMMON";"Hospital Santa Ruína";"Ala de Isolamento";"1";"2";"Biomaterial Articular Incomum";"BIOMATERIAL";"35";"1";"1"
"Técnico Selado de Descontaminação";"MONSTER";"3";"UNCOMMON";"Hospital Santa Ruína";"Ala de Isolamento";"2";"1";"Resíduo Infecto Amarelado";"RESIDUE";"45";"1";"2"
"Técnico Selado de Descontaminação";"MONSTER";"3";"UNCOMMON";"Hospital Santa Ruína";"Ala de Isolamento";"2";"2";"Biomaterial Cortante Incomum";"BIOMATERIAL";"70";"1";"1"
"Interno Retorcido do Isolamento";"MONSTER";"3";"UNCOMMON";"Hospital Santa Ruína";"Ala de Isolamento";"3";"1";"Resíduo Infecto Amarelado";"RESIDUE";"45";"1";"2"
"Interno Retorcido do Isolamento";"MONSTER";"3";"UNCOMMON";"Hospital Santa Ruína";"Ala de Isolamento";"3";"2";"Biomaterial Craniano Incomum";"BIOMATERIAL";"35";"1";"1"
"Centopeia de Tubulação Contaminada";"MONSTER";"3";"UNCOMMON";"Hospital Santa Ruína";"Ala de Isolamento";"4";"1";"Resíduo Infecto Amarelado";"RESIDUE";"45";"1";"2"
"Centopeia de Tubulação Contaminada";"MONSTER";"3";"UNCOMMON";"Hospital Santa Ruína";"Ala de Isolamento";"4";"2";"Biomaterial de Mobilidade Incomum";"BIOMATERIAL";"35";"1";"1"
"Instrumentador Cirúrgico Infectado";"MONSTER";"3";"UNCOMMON";"Hospital Santa Ruína";"Centro Cirúrgico";"1";"1";"Resíduo Infecto Amarelado";"RESIDUE";"45";"1";"2"
"Instrumentador Cirúrgico Infectado";"MONSTER";"3";"UNCOMMON";"Hospital Santa Ruína";"Centro Cirúrgico";"1";"2";"Biomaterial Reativo Incomum";"BIOMATERIAL";"35";"1";"1"
"Anestesista Colapsado";"MONSTER";"3";"UNCOMMON";"Hospital Santa Ruína";"Centro Cirúrgico";"2";"1";"Resíduo Infecto Amarelado";"RESIDUE";"45";"1";"2"
"Anestesista Colapsado";"MONSTER";"3";"UNCOMMON";"Hospital Santa Ruína";"Centro Cirúrgico";"2";"2";"Biomaterial Torácico Incomum";"BIOMATERIAL";"35";"1";"1"
"Sanguessuga de Bolsa Hemática";"MONSTER";"3";"UNCOMMON";"Hospital Santa Ruína";"Centro Cirúrgico";"3";"1";"Resíduo Infecto Amarelado";"RESIDUE";"45";"1";"2"
"Sanguessuga de Bolsa Hemática";"MONSTER";"3";"UNCOMMON";"Hospital Santa Ruína";"Centro Cirúrgico";"3";"2";"Biomaterial Articular Incomum";"BIOMATERIAL";"35";"1";"1"
"Cirurgião-Chefe Necrosado";"ELITE";"3";"UNCOMMON";"Hospital Santa Ruína";"Centro Cirúrgico";"4";"1";"Resíduo Infecto Amarelado";"RESIDUE";"45";"1";"2"
"Cirurgião-Chefe Necrosado";"ELITE";"3";"UNCOMMON";"Hospital Santa Ruína";"Centro Cirúrgico";"4";"2";"Biomaterial Cortante Incomum";"BIOMATERIAL";"70";"1";"1"
"Cirurgião-Chefe Necrosado";"ELITE";"3";"UNCOMMON";"Hospital Santa Ruína";"Centro Cirúrgico";"4";"3";"Núcleo Infectado de Elite Incomum";"ELITE_CORE";"25";"1";"1"
"Amontoado de Bagagens Vivas";"MONSTER";"4";"UNCOMMON";"Terminal dos Esquecidos";"Saguão de Embarque";"1";"1";"Resíduo Infecto Amarelado";"RESIDUE";"45";"1";"2"
"Amontoado de Bagagens Vivas";"MONSTER";"4";"UNCOMMON";"Terminal dos Esquecidos";"Saguão de Embarque";"1";"2";"Biomaterial de Mobilidade Incomum";"BIOMATERIAL";"35";"1";"1"
"Mandibulado do Embarque";"MONSTER";"4";"UNCOMMON";"Terminal dos Esquecidos";"Saguão de Embarque";"2";"1";"Resíduo Infecto Amarelado";"RESIDUE";"45";"1";"2"
"Mandibulado do Embarque";"MONSTER";"4";"UNCOMMON";"Terminal dos Esquecidos";"Saguão de Embarque";"2";"2";"Biomaterial Reativo Incomum";"BIOMATERIAL";"35";"1";"1"
"Farejador Mutado da Segurança";"MONSTER";"4";"UNCOMMON";"Terminal dos Esquecidos";"Saguão de Embarque";"3";"1";"Resíduo Infecto Amarelado";"RESIDUE";"45";"1";"2"
"Farejador Mutado da Segurança";"MONSTER";"4";"UNCOMMON";"Terminal dos Esquecidos";"Saguão de Embarque";"3";"2";"Biomaterial Torácico Incomum";"BIOMATERIAL";"35";"1";"1"
"Enxame de Carrapatos Hemáticos";"MONSTER";"4";"UNCOMMON";"Terminal dos Esquecidos";"Saguão de Embarque";"4";"1";"Resíduo Infecto Amarelado";"RESIDUE";"45";"1";"2"
"Enxame de Carrapatos Hemáticos";"MONSTER";"4";"UNCOMMON";"Terminal dos Esquecidos";"Saguão de Embarque";"4";"2";"Biomaterial Articular Incomum";"BIOMATERIAL";"35";"1";"1"
"Sinaleiro Sem Rosto";"MONSTER";"4";"UNCOMMON";"Terminal dos Esquecidos";"Plataformas Mortas";"1";"1";"Resíduo Infecto Amarelado";"RESIDUE";"45";"1";"2"
"Sinaleiro Sem Rosto";"MONSTER";"4";"UNCOMMON";"Terminal dos Esquecidos";"Plataformas Mortas";"1";"2";"Biomaterial Cortante Incomum";"BIOMATERIAL";"70";"1";"1"
"Corcunda do Bagageiro";"MONSTER";"4";"UNCOMMON";"Terminal dos Esquecidos";"Plataformas Mortas";"2";"1";"Resíduo Infecto Amarelado";"RESIDUE";"45";"1";"2"
"Corcunda do Bagageiro";"MONSTER";"4";"UNCOMMON";"Terminal dos Esquecidos";"Plataformas Mortas";"2";"2";"Biomaterial Craniano Incomum";"BIOMATERIAL";"35";"1";"1"
"Verme de Escapamento Tóxico";"MONSTER";"4";"UNCOMMON";"Terminal dos Esquecidos";"Plataformas Mortas";"3";"1";"Resíduo Infecto Amarelado";"RESIDUE";"45";"1";"2"
"Verme de Escapamento Tóxico";"MONSTER";"4";"UNCOMMON";"Terminal dos Esquecidos";"Plataformas Mortas";"3";"2";"Biomaterial de Mobilidade Incomum";"BIOMATERIAL";"35";"1";"1"
"Casulo de Traças de Plataforma";"MONSTER";"4";"UNCOMMON";"Terminal dos Esquecidos";"Plataformas Mortas";"4";"1";"Resíduo Infecto Amarelado";"RESIDUE";"45";"1";"2"
"Casulo de Traças de Plataforma";"MONSTER";"4";"UNCOMMON";"Terminal dos Esquecidos";"Plataformas Mortas";"4";"2";"Biomaterial Reativo Incomum";"BIOMATERIAL";"35";"1";"1"
"Cobrador Fundido";"MONSTER";"4";"UNCOMMON";"Terminal dos Esquecidos";"Cabine Final";"1";"1";"Resíduo Infecto Amarelado";"RESIDUE";"45";"1";"2"
"Cobrador Fundido";"MONSTER";"4";"UNCOMMON";"Terminal dos Esquecidos";"Cabine Final";"1";"2";"Biomaterial Torácico Incomum";"BIOMATERIAL";"35";"1";"1"
"Condutor Sem Mandíbula";"MONSTER";"4";"UNCOMMON";"Terminal dos Esquecidos";"Cabine Final";"2";"1";"Resíduo Infecto Amarelado";"RESIDUE";"45";"1";"2"
"Condutor Sem Mandíbula";"MONSTER";"4";"UNCOMMON";"Terminal dos Esquecidos";"Cabine Final";"2";"2";"Biomaterial Articular Incomum";"BIOMATERIAL";"35";"1";"1"
"Escorpião de Painel Elétrico";"MONSTER";"4";"UNCOMMON";"Terminal dos Esquecidos";"Cabine Final";"3";"1";"Resíduo Infecto Amarelado";"RESIDUE";"45";"1";"2"
"Escorpião de Painel Elétrico";"MONSTER";"4";"UNCOMMON";"Terminal dos Esquecidos";"Cabine Final";"3";"2";"Biomaterial Cortante Incomum";"BIOMATERIAL";"70";"1";"1"
"Regente da Cabine Lacrada";"ELITE";"4";"UNCOMMON";"Terminal dos Esquecidos";"Cabine Final";"4";"1";"Resíduo Infecto Amarelado";"RESIDUE";"45";"1";"2"
"Regente da Cabine Lacrada";"ELITE";"4";"UNCOMMON";"Terminal dos Esquecidos";"Cabine Final";"4";"2";"Biomaterial Craniano Incomum";"BIOMATERIAL";"35";"1";"1"
"Regente da Cabine Lacrada";"ELITE";"4";"UNCOMMON";"Terminal dos Esquecidos";"Cabine Final";"4";"3";"Núcleo Infectado de Elite Incomum";"ELITE_CORE";"25";"1";"1"
"Isolado da Tenda Rasgada";"MONSTER";"5";"RARE";"Zona de Quarentena 9";"Triagem Externa";"1";"1";"Resíduo Infecto Tóxico";"RESIDUE";"45";"1";"2"
"Isolado da Tenda Rasgada";"MONSTER";"5";"RARE";"Zona de Quarentena 9";"Triagem Externa";"1";"2";"Biomaterial Reativo Raro";"BIOMATERIAL";"35";"1";"1"
"Cadáver de Maca Quarentenado";"MONSTER";"5";"RARE";"Zona de Quarentena 9";"Triagem Externa";"2";"1";"Resíduo Infecto Tóxico";"RESIDUE";"45";"1";"2"
"Cadáver de Maca Quarentenado";"MONSTER";"5";"RARE";"Zona de Quarentena 9";"Triagem Externa";"2";"2";"Biomaterial Torácico Raro";"BIOMATERIAL";"35";"1";"1"
"Portador de Máscara Fundida";"MONSTER";"5";"RARE";"Zona de Quarentena 9";"Triagem Externa";"3";"1";"Resíduo Infecto Tóxico";"RESIDUE";"45";"1";"2"
"Portador de Máscara Fundida";"MONSTER";"5";"RARE";"Zona de Quarentena 9";"Triagem Externa";"3";"2";"Biomaterial Articular Raro";"BIOMATERIAL";"35";"1";"1"
"Larva de Descarte Biológico";"MONSTER";"5";"RARE";"Zona de Quarentena 9";"Triagem Externa";"4";"1";"Resíduo Infecto Tóxico";"RESIDUE";"45";"1";"2"
"Larva de Descarte Biológico";"MONSTER";"5";"RARE";"Zona de Quarentena 9";"Triagem Externa";"4";"2";"Biomaterial Cortante Raro";"BIOMATERIAL";"70";"1";"1"
"Arameiro de Contenção";"MONSTER";"5";"RARE";"Zona de Quarentena 9";"Cercas Internas";"1";"1";"Resíduo Infecto Tóxico";"RESIDUE";"45";"1";"2"
"Arameiro de Contenção";"MONSTER";"5";"RARE";"Zona de Quarentena 9";"Cercas Internas";"1";"2";"Biomaterial Craniano Raro";"BIOMATERIAL";"35";"1";"1"
"Sentinela Eletrocutado";"MONSTER";"5";"RARE";"Zona de Quarentena 9";"Cercas Internas";"2";"1";"Resíduo Infecto Tóxico";"RESIDUE";"45";"1";"2"
"Sentinela Eletrocutado";"MONSTER";"5";"RARE";"Zona de Quarentena 9";"Cercas Internas";"2";"2";"Biomaterial de Mobilidade Raro";"BIOMATERIAL";"35";"1";"1"
"Vazador Tóxico de Grade";"MONSTER";"5";"RARE";"Zona de Quarentena 9";"Cercas Internas";"3";"1";"Resíduo Infecto Tóxico";"RESIDUE";"45";"1";"2"
"Vazador Tóxico de Grade";"MONSTER";"5";"RARE";"Zona de Quarentena 9";"Cercas Internas";"3";"2";"Biomaterial Reativo Raro";"BIOMATERIAL";"35";"1";"1"
"Lesma de Canaleta Química";"MONSTER";"5";"RARE";"Zona de Quarentena 9";"Cercas Internas";"4";"1";"Resíduo Infecto Tóxico";"RESIDUE";"45";"1";"2"
"Lesma de Canaleta Química";"MONSTER";"5";"RARE";"Zona de Quarentena 9";"Cercas Internas";"4";"2";"Biomaterial Torácico Raro";"BIOMATERIAL";"35";"1";"1"
"Operador de Rádio Infectado";"MONSTER";"5";"RARE";"Zona de Quarentena 9";"Posto de Comando";"1";"1";"Resíduo Infecto Tóxico";"RESIDUE";"45";"1";"2"
"Operador de Rádio Infectado";"MONSTER";"5";"RARE";"Zona de Quarentena 9";"Posto de Comando";"1";"2";"Biomaterial Articular Raro";"BIOMATERIAL";"35";"1";"1"
"Oficial de Contenção Necrosado";"MONSTER";"5";"RARE";"Zona de Quarentena 9";"Posto de Comando";"2";"1";"Resíduo Infecto Tóxico";"RESIDUE";"45";"1";"2"
"Oficial de Contenção Necrosado";"MONSTER";"5";"RARE";"Zona de Quarentena 9";"Posto de Comando";"2";"2";"Biomaterial Cortante Raro";"BIOMATERIAL";"70";"1";"1"
"Parasita de Mesa Tática";"MONSTER";"5";"RARE";"Zona de Quarentena 9";"Posto de Comando";"3";"1";"Resíduo Infecto Tóxico";"RESIDUE";"45";"1";"2"
"Parasita de Mesa Tática";"MONSTER";"5";"RARE";"Zona de Quarentena 9";"Posto de Comando";"3";"2";"Biomaterial Craniano Raro";"BIOMATERIAL";"35";"1";"1"
"Coronel Lacrado da Zona 9";"ELITE";"5";"RARE";"Zona de Quarentena 9";"Posto de Comando";"4";"1";"Resíduo Infecto Tóxico";"RESIDUE";"45";"1";"2"
"Coronel Lacrado da Zona 9";"ELITE";"5";"RARE";"Zona de Quarentena 9";"Posto de Comando";"4";"2";"Biomaterial de Mobilidade Raro";"BIOMATERIAL";"35";"1";"1"
"Coronel Lacrado da Zona 9";"ELITE";"5";"RARE";"Zona de Quarentena 9";"Posto de Comando";"4";"3";"Núcleo Infectado de Elite Raro";"ELITE_CORE";"25";"1";"1"
"Homem-Tanque Rachado";"MONSTER";"6";"RARE";"Refinaria do Pó Cinzento";"Tanques Vazios";"1";"1";"Resíduo Infecto Tóxico";"RESIDUE";"45";"1";"2"
"Homem-Tanque Rachado";"MONSTER";"6";"RARE";"Refinaria do Pó Cinzento";"Tanques Vazios";"1";"2";"Biomaterial Torácico Raro";"BIOMATERIAL";"35";"1";"1"
"Afogado em Óleo Cinzento";"MONSTER";"6";"RARE";"Refinaria do Pó Cinzento";"Tanques Vazios";"2";"1";"Resíduo Infecto Tóxico";"RESIDUE";"45";"1";"2"
"Afogado em Óleo Cinzento";"MONSTER";"6";"RARE";"Refinaria do Pó Cinzento";"Tanques Vazios";"2";"2";"Biomaterial Articular Raro";"BIOMATERIAL";"35";"1";"1"
"Salamandra de Borra Cinzenta";"MONSTER";"6";"RARE";"Refinaria do Pó Cinzento";"Tanques Vazios";"3";"1";"Resíduo Infecto Tóxico";"RESIDUE";"45";"1";"2"
"Salamandra de Borra Cinzenta";"MONSTER";"6";"RARE";"Refinaria do Pó Cinzento";"Tanques Vazios";"3";"2";"Biomaterial Cortante Raro";"BIOMATERIAL";"70";"1";"1"
"Respirador de Cinzas";"MONSTER";"6";"RARE";"Refinaria do Pó Cinzento";"Tanques Vazios";"4";"1";"Resíduo Infecto Tóxico";"RESIDUE";"45";"1";"2"
"Respirador de Cinzas";"MONSTER";"6";"RARE";"Refinaria do Pó Cinzento";"Tanques Vazios";"4";"2";"Biomaterial Craniano Raro";"BIOMATERIAL";"35";"1";"1"
"Operário Escaldado de Vapor";"MONSTER";"6";"RARE";"Refinaria do Pó Cinzento";"Tubulação Quente";"1";"1";"Resíduo Infecto Tóxico";"RESIDUE";"45";"1";"2"
"Operário Escaldado de Vapor";"MONSTER";"6";"RARE";"Refinaria do Pó Cinzento";"Tubulação Quente";"1";"2";"Biomaterial de Mobilidade Raro";"BIOMATERIAL";"35";"1";"1"
"Queimado de Tubulação Viva";"MONSTER";"6";"RARE";"Refinaria do Pó Cinzento";"Tubulação Quente";"2";"1";"Resíduo Infecto Tóxico";"RESIDUE";"45";"1";"2"
"Queimado de Tubulação Viva";"MONSTER";"6";"RARE";"Refinaria do Pó Cinzento";"Tubulação Quente";"2";"2";"Biomaterial Reativo Raro";"BIOMATERIAL";"35";"1";"1"
"Aracnídeo de Canos Ferventes";"MONSTER";"6";"RARE";"Refinaria do Pó Cinzento";"Tubulação Quente";"3";"1";"Resíduo Infecto Tóxico";"RESIDUE";"45";"1";"2"
"Aracnídeo de Canos Ferventes";"MONSTER";"6";"RARE";"Refinaria do Pó Cinzento";"Tubulação Quente";"3";"2";"Biomaterial Torácico Raro";"BIOMATERIAL";"35";"1";"1"
"Pressurizado Sem Face";"MONSTER";"6";"RARE";"Refinaria do Pó Cinzento";"Tubulação Quente";"4";"1";"Resíduo Infecto Tóxico";"RESIDUE";"45";"1";"2"
"Pressurizado Sem Face";"MONSTER";"6";"RARE";"Refinaria do Pó Cinzento";"Tubulação Quente";"4";"2";"Biomaterial Articular Raro";"BIOMATERIAL";"35";"1";"1"
"Forjado em Cinzas";"MONSTER";"6";"RARE";"Refinaria do Pó Cinzento";"Câmara da Fornalha";"1";"1";"Resíduo Infecto Tóxico";"RESIDUE";"45";"1";"2"
"Forjado em Cinzas";"MONSTER";"6";"RARE";"Refinaria do Pó Cinzento";"Câmara da Fornalha";"1";"2";"Biomaterial Cortante Raro";"BIOMATERIAL";"70";"1";"1"
"Carvoeiro Sem Pele";"MONSTER";"6";"RARE";"Refinaria do Pó Cinzento";"Câmara da Fornalha";"2";"1";"Resíduo Infecto Tóxico";"RESIDUE";"45";"1";"2"
"Carvoeiro Sem Pele";"MONSTER";"6";"RARE";"Refinaria do Pó Cinzento";"Câmara da Fornalha";"2";"2";"Biomaterial Craniano Raro";"BIOMATERIAL";"35";"1";"1"
"Besta da Escória Fervente";"MONSTER";"6";"RARE";"Refinaria do Pó Cinzento";"Câmara da Fornalha";"3";"1";"Resíduo Infecto Tóxico";"RESIDUE";"45";"1";"2"
"Besta da Escória Fervente";"MONSTER";"6";"RARE";"Refinaria do Pó Cinzento";"Câmara da Fornalha";"3";"2";"Biomaterial de Mobilidade Raro";"BIOMATERIAL";"35";"1";"1"
"Guardião da Fornalha Morta";"ELITE";"6";"RARE";"Refinaria do Pó Cinzento";"Câmara da Fornalha";"4";"1";"Resíduo Infecto Tóxico";"RESIDUE";"45";"1";"2"
"Guardião da Fornalha Morta";"ELITE";"6";"RARE";"Refinaria do Pó Cinzento";"Câmara da Fornalha";"4";"2";"Biomaterial Reativo Raro";"BIOMATERIAL";"35";"1";"1"
"Guardião da Fornalha Morta";"ELITE";"6";"RARE";"Refinaria do Pó Cinzento";"Câmara da Fornalha";"4";"3";"Núcleo Infectado de Elite Raro";"ELITE_CORE";"25";"1";"1"
"Motorista Fundido ao Volante";"MONSTER";"7";"EPIC";"Avenida dos Caídos";"Faixa Engarrafada";"1";"1";"Resíduo Infecto Mutagênico";"RESIDUE";"45";"1";"2"
"Motorista Fundido ao Volante";"MONSTER";"7";"EPIC";"Avenida dos Caídos";"Faixa Engarrafada";"1";"2";"Biomaterial Articular Épico";"BIOMATERIAL";"35";"1";"1"
"Buzinador Sem Cabeça";"MONSTER";"7";"EPIC";"Avenida dos Caídos";"Faixa Engarrafada";"2";"1";"Resíduo Infecto Mutagênico";"RESIDUE";"45";"1";"2"
"Buzinador Sem Cabeça";"MONSTER";"7";"EPIC";"Avenida dos Caídos";"Faixa Engarrafada";"2";"2";"Biomaterial Cortante Épico";"BIOMATERIAL";"70";"1";"1"
"Cervídeo Atropelado Mutado";"MONSTER";"7";"EPIC";"Avenida dos Caídos";"Faixa Engarrafada";"3";"1";"Resíduo Infecto Mutagênico";"RESIDUE";"45";"1";"2"
"Cervídeo Atropelado Mutado";"MONSTER";"7";"EPIC";"Avenida dos Caídos";"Faixa Engarrafada";"3";"2";"Biomaterial Craniano Épico";"BIOMATERIAL";"35";"1";"1"
"Colosso do Para-Choque";"MONSTER";"7";"EPIC";"Avenida dos Caídos";"Faixa Engarrafada";"4";"1";"Resíduo Infecto Mutagênico";"RESIDUE";"45";"1";"2"
"Colosso do Para-Choque";"MONSTER";"7";"EPIC";"Avenida dos Caídos";"Faixa Engarrafada";"4";"2";"Biomaterial de Mobilidade Épico";"BIOMATERIAL";"35";"1";"1"
"Predador de Viela Cega";"MONSTER";"7";"EPIC";"Avenida dos Caídos";"Becos de Caça";"1";"1";"Resíduo Infecto Mutagênico";"RESIDUE";"45";"1";"2"
"Predador de Viela Cega";"MONSTER";"7";"EPIC";"Avenida dos Caídos";"Becos de Caça";"1";"2";"Biomaterial Reativo Épico";"BIOMATERIAL";"35";"1";"1"
"Boca de Bueiro Faminta";"MONSTER";"7";"EPIC";"Avenida dos Caídos";"Becos de Caça";"2";"1";"Resíduo Infecto Mutagênico";"RESIDUE";"45";"1";"2"
"Boca de Bueiro Faminta";"MONSTER";"7";"EPIC";"Avenida dos Caídos";"Becos de Caça";"2";"2";"Biomaterial Torácico Épico";"BIOMATERIAL";"35";"1";"1"
"Corpo-Parede dos Becos";"MONSTER";"7";"EPIC";"Avenida dos Caídos";"Becos de Caça";"3";"1";"Resíduo Infecto Mutagênico";"RESIDUE";"45";"1";"2"
"Corpo-Parede dos Becos";"MONSTER";"7";"EPIC";"Avenida dos Caídos";"Becos de Caça";"3";"2";"Biomaterial Articular Épico";"BIOMATERIAL";"35";"1";"1"
"Caçador de Neon Quebrado";"MONSTER";"7";"EPIC";"Avenida dos Caídos";"Becos de Caça";"4";"1";"Resíduo Infecto Mutagênico";"RESIDUE";"45";"1";"2"
"Caçador de Neon Quebrado";"MONSTER";"7";"EPIC";"Avenida dos Caídos";"Becos de Caça";"4";"2";"Biomaterial Cortante Épico";"BIOMATERIAL";"70";"1";"1"
"Semafórico de Carne Exposta";"MONSTER";"7";"EPIC";"Avenida dos Caídos";"Cruzamento Central";"1";"1";"Resíduo Infecto Mutagênico";"RESIDUE";"45";"1";"2"
"Semafórico de Carne Exposta";"MONSTER";"7";"EPIC";"Avenida dos Caídos";"Cruzamento Central";"1";"2";"Biomaterial Craniano Épico";"BIOMATERIAL";"35";"1";"1"
"Fendido do Asfalto";"MONSTER";"7";"EPIC";"Avenida dos Caídos";"Cruzamento Central";"2";"1";"Resíduo Infecto Mutagênico";"RESIDUE";"45";"1";"2"
"Fendido do Asfalto";"MONSTER";"7";"EPIC";"Avenida dos Caídos";"Cruzamento Central";"2";"2";"Biomaterial de Mobilidade Épico";"BIOMATERIAL";"35";"1";"1"
"Trauma de Sirene Quebrada";"MONSTER";"7";"EPIC";"Avenida dos Caídos";"Cruzamento Central";"3";"1";"Resíduo Infecto Mutagênico";"RESIDUE";"45";"1";"2"
"Trauma de Sirene Quebrada";"MONSTER";"7";"EPIC";"Avenida dos Caídos";"Cruzamento Central";"3";"2";"Biomaterial Reativo Épico";"BIOMATERIAL";"35";"1";"1"
"Tirano do Cruzamento Morto";"ELITE";"7";"EPIC";"Avenida dos Caídos";"Cruzamento Central";"4";"1";"Resíduo Infecto Mutagênico";"RESIDUE";"45";"1";"2"
"Tirano do Cruzamento Morto";"ELITE";"7";"EPIC";"Avenida dos Caídos";"Cruzamento Central";"4";"2";"Biomaterial Torácico Épico";"BIOMATERIAL";"35";"1";"1"
"Tirano do Cruzamento Morto";"ELITE";"7";"EPIC";"Avenida dos Caídos";"Cruzamento Central";"4";"3";"Núcleo Infectado de Elite Épico";"ELITE_CORE";"25";"1";"1"
"Observado de Vidro Vivo";"MONSTER";"8";"EPIC";"Complexo Helix";"Ala de Observação";"1";"1";"Resíduo Infecto Mutagênico";"RESIDUE";"45";"1";"2"
"Observado de Vidro Vivo";"MONSTER";"8";"EPIC";"Complexo Helix";"Ala de Observação";"1";"2";"Biomaterial Cortante Épico";"BIOMATERIAL";"70";"1";"1"
"Técnico de Monitoração Fundido";"MONSTER";"8";"EPIC";"Complexo Helix";"Ala de Observação";"2";"1";"Resíduo Infecto Mutagênico";"RESIDUE";"45";"1";"2"
"Técnico de Monitoração Fundido";"MONSTER";"8";"EPIC";"Complexo Helix";"Ala de Observação";"2";"2";"Biomaterial Craniano Épico";"BIOMATERIAL";"35";"1";"1"
"Olho Helix Suspenso";"MONSTER";"8";"EPIC";"Complexo Helix";"Ala de Observação";"3";"1";"Resíduo Infecto Mutagênico";"RESIDUE";"45";"1";"2"
"Olho Helix Suspenso";"MONSTER";"8";"EPIC";"Complexo Helix";"Ala de Observação";"3";"2";"Biomaterial de Mobilidade Épico";"BIOMATERIAL";"35";"1";"1"
"Réplica Neural Incompleta";"MONSTER";"8";"EPIC";"Complexo Helix";"Ala de Observação";"4";"1";"Resíduo Infecto Mutagênico";"RESIDUE";"45";"1";"2"
"Réplica Neural Incompleta";"MONSTER";"8";"EPIC";"Complexo Helix";"Ala de Observação";"4";"2";"Biomaterial Reativo Épico";"BIOMATERIAL";"35";"1";"1"
"Cobaia de Tanque Rompido";"MONSTER";"8";"EPIC";"Complexo Helix";"Câmaras Seladas";"1";"1";"Resíduo Infecto Mutagênico";"RESIDUE";"45";"1";"2"
"Cobaia de Tanque Rompido";"MONSTER";"8";"EPIC";"Complexo Helix";"Câmaras Seladas";"1";"2";"Biomaterial Torácico Épico";"BIOMATERIAL";"35";"1";"1"
"Gêmeos de Cápsula Fundida";"MONSTER";"8";"EPIC";"Complexo Helix";"Câmaras Seladas";"2";"1";"Resíduo Infecto Mutagênico";"RESIDUE";"45";"1";"2"
"Gêmeos de Cápsula Fundida";"MONSTER";"8";"EPIC";"Complexo Helix";"Câmaras Seladas";"2";"2";"Biomaterial Articular Épico";"BIOMATERIAL";"35";"1";"1"
"Guardião de Acrílico Selado";"MONSTER";"8";"EPIC";"Complexo Helix";"Câmaras Seladas";"3";"1";"Resíduo Infecto Mutagênico";"RESIDUE";"45";"1";"2"
"Guardião de Acrílico Selado";"MONSTER";"8";"EPIC";"Complexo Helix";"Câmaras Seladas";"3";"2";"Biomaterial Cortante Épico";"BIOMATERIAL";"70";"1";"1"
"Larva de Amostra Helix";"MONSTER";"8";"EPIC";"Complexo Helix";"Câmaras Seladas";"4";"1";"Resíduo Infecto Mutagênico";"RESIDUE";"45";"1";"2"
"Larva de Amostra Helix";"MONSTER";"8";"EPIC";"Complexo Helix";"Câmaras Seladas";"4";"2";"Biomaterial Craniano Épico";"BIOMATERIAL";"35";"1";"1"
"Executivo Parasitado";"MONSTER";"8";"EPIC";"Complexo Helix";"Diretoria Helix";"1";"1";"Resíduo Infecto Mutagênico";"RESIDUE";"45";"1";"2"
"Executivo Parasitado";"MONSTER";"8";"EPIC";"Complexo Helix";"Diretoria Helix";"1";"2";"Biomaterial de Mobilidade Épico";"BIOMATERIAL";"35";"1";"1"
"Arquivo Vivo Helix";"MONSTER";"8";"EPIC";"Complexo Helix";"Diretoria Helix";"2";"1";"Resíduo Infecto Mutagênico";"RESIDUE";"45";"1";"2"
"Arquivo Vivo Helix";"MONSTER";"8";"EPIC";"Complexo Helix";"Diretoria Helix";"2";"2";"Biomaterial Reativo Épico";"BIOMATERIAL";"35";"1";"1"
"Assessor Biomecânico";"MONSTER";"8";"EPIC";"Complexo Helix";"Diretoria Helix";"3";"1";"Resíduo Infecto Mutagênico";"RESIDUE";"45";"1";"2"
"Assessor Biomecânico";"MONSTER";"8";"EPIC";"Complexo Helix";"Diretoria Helix";"3";"2";"Biomaterial Torácico Épico";"BIOMATERIAL";"35";"1";"1"
"Doutor Helix Primeiro Vetor";"ELITE";"8";"EPIC";"Complexo Helix";"Diretoria Helix";"4";"1";"Resíduo Infecto Mutagênico";"RESIDUE";"45";"1";"2"
"Doutor Helix Primeiro Vetor";"ELITE";"8";"EPIC";"Complexo Helix";"Diretoria Helix";"4";"2";"Biomaterial Articular Épico";"BIOMATERIAL";"35";"1";"1"
"Doutor Helix Primeiro Vetor";"ELITE";"8";"EPIC";"Complexo Helix";"Diretoria Helix";"4";"3";"Núcleo Infectado de Elite Épico";"ELITE_CORE";"25";"1";"1"
"Fundido de Escória Humana";"MONSTER";"9";"LEGENDARY";"Necrópole Industrial";"Pátio de Escória";"1";"1";"Resíduo Infecto Saturado";"RESIDUE";"45";"1";"2"
"Fundido de Escória Humana";"MONSTER";"9";"LEGENDARY";"Necrópole Industrial";"Pátio de Escória";"1";"2";"Biomaterial Craniano Lendário";"BIOMATERIAL";"35";"1";"1"
"Mutilado de Metal Derretido";"MONSTER";"9";"LEGENDARY";"Necrópole Industrial";"Pátio de Escória";"2";"1";"Resíduo Infecto Saturado";"RESIDUE";"45";"1";"2"
"Mutilado de Metal Derretido";"MONSTER";"9";"LEGENDARY";"Necrópole Industrial";"Pátio de Escória";"2";"2";"Biomaterial de Mobilidade Lendário";"BIOMATERIAL";"35";"1";"1"
"Besouro de Fornalha Necrosado";"MONSTER";"9";"LEGENDARY";"Necrópole Industrial";"Pátio de Escória";"3";"1";"Resíduo Infecto Saturado";"RESIDUE";"45";"1";"2"
"Besouro de Fornalha Necrosado";"MONSTER";"9";"LEGENDARY";"Necrópole Industrial";"Pátio de Escória";"3";"2";"Biomaterial Reativo Lendário";"BIOMATERIAL";"35";"1";"1"
"Colosso de Fuligem Coagulada";"MONSTER";"9";"LEGENDARY";"Necrópole Industrial";"Pátio de Escória";"4";"1";"Resíduo Infecto Saturado";"RESIDUE";"45";"1";"2"
"Colosso de Fuligem Coagulada";"MONSTER";"9";"LEGENDARY";"Necrópole Industrial";"Pátio de Escória";"4";"2";"Biomaterial Torácico Lendário";"BIOMATERIAL";"35";"1";"1"
"Costurado da Esteira Morta";"MONSTER";"9";"LEGENDARY";"Necrópole Industrial";"Esteiras Mortas";"1";"1";"Resíduo Infecto Saturado";"RESIDUE";"45";"1";"2"
"Costurado da Esteira Morta";"MONSTER";"9";"LEGENDARY";"Necrópole Industrial";"Esteiras Mortas";"1";"2";"Biomaterial Articular Lendário";"BIOMATERIAL";"35";"1";"1"
"Triturador de Membros Rejeitados";"MONSTER";"9";"LEGENDARY";"Necrópole Industrial";"Esteiras Mortas";"2";"1";"Resíduo Infecto Saturado";"RESIDUE";"45";"1";"2"
"Triturador de Membros Rejeitados";"MONSTER";"9";"LEGENDARY";"Necrópole Industrial";"Esteiras Mortas";"2";"2";"Biomaterial Cortante Lendário";"BIOMATERIAL";"70";"1";"1"
"Caranguejo de Sucata Orgânica";"MONSTER";"9";"LEGENDARY";"Necrópole Industrial";"Esteiras Mortas";"3";"1";"Resíduo Infecto Saturado";"RESIDUE";"45";"1";"2"
"Caranguejo de Sucata Orgânica";"MONSTER";"9";"LEGENDARY";"Necrópole Industrial";"Esteiras Mortas";"3";"2";"Biomaterial Craniano Lendário";"BIOMATERIAL";"35";"1";"1"
"Boneco de Cabos Nervosos";"MONSTER";"9";"LEGENDARY";"Necrópole Industrial";"Esteiras Mortas";"4";"1";"Resíduo Infecto Saturado";"RESIDUE";"45";"1";"2"
"Boneco de Cabos Nervosos";"MONSTER";"9";"LEGENDARY";"Necrópole Industrial";"Esteiras Mortas";"4";"2";"Biomaterial de Mobilidade Lendário";"BIOMATERIAL";"35";"1";"1"
"Turbina de Carne Pulsante";"MONSTER";"9";"LEGENDARY";"Necrópole Industrial";"Coração da Usina";"1";"1";"Resíduo Infecto Saturado";"RESIDUE";"45";"1";"2"
"Turbina de Carne Pulsante";"MONSTER";"9";"LEGENDARY";"Necrópole Industrial";"Coração da Usina";"1";"2";"Biomaterial Reativo Lendário";"BIOMATERIAL";"35";"1";"1"
"Forjado de Aço Necrosado";"MONSTER";"9";"LEGENDARY";"Necrópole Industrial";"Coração da Usina";"2";"1";"Resíduo Infecto Saturado";"RESIDUE";"45";"1";"2"
"Forjado de Aço Necrosado";"MONSTER";"9";"LEGENDARY";"Necrópole Industrial";"Coração da Usina";"2";"2";"Biomaterial Torácico Lendário";"BIOMATERIAL";"35";"1";"1"
"Parasita de Caldeira Morta";"MONSTER";"9";"LEGENDARY";"Necrópole Industrial";"Coração da Usina";"3";"1";"Resíduo Infecto Saturado";"RESIDUE";"45";"1";"2"
"Parasita de Caldeira Morta";"MONSTER";"9";"LEGENDARY";"Necrópole Industrial";"Coração da Usina";"3";"2";"Biomaterial Articular Lendário";"BIOMATERIAL";"35";"1";"1"
"Soberano da Usina Morta";"ELITE";"9";"LEGENDARY";"Necrópole Industrial";"Coração da Usina";"4";"1";"Resíduo Infecto Saturado";"RESIDUE";"45";"1";"2"
"Soberano da Usina Morta";"ELITE";"9";"LEGENDARY";"Necrópole Industrial";"Coração da Usina";"4";"2";"Biomaterial Cortante Lendário";"BIOMATERIAL";"70";"1";"1"
"Soberano da Usina Morta";"ELITE";"9";"LEGENDARY";"Necrópole Industrial";"Coração da Usina";"4";"3";"Núcleo Infectado de Elite Lendário";"ELITE_CORE";"25";"1";"1"
"Eco Humano Saturado";"MONSTER";"10";"LEGENDARY";"Marco Zero";"Anel Externo";"1";"1";"Resíduo Infecto Saturado";"RESIDUE";"45";"1";"2"
"Eco Humano Saturado";"MONSTER";"10";"LEGENDARY";"Marco Zero";"Anel Externo";"1";"2";"Biomaterial de Mobilidade Lendário";"BIOMATERIAL";"35";"1";"1"
"Sentinela de Carne Cristalizada";"MONSTER";"10";"LEGENDARY";"Marco Zero";"Anel Externo";"2";"1";"Resíduo Infecto Saturado";"RESIDUE";"45";"1";"2"
"Sentinela de Carne Cristalizada";"MONSTER";"10";"LEGENDARY";"Marco Zero";"Anel Externo";"2";"2";"Biomaterial Reativo Lendário";"BIOMATERIAL";"35";"1";"1"
"Cervical Aberta do Marco";"MONSTER";"10";"LEGENDARY";"Marco Zero";"Anel Externo";"3";"1";"Resíduo Infecto Saturado";"RESIDUE";"45";"1";"2"
"Cervical Aberta do Marco";"MONSTER";"10";"LEGENDARY";"Marco Zero";"Anel Externo";"3";"2";"Biomaterial Torácico Lendário";"BIOMATERIAL";"35";"1";"1"
"Lacraia de Cinza Primária";"MONSTER";"10";"LEGENDARY";"Marco Zero";"Anel Externo";"4";"1";"Resíduo Infecto Saturado";"RESIDUE";"45";"1";"2"
"Lacraia de Cinza Primária";"MONSTER";"10";"LEGENDARY";"Marco Zero";"Anel Externo";"4";"2";"Biomaterial Articular Lendário";"BIOMATERIAL";"35";"1";"1"
"Corpo Saturado de Mil Vozes";"MONSTER";"10";"LEGENDARY";"Marco Zero";"Zona de Saturação";"1";"1";"Resíduo Infecto Saturado";"RESIDUE";"45";"1";"2"
"Corpo Saturado de Mil Vozes";"MONSTER";"10";"LEGENDARY";"Marco Zero";"Zona de Saturação";"1";"2";"Biomaterial Cortante Lendário";"BIOMATERIAL";"70";"1";"1"
"Anjo de Pele Invertida";"MONSTER";"10";"LEGENDARY";"Marco Zero";"Zona de Saturação";"2";"1";"Resíduo Infecto Saturado";"RESIDUE";"45";"1";"2"
"Anjo de Pele Invertida";"MONSTER";"10";"LEGENDARY";"Marco Zero";"Zona de Saturação";"2";"2";"Biomaterial Craniano Lendário";"BIOMATERIAL";"35";"1";"1"
"Raiz Neural do Surto";"MONSTER";"10";"LEGENDARY";"Marco Zero";"Zona de Saturação";"3";"1";"Resíduo Infecto Saturado";"RESIDUE";"45";"1";"2"
"Raiz Neural do Surto";"MONSTER";"10";"LEGENDARY";"Marco Zero";"Zona de Saturação";"3";"2";"Biomaterial de Mobilidade Lendário";"BIOMATERIAL";"35";"1";"1"
"Besta de Radiação Orgânica";"MONSTER";"10";"LEGENDARY";"Marco Zero";"Zona de Saturação";"4";"1";"Resíduo Infecto Saturado";"RESIDUE";"45";"1";"2"
"Besta de Radiação Orgânica";"MONSTER";"10";"LEGENDARY";"Marco Zero";"Zona de Saturação";"4";"2";"Biomaterial Reativo Lendário";"BIOMATERIAL";"35";"1";"1"
"Forma Primária do Surto";"MONSTER";"10";"LEGENDARY";"Marco Zero";"Núcleo do Colapso";"1";"1";"Resíduo Infecto Saturado";"RESIDUE";"45";"1";"2"
"Forma Primária do Surto";"MONSTER";"10";"LEGENDARY";"Marco Zero";"Núcleo do Colapso";"1";"2";"Biomaterial Torácico Lendário";"BIOMATERIAL";"35";"1";"1"
"Serafim do Colapso Biológico";"MONSTER";"10";"LEGENDARY";"Marco Zero";"Núcleo do Colapso";"2";"1";"Resíduo Infecto Saturado";"RESIDUE";"45";"1";"2"
"Serafim do Colapso Biológico";"MONSTER";"10";"LEGENDARY";"Marco Zero";"Núcleo do Colapso";"2";"2";"Biomaterial Articular Lendário";"BIOMATERIAL";"35";"1";"1"
"Carcaça do Primeiro Paciente";"MONSTER";"10";"LEGENDARY";"Marco Zero";"Núcleo do Colapso";"3";"1";"Resíduo Infecto Saturado";"RESIDUE";"45";"1";"2"
"Carcaça do Primeiro Paciente";"MONSTER";"10";"LEGENDARY";"Marco Zero";"Núcleo do Colapso";"3";"2";"Biomaterial Cortante Lendário";"BIOMATERIAL";"70";"1";"1"
"Coração do Marco Zero";"ELITE";"10";"LEGENDARY";"Marco Zero";"Núcleo do Colapso";"4";"1";"Resíduo Infecto Saturado";"RESIDUE";"45";"1";"2"
"Coração do Marco Zero";"ELITE";"10";"LEGENDARY";"Marco Zero";"Núcleo do Colapso";"4";"2";"Biomaterial Craniano Lendário";"BIOMATERIAL";"35";"1";"1"
"Coração do Marco Zero";"ELITE";"10";"LEGENDARY";"Marco Zero";"Núcleo do Colapso";"4";"3";"Núcleo Infectado de Elite Lendário";"ELITE_CORE";"25";"1";"1"
