"receita";"itemDrop";"tier";"quantidadeNecessaria";"mobsFonteNoTier";"mobsAtivosNoTier";"pesoTotalEncontro";"chancePonderadaPercentual";"quantidadeEsperadaPorEncontro";"killsEsperadas";"horasEsperadas"
"Armadura de Retalhos Pesados";"Biomaterial Torácico Comum";"1";"9";"2";"6";"100";"6.65";"0.0665";"135.3";"0.83"
"Armadura de Retalhos Pesados";"Resíduo Infecto Pálido";"1";"16";"6";"6";"100";"45";"0.675";"23.7";"0.14"
"Armadura de Placas Oxidadas";"Biomaterial Torácico Comum";"2";"10";"2";"6";"100";"6.65";"0.0665";"150.4";"0.84"
"Armadura de Placas Oxidadas";"Resíduo Infecto Pálido";"2";"20";"6";"6";"100";"45";"0.675";"29.6";"0.16"
"Armadura de Maca Reforçada";"Biomaterial Torácico Incomum";"3";"12";"2";"6";"100";"10.5";"0.105";"114.3";"0.7"
"Armadura de Maca Reforçada";"Resíduo Infecto Amarelado";"3";"20";"6";"6";"100";"45";"0.675";"29.6";"0.18"
"Armadura de Bagageiro Rebitado";"Biomaterial Torácico Incomum";"4";"14";"2";"6";"100";"10.5";"0.105";"133.3";"0.78"
"Armadura de Bagageiro Rebitado";"Resíduo Infecto Amarelado";"4";"24";"6";"6";"100";"45";"0.675";"35.6";"0.21"
"Armadura de Barreira Selada";"Biomaterial Torácico Raro";"5";"16";"2";"6";"100";"17.85";"0.1785";"89.6";"0.57"
"Armadura de Barreira Selada";"Resíduo Infecto Tóxico";"5";"30";"6";"6";"100";"45";"0.675";"44.4";"0.28"
"Armadura de Caldeira Cinzenta";"Biomaterial Torácico Raro";"6";"20";"2";"6";"100";"17.85";"0.1785";"112";"0.68"
"Armadura de Caldeira Cinzenta";"Resíduo Infecto Tóxico";"6";"40";"6";"6";"100";"45";"0.675";"59.3";"0.36"
"Armadura de Barricada Mutagênica";"Biomaterial Torácico Épico";"7";"22";"2";"6";"100";"6.65";"0.0665";"330.8";"2.3"
"Armadura de Barricada Mutagênica";"Resíduo Infecto Mutagênico";"7";"50";"6";"6";"100";"45";"0.675";"74.1";"0.51"
"Armadura de Carcaça Helix";"Biomaterial Torácico Épico";"8";"28";"2";"6";"100";"6.65";"0.0665";"421.1";"2.81"
"Armadura de Carcaça Helix";"Resíduo Infecto Mutagênico";"8";"60";"6";"6";"100";"45";"0.675";"88.9";"0.59"
"Armadura Titânica da Necrópole";"Biomaterial Torácico Lendário";"9";"32";"2";"6";"100";"10.5";"0.105";"304.8";"2.29"
"Armadura Titânica da Necrópole";"Resíduo Infecto Saturado";"9";"80";"6";"6";"100";"45";"0.675";"118.5";"0.89"
"Armadura do Marco Zero";"Biomaterial Torácico Lendário";"10";"36";"2";"6";"100";"10.5";"0.105";"342.9";"2.57"
"Armadura do Marco Zero";"Resíduo Infecto Saturado";"10";"85";"6";"6";"100";"45";"0.675";"125.9";"0.94"
"Grevas de Tábua Remendada";"Biomaterial Articular Comum";"1";"9";"2";"6";"100";"17.85";"0.1785";"50.4";"0.31"
"Grevas de Tábua Remendada";"Resíduo Infecto Pálido";"1";"16";"6";"6";"100";"45";"0.675";"23.7";"0.14"
"Grevas de Lataria Oxidada";"Biomaterial Articular Comum";"2";"10";"2";"6";"100";"6.65";"0.0665";"150.4";"0.84"
"Grevas de Lataria Oxidada";"Resíduo Infecto Pálido";"2";"20";"6";"6";"100";"45";"0.675";"29.6";"0.16"
"Grevas de Tala Clínica";"Biomaterial Articular Incomum";"3";"12";"2";"6";"100";"6.65";"0.0665";"180.5";"1.1"
"Grevas de Tala Clínica";"Resíduo Infecto Amarelado";"3";"20";"6";"6";"100";"45";"0.675";"29.6";"0.18"
"Grevas de Escada Rolante";"Biomaterial Articular Incomum";"4";"14";"2";"6";"100";"10.5";"0.105";"133.3";"0.78"
"Grevas de Escada Rolante";"Resíduo Infecto Amarelado";"4";"24";"6";"6";"100";"45";"0.675";"35.6";"0.21"
"Grevas de Câmara Selada";"Biomaterial Articular Raro";"5";"16";"2";"6";"100";"10.5";"0.105";"152.4";"0.97"
"Grevas de Câmara Selada";"Resíduo Infecto Tóxico";"5";"30";"6";"6";"100";"45";"0.675";"44.4";"0.28"
"Grevas de Duto Cinzento";"Biomaterial Articular Raro";"6";"20";"2";"6";"100";"17.85";"0.1785";"112";"0.68"
"Grevas de Duto Cinzento";"Resíduo Infecto Tóxico";"6";"40";"6";"6";"100";"45";"0.675";"59.3";"0.36"
"Grevas de Para-choque Tático";"Biomaterial Articular Épico";"7";"22";"2";"6";"100";"17.85";"0.1785";"123.2";"0.86"
"Grevas de Para-choque Tático";"Resíduo Infecto Mutagênico";"7";"50";"6";"6";"100";"45";"0.675";"74.1";"0.51"
"Grevas de Articulação Helix";"Biomaterial Articular Épico";"8";"28";"2";"6";"100";"6.65";"0.0665";"421.1";"2.81"
"Grevas de Articulação Helix";"Resíduo Infecto Mutagênico";"8";"60";"6";"6";"100";"45";"0.675";"88.9";"0.59"
"Grevas Titânicas da Necrópole";"Biomaterial Articular Lendário";"9";"32";"2";"6";"100";"6.65";"0.0665";"481.2";"3.61"
"Grevas Titânicas da Necrópole";"Resíduo Infecto Saturado";"9";"80";"6";"6";"100";"45";"0.675";"118.5";"0.89"
"Grevas de Marcha do Marco Zero";"Biomaterial Articular Lendário";"10";"36";"2";"6";"100";"10.5";"0.105";"342.9";"2.57"
"Grevas de Marcha do Marco Zero";"Resíduo Infecto Saturado";"10";"85";"6";"6";"100";"45";"0.675";"125.9";"0.94"
"Botas de Obra Remendadas";"Biomaterial de Mobilidade Comum";"1";"9";"2";"6";"100";"10.5";"0.105";"85.7";"0.52"
"Botas de Obra Remendadas";"Resíduo Infecto Pálido";"1";"16";"6";"6";"100";"45";"0.675";"23.7";"0.14"
"Botas de Ferrugem Cravada";"Biomaterial de Mobilidade Comum";"2";"10";"2";"6";"100";"10.5";"0.105";"95.2";"0.53"
"Botas de Ferrugem Cravada";"Resíduo Infecto Pálido";"2";"20";"6";"6";"100";"45";"0.675";"29.6";"0.16"
"Botas de Enfermaria Seladas";"Biomaterial de Mobilidade Incomum";"3";"12";"2";"6";"100";"17.85";"0.1785";"67.2";"0.41"
"Botas de Enfermaria Seladas";"Resíduo Infecto Amarelado";"3";"20";"6";"6";"100";"45";"0.675";"29.6";"0.18"
"Botas de Esteira Quebrada";"Biomaterial de Mobilidade Incomum";"4";"14";"2";"6";"100";"17.85";"0.1785";"78.4";"0.46"
"Botas de Esteira Quebrada";"Resíduo Infecto Amarelado";"4";"24";"6";"6";"100";"45";"0.675";"35.6";"0.21"
"Botas de Quarentena Selada";"Biomaterial de Mobilidade Raro";"5";"16";"2";"6";"100";"6.65";"0.0665";"240.6";"1.54"
"Botas de Quarentena Selada";"Resíduo Infecto Tóxico";"5";"30";"6";"6";"100";"45";"0.675";"44.4";"0.28"
"Botas de Cinza Industrial";"Biomaterial de Mobilidade Raro";"6";"20";"2";"6";"100";"6.65";"0.0665";"300.8";"1.84"
"Botas de Cinza Industrial";"Resíduo Infecto Tóxico";"6";"40";"6";"6";"100";"45";"0.675";"59.3";"0.36"
"Botas de Asfalto Mutagênico";"Biomaterial de Mobilidade Épico";"7";"22";"2";"6";"100";"10.5";"0.105";"209.5";"1.46"
"Botas de Asfalto Mutagênico";"Resíduo Infecto Mutagênico";"7";"50";"6";"6";"100";"45";"0.675";"74.1";"0.51"
"Botas de Tração Helix";"Biomaterial de Mobilidade Épico";"8";"28";"2";"6";"100";"10.5";"0.105";"266.7";"1.78"
"Botas de Tração Helix";"Resíduo Infecto Mutagênico";"8";"60";"6";"6";"100";"45";"0.675";"88.9";"0.59"
"Botas de Pisada Titânica";"Biomaterial de Mobilidade Lendário";"9";"32";"2";"6";"100";"17.85";"0.1785";"179.3";"1.34"
"Botas de Pisada Titânica";"Resíduo Infecto Saturado";"9";"80";"6";"6";"100";"45";"0.675";"118.5";"0.89"
"Botas do Colapso Rubro";"Biomaterial de Mobilidade Lendário";"10";"36";"2";"6";"100";"17.85";"0.1785";"201.7";"1.51"
"Botas do Colapso Rubro";"Resíduo Infecto Saturado";"10";"85";"6";"6";"100";"45";"0.675";"125.9";"0.94"
"Elmo de Obra Rachado";"Biomaterial Craniano Comum";"1";"9";"2";"6";"100";"10.5";"0.105";"85.7";"0.52"
"Elmo de Obra Rachado";"Resíduo Infecto Pálido";"1";"16";"6";"6";"100";"45";"0.675";"23.7";"0.14"
"Elmo de Soldador Enferrujado";"Biomaterial Craniano Comum";"2";"10";"2";"6";"100";"17.85";"0.1785";"56";"0.31"
"Elmo de Soldador Enferrujado";"Resíduo Infecto Pálido";"2";"20";"6";"6";"100";"45";"0.675";"29.6";"0.16"
"Elmo de Visor Clínico";"Biomaterial Craniano Incomum";"3";"12";"2";"6";"100";"17.85";"0.1785";"67.2";"0.41"
"Elmo de Visor Clínico";"Resíduo Infecto Amarelado";"3";"20";"6";"6";"100";"45";"0.675";"29.6";"0.18"
"Elmo de Segurança do Terminal";"Biomaterial Craniano Incomum";"4";"14";"2";"6";"100";"6.65";"0.0665";"210.5";"1.23"
"Elmo de Segurança do Terminal";"Resíduo Infecto Amarelado";"4";"24";"6";"6";"100";"45";"0.675";"35.6";"0.21"
"Elmo de Câmara Selada";"Biomaterial Craniano Raro";"5";"16";"2";"6";"100";"6.65";"0.0665";"240.6";"1.54"
"Elmo de Câmara Selada";"Resíduo Infecto Tóxico";"5";"30";"6";"6";"100";"45";"0.675";"44.4";"0.28"
"Elmo de Respirador Cinzento";"Biomaterial Craniano Raro";"6";"20";"2";"6";"100";"10.5";"0.105";"190.5";"1.16"
"Elmo de Respirador Cinzento";"Resíduo Infecto Tóxico";"6";"40";"6";"6";"100";"45";"0.675";"59.3";"0.36"
"Elmo de Motim Quebrado";"Biomaterial Craniano Épico";"7";"22";"2";"6";"100";"10.5";"0.105";"209.5";"1.46"
"Elmo de Motim Quebrado";"Resíduo Infecto Mutagênico";"7";"50";"6";"6";"100";"45";"0.675";"74.1";"0.51"
"Elmo de Contenção Helix";"Biomaterial Craniano Épico";"8";"28";"2";"6";"100";"17.85";"0.1785";"156.9";"1.05"
"Elmo de Contenção Helix";"Resíduo Infecto Mutagênico";"8";"60";"6";"6";"100";"45";"0.675";"88.9";"0.59"
"Elmo Titânico da Necrópole";"Biomaterial Craniano Lendário";"9";"32";"2";"6";"100";"17.85";"0.1785";"179.3";"1.34"
"Elmo Titânico da Necrópole";"Resíduo Infecto Saturado";"9";"80";"6";"6";"100";"45";"0.675";"118.5";"0.89"
"Elmo do Marco Zero";"Biomaterial Craniano Lendário";"10";"36";"2";"6";"100";"6.65";"0.0665";"541.4";"4.06"
"Elmo do Marco Zero";"Resíduo Infecto Saturado";"10";"85";"6";"6";"100";"45";"0.675";"125.9";"0.94"
"Maça de Ripa Cravada";"Biomaterial Cortante Comum";"1";"9";"2";"6";"100";"35.7";"0.357";"25.2";"0.15"
"Maça de Ripa Cravada";"Resíduo Infecto Pálido";"1";"16";"6";"6";"100";"45";"0.675";"23.7";"0.14"
"Machado de Lâmina Lascada";"Biomaterial Cortante Comum";"1";"9";"2";"6";"100";"35.7";"0.357";"25.2";"0.15"
"Machado de Lâmina Lascada";"Resíduo Infecto Pálido";"1";"16";"6";"6";"100";"45";"0.675";"23.7";"0.14"
"Maça de Engrenagem Enferrujada";"Biomaterial Cortante Comum";"2";"10";"2";"6";"100";"35.7";"0.357";"28";"0.16"
"Maça de Engrenagem Enferrujada";"Resíduo Infecto Pálido";"2";"20";"6";"6";"100";"45";"0.675";"29.6";"0.16"
"Machado de Chapa Rasgada";"Biomaterial Cortante Comum";"2";"10";"2";"6";"100";"35.7";"0.357";"28";"0.16"
"Machado de Chapa Rasgada";"Resíduo Infecto Pálido";"2";"20";"6";"6";"100";"45";"0.675";"29.6";"0.16"
"Maça de Suporte de Soro";"Biomaterial Cortante Incomum";"3";"12";"2";"6";"100";"13.3";"0.133";"90.2";"0.55"
"Maça de Suporte de Soro";"Resíduo Infecto Amarelado";"3";"20";"6";"6";"100";"45";"0.675";"29.6";"0.18"
"Machado de Bandeja Cirúrgica";"Biomaterial Cortante Incomum";"3";"12";"2";"6";"100";"13.3";"0.133";"90.2";"0.55"
"Machado de Bandeja Cirúrgica";"Resíduo Infecto Amarelado";"3";"20";"6";"6";"100";"45";"0.675";"29.6";"0.18"
"Maça de Corrimão Rebitado";"Biomaterial Cortante Incomum";"4";"14";"2";"6";"100";"13.3";"0.133";"105.3";"0.61"
"Maça de Corrimão Rebitado";"Resíduo Infecto Amarelado";"4";"24";"6";"6";"100";"45";"0.675";"35.6";"0.21"
"Machado de Placa de Embarque";"Biomaterial Cortante Incomum";"4";"14";"2";"6";"100";"13.3";"0.133";"105.3";"0.61"
"Machado de Placa de Embarque";"Resíduo Infecto Amarelado";"4";"24";"6";"6";"100";"45";"0.675";"35.6";"0.21"
"Maça de Grade de Quarentena";"Biomaterial Cortante Raro";"5";"16";"2";"6";"100";"21";"0.21";"76.2";"0.49"
"Maça de Grade de Quarentena";"Resíduo Infecto Tóxico";"5";"30";"6";"6";"100";"45";"0.675";"44.4";"0.28"
"Machado de Porta de Contenção";"Biomaterial Cortante Raro";"5";"16";"2";"6";"100";"21";"0.21";"76.2";"0.49"
"Machado de Porta de Contenção";"Resíduo Infecto Tóxico";"5";"30";"6";"6";"100";"45";"0.675";"44.4";"0.28"
"Maça de Pistão de Refinaria";"Biomaterial Cortante Raro";"6";"20";"2";"6";"100";"21";"0.21";"95.2";"0.58"
"Maça de Pistão de Refinaria";"Resíduo Infecto Tóxico";"6";"40";"6";"6";"100";"45";"0.675";"59.3";"0.36"
"Machado de Chapa de Caldeira";"Biomaterial Cortante Raro";"6";"20";"2";"6";"100";"21";"0.21";"95.2";"0.58"
"Machado de Chapa de Caldeira";"Resíduo Infecto Tóxico";"6";"40";"6";"6";"100";"45";"0.675";"59.3";"0.36"
"Maça de Poste Retorcido";"Biomaterial Cortante Épico";"7";"22";"2";"6";"100";"35.7";"0.357";"61.6";"0.43"
"Maça de Poste Retorcido";"Resíduo Infecto Mutagênico";"7";"50";"6";"6";"100";"45";"0.675";"74.1";"0.51"
"Machado de Porta de Viatura";"Biomaterial Cortante Épico";"7";"22";"2";"6";"100";"35.7";"0.357";"61.6";"0.43"
"Machado de Porta de Viatura";"Resíduo Infecto Mutagênico";"7";"50";"6";"6";"100";"45";"0.675";"74.1";"0.51"
"Maça de Coluna Helix";"Biomaterial Cortante Épico";"8";"28";"2";"6";"100";"35.7";"0.357";"78.4";"0.52"
"Maça de Coluna Helix";"Resíduo Infecto Mutagênico";"8";"60";"6";"6";"100";"45";"0.675";"88.9";"0.59"
"Machado de Lâmina Experimental";"Biomaterial Cortante Épico";"8";"28";"2";"6";"100";"35.7";"0.357";"78.4";"0.52"
"Machado de Lâmina Experimental";"Resíduo Infecto Mutagênico";"8";"60";"6";"6";"100";"45";"0.675";"88.9";"0.59"
"Maça de Coluna Titânica";"Biomaterial Cortante Lendário";"9";"32";"2";"6";"100";"13.3";"0.133";"240.6";"1.8"
"Maça de Coluna Titânica";"Resíduo Infecto Saturado";"9";"80";"6";"6";"100";"45";"0.675";"118.5";"0.89"
"Machado de Fragmento Titânico";"Biomaterial Cortante Lendário";"9";"32";"2";"6";"100";"13.3";"0.133";"240.6";"1.8"
"Machado de Fragmento Titânico";"Resíduo Infecto Saturado";"9";"80";"6";"6";"100";"45";"0.675";"118.5";"0.89"
"Maça do Marco Zero";"Biomaterial Cortante Lendário";"10";"36";"2";"6";"100";"13.3";"0.133";"270.7";"2.03"
"Maça do Marco Zero";"Resíduo Infecto Saturado";"10";"85";"6";"6";"100";"45";"0.675";"125.9";"0.94"
"Machado da Ruína Carmesim";"Biomaterial Cortante Lendário";"10";"36";"2";"6";"100";"13.3";"0.133";"270.7";"2.03"
"Machado da Ruína Carmesim";"Resíduo Infecto Saturado";"10";"85";"6";"6";"100";"45";"0.675";"125.9";"0.94"
"Escudo de Tampa Amassada";"Biomaterial Reativo Comum";"1";"9";"2";"6";"100";"6.65";"0.0665";"135.3";"0.83"
"Escudo de Tampa Amassada";"Resíduo Infecto Pálido";"1";"16";"6";"6";"100";"45";"0.675";"23.7";"0.14"
"Escudo de Portão Oxidado";"Biomaterial Reativo Comum";"2";"10";"2";"6";"100";"10.5";"0.105";"95.2";"0.53"
"Escudo de Portão Oxidado";"Resíduo Infecto Pálido";"2";"20";"6";"6";"100";"45";"0.675";"29.6";"0.16"
"Escudo de Maca Dobrada";"Biomaterial Reativo Incomum";"3";"12";"2";"6";"100";"10.5";"0.105";"114.3";"0.7"
"Escudo de Maca Dobrada";"Resíduo Infecto Amarelado";"3";"20";"6";"6";"100";"45";"0.675";"29.6";"0.18"
"Escudo de Painel de Embarque";"Biomaterial Reativo Incomum";"4";"14";"2";"6";"100";"17.85";"0.1785";"78.4";"0.46"
"Escudo de Painel de Embarque";"Resíduo Infecto Amarelado";"4";"24";"6";"6";"100";"45";"0.675";"35.6";"0.21"
"Escudo de Barreira de Quarentena";"Biomaterial Reativo Raro";"5";"16";"2";"6";"100";"17.85";"0.1785";"89.6";"0.57"
"Escudo de Barreira de Quarentena";"Resíduo Infecto Tóxico";"5";"30";"6";"6";"100";"45";"0.675";"44.4";"0.28"
"Escudo de Tampa de Caldeira";"Biomaterial Reativo Raro";"6";"20";"2";"6";"100";"6.65";"0.0665";"300.8";"1.84"
"Escudo de Tampa de Caldeira";"Resíduo Infecto Tóxico";"6";"40";"6";"6";"100";"45";"0.675";"59.3";"0.36"
"Escudo de Placa Antimotim";"Biomaterial Reativo Épico";"7";"22";"2";"6";"100";"6.65";"0.0665";"330.8";"2.3"
"Escudo de Placa Antimotim";"Resíduo Infecto Mutagênico";"7";"50";"6";"6";"100";"45";"0.675";"74.1";"0.51"
"Escudo de Painel Helix";"Biomaterial Reativo Épico";"8";"28";"2";"6";"100";"10.5";"0.105";"266.7";"1.78"
"Escudo de Painel Helix";"Resíduo Infecto Mutagênico";"8";"60";"6";"6";"100";"45";"0.675";"88.9";"0.59"
"Escudo Titânico da Necrópole";"Biomaterial Reativo Lendário";"9";"32";"2";"6";"100";"10.5";"0.105";"304.8";"2.29"
"Escudo Titânico da Necrópole";"Resíduo Infecto Saturado";"9";"80";"6";"6";"100";"45";"0.675";"118.5";"0.89"
"Escudo do Marco Zero";"Biomaterial Reativo Lendário";"10";"36";"2";"6";"100";"17.85";"0.1785";"201.7";"1.51"
"Escudo do Marco Zero";"Resíduo Infecto Saturado";"10";"85";"6";"6";"100";"45";"0.675";"125.9";"0.94"
"Espada de Faca Alongada";"Biomaterial Cortante Comum";"1";"9";"2";"6";"100";"35.7";"0.357";"25.2";"0.15"
"Espada de Faca Alongada";"Resíduo Infecto Pálido";"1";"16";"6";"6";"100";"45";"0.675";"23.7";"0.14"
"Adagas de Facas Trincadas";"Biomaterial Cortante Comum";"1";"9";"2";"6";"100";"35.7";"0.357";"25.2";"0.15"
"Adagas de Facas Trincadas";"Resíduo Infecto Pálido";"1";"16";"6";"6";"100";"45";"0.675";"23.7";"0.14"
"Espada de Serra Oxidada";"Biomaterial Cortante Comum";"2";"10";"2";"6";"100";"35.7";"0.357";"28";"0.16"
"Espada de Serra Oxidada";"Resíduo Infecto Pálido";"2";"20";"6";"6";"100";"45";"0.675";"29.6";"0.16"
"Adagas de Estilete Enferrujado";"Biomaterial Cortante Comum";"2";"10";"2";"6";"100";"35.7";"0.357";"28";"0.16"
"Adagas de Estilete Enferrujado";"Resíduo Infecto Pálido";"2";"20";"6";"6";"100";"45";"0.675";"29.6";"0.16"
"Espada de Bisturi Alongado";"Biomaterial Cortante Incomum";"3";"12";"2";"6";"100";"13.3";"0.133";"90.2";"0.55"
"Espada de Bisturi Alongado";"Resíduo Infecto Amarelado";"3";"20";"6";"6";"100";"45";"0.675";"29.6";"0.18"
"Adagas de Tesoura Cirúrgica";"Biomaterial Cortante Incomum";"3";"12";"2";"6";"100";"13.3";"0.133";"90.2";"0.55"
"Adagas de Tesoura Cirúrgica";"Resíduo Infecto Amarelado";"3";"20";"6";"6";"100";"45";"0.675";"29.6";"0.18"
"Espada de Sinalização Afiada";"Biomaterial Cortante Incomum";"4";"14";"2";"6";"100";"13.3";"0.133";"105.3";"0.61"
"Espada de Sinalização Afiada";"Resíduo Infecto Amarelado";"4";"24";"6";"6";"100";"45";"0.675";"35.6";"0.21"
"Adagas de Canivete de Embarque";"Biomaterial Cortante Incomum";"4";"14";"2";"6";"100";"13.3";"0.133";"105.3";"0.61"
"Adagas de Canivete de Embarque";"Resíduo Infecto Amarelado";"4";"24";"6";"6";"100";"45";"0.675";"35.6";"0.21"
"Espada de Lâmina Selada";"Biomaterial Cortante Raro";"5";"16";"2";"6";"100";"21";"0.21";"76.2";"0.49"
"Espada de Lâmina Selada";"Resíduo Infecto Tóxico";"5";"30";"6";"6";"100";"45";"0.675";"44.4";"0.28"
"Adagas de Contenção Verde";"Biomaterial Cortante Raro";"5";"16";"2";"6";"100";"21";"0.21";"76.2";"0.49"
"Adagas de Contenção Verde";"Resíduo Infecto Tóxico";"5";"30";"6";"6";"100";"45";"0.675";"44.4";"0.28"
"Espada de Corte Cinzento";"Biomaterial Cortante Raro";"6";"20";"2";"6";"100";"21";"0.21";"95.2";"0.58"
"Espada de Corte Cinzento";"Resíduo Infecto Tóxico";"6";"40";"6";"6";"100";"45";"0.675";"59.3";"0.36"
"Adagas de Caldeira Fumegante";"Biomaterial Cortante Raro";"6";"20";"2";"6";"100";"21";"0.21";"95.2";"0.58"
"Adagas de Caldeira Fumegante";"Resíduo Infecto Tóxico";"6";"40";"6";"6";"100";"45";"0.675";"59.3";"0.36"
"Espada de Viatura Partida";"Biomaterial Cortante Épico";"7";"22";"2";"6";"100";"35.7";"0.357";"61.6";"0.43"
"Espada de Viatura Partida";"Resíduo Infecto Mutagênico";"7";"50";"6";"6";"100";"45";"0.675";"74.1";"0.51"
"Adagas Antimotim Roxas";"Biomaterial Cortante Épico";"7";"22";"2";"6";"100";"35.7";"0.357";"61.6";"0.43"
"Adagas Antimotim Roxas";"Resíduo Infecto Mutagênico";"7";"50";"6";"6";"100";"45";"0.675";"74.1";"0.51"
"Espada Helix Serrilhada";"Biomaterial Cortante Épico";"8";"28";"2";"6";"100";"35.7";"0.357";"78.4";"0.52"
"Espada Helix Serrilhada";"Resíduo Infecto Mutagênico";"8";"60";"6";"6";"100";"45";"0.675";"88.9";"0.59"
"Adagas de Monofio Experimental";"Biomaterial Cortante Épico";"8";"28";"2";"6";"100";"35.7";"0.357";"78.4";"0.52"
"Adagas de Monofio Experimental";"Resíduo Infecto Mutagênico";"8";"60";"6";"6";"100";"45";"0.675";"88.9";"0.59"
"Espada de Fragmento Carmesim";"Biomaterial Cortante Lendário";"9";"32";"2";"6";"100";"13.3";"0.133";"240.6";"1.8"
"Espada de Fragmento Carmesim";"Resíduo Infecto Saturado";"9";"80";"6";"6";"100";"45";"0.675";"118.5";"0.89"
"Adagas Titânicas Necróticas";"Biomaterial Cortante Lendário";"9";"32";"2";"6";"100";"13.3";"0.133";"240.6";"1.8"
"Adagas Titânicas Necróticas";"Resíduo Infecto Saturado";"9";"80";"6";"6";"100";"45";"0.675";"118.5";"0.89"
"Espada do Marco Zero";"Biomaterial Cortante Lendário";"10";"36";"2";"6";"100";"13.3";"0.133";"270.7";"2.03"
"Espada do Marco Zero";"Resíduo Infecto Saturado";"10";"85";"6";"6";"100";"45";"0.675";"125.9";"0.94"
"Adagas da Ruína Silenciosa";"Biomaterial Cortante Lendário";"10";"36";"2";"6";"100";"13.3";"0.133";"270.7";"2.03"
"Adagas da Ruína Silenciosa";"Resíduo Infecto Saturado";"10";"85";"6";"6";"100";"45";"0.675";"125.9";"0.94"
"Bombas de Lata Fumacenta";"Biomaterial Reativo Comum";"1";"9";"2";"6";"100";"6.65";"0.0665";"135.3";"0.83"
"Bombas de Lata Fumacenta";"Resíduo Infecto Pálido";"1";"16";"6";"6";"100";"45";"0.675";"23.7";"0.14"
"Bombas de Ferrugem Seca";"Biomaterial Reativo Comum";"2";"10";"2";"6";"100";"10.5";"0.105";"95.2";"0.53"
"Bombas de Ferrugem Seca";"Resíduo Infecto Pálido";"2";"20";"6";"6";"100";"45";"0.675";"29.6";"0.16"
"Bombas de Névoa Clínica";"Biomaterial Reativo Incomum";"3";"12";"2";"6";"100";"10.5";"0.105";"114.3";"0.7"
"Bombas de Névoa Clínica";"Resíduo Infecto Amarelado";"3";"20";"6";"6";"100";"45";"0.675";"29.6";"0.18"
"Bombas de Sinalização Queimada";"Biomaterial Reativo Incomum";"4";"14";"2";"6";"100";"17.85";"0.1785";"78.4";"0.46"
"Bombas de Sinalização Queimada";"Resíduo Infecto Amarelado";"4";"24";"6";"6";"100";"45";"0.675";"35.6";"0.21"
"Bombas de Quarentena Verde";"Biomaterial Reativo Raro";"5";"16";"2";"6";"100";"17.85";"0.1785";"89.6";"0.57"
"Bombas de Quarentena Verde";"Resíduo Infecto Tóxico";"5";"30";"6";"6";"100";"45";"0.675";"44.4";"0.28"
"Bombas de Fuligem Química";"Biomaterial Reativo Raro";"6";"20";"2";"6";"100";"6.65";"0.0665";"300.8";"1.84"
"Bombas de Fuligem Química";"Resíduo Infecto Tóxico";"6";"40";"6";"6";"100";"45";"0.675";"59.3";"0.36"
"Bombas de Sombra Mutagênica";"Biomaterial Reativo Épico";"7";"22";"2";"6";"100";"6.65";"0.0665";"330.8";"2.3"
"Bombas de Sombra Mutagênica";"Resíduo Infecto Mutagênico";"7";"50";"6";"6";"100";"45";"0.675";"74.1";"0.51"
"Bombas Helix de Dispersão";"Biomaterial Reativo Épico";"8";"28";"2";"6";"100";"10.5";"0.105";"266.7";"1.78"
"Bombas Helix de Dispersão";"Resíduo Infecto Mutagênico";"8";"60";"6";"6";"100";"45";"0.675";"88.9";"0.59"
"Bombas Necróticas Carmesim";"Biomaterial Reativo Lendário";"9";"32";"2";"6";"100";"10.5";"0.105";"304.8";"2.29"
"Bombas Necróticas Carmesim";"Resíduo Infecto Saturado";"9";"80";"6";"6";"100";"45";"0.675";"118.5";"0.89"
"Bombas do Eclipse Rubro";"Biomaterial Reativo Lendário";"10";"36";"2";"6";"100";"17.85";"0.1785";"201.7";"1.51"
"Bombas do Eclipse Rubro";"Resíduo Infecto Saturado";"10";"85";"6";"6";"100";"45";"0.675";"125.9";"0.94"
"Capuz de Moletom Rasgado";"Biomaterial Craniano Comum";"1";"9";"2";"6";"100";"10.5";"0.105";"85.7";"0.52"
"Capuz de Moletom Rasgado";"Resíduo Infecto Pálido";"1";"16";"6";"6";"100";"45";"0.675";"23.7";"0.14"
"Capuz de Oficina Sombreado";"Biomaterial Craniano Comum";"2";"10";"2";"6";"100";"17.85";"0.1785";"56";"0.31"
"Capuz de Oficina Sombreado";"Resíduo Infecto Pálido";"2";"20";"6";"6";"100";"45";"0.675";"29.6";"0.16"
"Capuz de Triagem Escura";"Biomaterial Craniano Incomum";"3";"12";"2";"6";"100";"17.85";"0.1785";"67.2";"0.41"
"Capuz de Triagem Escura";"Resíduo Infecto Amarelado";"3";"20";"6";"6";"100";"45";"0.675";"29.6";"0.18"
"Capuz de Embarque Oculto";"Biomaterial Craniano Incomum";"4";"14";"2";"6";"100";"6.65";"0.0665";"210.5";"1.23"
"Capuz de Embarque Oculto";"Resíduo Infecto Amarelado";"4";"24";"6";"6";"100";"45";"0.675";"35.6";"0.21"
"Capuz de Quarentena Verde";"Biomaterial Craniano Raro";"5";"16";"2";"6";"100";"6.65";"0.0665";"240.6";"1.54"
"Capuz de Quarentena Verde";"Resíduo Infecto Tóxico";"5";"30";"6";"6";"100";"45";"0.675";"44.4";"0.28"
"Capuz de Fuligem Cinzenta";"Biomaterial Craniano Raro";"6";"20";"2";"6";"100";"10.5";"0.105";"190.5";"1.16"
"Capuz de Fuligem Cinzenta";"Resíduo Infecto Tóxico";"6";"40";"6";"6";"100";"45";"0.675";"59.3";"0.36"
"Capuz de Sombra Mutagênica";"Biomaterial Craniano Épico";"7";"22";"2";"6";"100";"10.5";"0.105";"209.5";"1.46"
"Capuz de Sombra Mutagênica";"Resíduo Infecto Mutagênico";"7";"50";"6";"6";"100";"45";"0.675";"74.1";"0.51"
"Capuz Helix Camuflado";"Biomaterial Craniano Épico";"8";"28";"2";"6";"100";"17.85";"0.1785";"156.9";"1.05"
"Capuz Helix Camuflado";"Resíduo Infecto Mutagênico";"8";"60";"6";"6";"100";"45";"0.675";"88.9";"0.59"
"Capuz Necrótico Carmesim";"Biomaterial Craniano Lendário";"9";"32";"2";"6";"100";"17.85";"0.1785";"179.3";"1.34"
"Capuz Necrótico Carmesim";"Resíduo Infecto Saturado";"9";"80";"6";"6";"100";"45";"0.675";"118.5";"0.89"
"Capuz do Marco Zero";"Biomaterial Craniano Lendário";"10";"36";"2";"6";"100";"6.65";"0.0665";"541.4";"4.06"
"Capuz do Marco Zero";"Resíduo Infecto Saturado";"10";"85";"6";"6";"100";"45";"0.675";"125.9";"0.94"
"Traje de Rua Rasgado";"Biomaterial Torácico Comum";"1";"9";"2";"6";"100";"6.65";"0.0665";"135.3";"0.83"
"Traje de Rua Rasgado";"Resíduo Infecto Pálido";"1";"16";"6";"6";"100";"45";"0.675";"23.7";"0.14"
"Traje de Oficina Silencioso";"Biomaterial Torácico Comum";"2";"10";"2";"6";"100";"6.65";"0.0665";"150.4";"0.84"
"Traje de Oficina Silencioso";"Resíduo Infecto Pálido";"2";"20";"6";"6";"100";"45";"0.675";"29.6";"0.16"
"Traje de Ala Isolada";"Biomaterial Torácico Incomum";"3";"12";"2";"6";"100";"10.5";"0.105";"114.3";"0.7"
"Traje de Ala Isolada";"Resíduo Infecto Amarelado";"3";"20";"6";"6";"100";"45";"0.675";"29.6";"0.18"
"Traje de Terminal Oculto";"Biomaterial Torácico Incomum";"4";"14";"2";"6";"100";"10.5";"0.105";"133.3";"0.78"
"Traje de Terminal Oculto";"Resíduo Infecto Amarelado";"4";"24";"6";"6";"100";"45";"0.675";"35.6";"0.21"
"Traje de Quarentena Furtiva";"Biomaterial Torácico Raro";"5";"16";"2";"6";"100";"17.85";"0.1785";"89.6";"0.57"
"Traje de Quarentena Furtiva";"Resíduo Infecto Tóxico";"5";"30";"6";"6";"100";"45";"0.675";"44.4";"0.28"
"Traje de Refinaria Sombria";"Biomaterial Torácico Raro";"6";"20";"2";"6";"100";"17.85";"0.1785";"112";"0.68"
"Traje de Refinaria Sombria";"Resíduo Infecto Tóxico";"6";"40";"6";"6";"100";"45";"0.675";"59.3";"0.36"
"Traje Antimotim Sombrio";"Biomaterial Torácico Épico";"7";"22";"2";"6";"100";"6.65";"0.0665";"330.8";"2.3"
"Traje Antimotim Sombrio";"Resíduo Infecto Mutagênico";"7";"50";"6";"6";"100";"45";"0.675";"74.1";"0.51"
"Traje Helix de Infiltração";"Biomaterial Torácico Épico";"8";"28";"2";"6";"100";"6.65";"0.0665";"421.1";"2.81"
"Traje Helix de Infiltração";"Resíduo Infecto Mutagênico";"8";"60";"6";"6";"100";"45";"0.675";"88.9";"0.59"
"Traje Titânico da Necrópole";"Biomaterial Torácico Lendário";"9";"32";"2";"6";"100";"10.5";"0.105";"304.8";"2.29"
"Traje Titânico da Necrópole";"Resíduo Infecto Saturado";"9";"80";"6";"6";"100";"45";"0.675";"118.5";"0.89"
"Traje da Ruína Silenciosa";"Biomaterial Torácico Lendário";"10";"36";"2";"6";"100";"10.5";"0.105";"342.9";"2.57"
"Traje da Ruína Silenciosa";"Resíduo Infecto Saturado";"10";"85";"6";"6";"100";"45";"0.675";"125.9";"0.94"
"Perneiras de Jeans Cortado";"Biomaterial Articular Comum";"1";"9";"2";"6";"100";"17.85";"0.1785";"50.4";"0.31"
"Perneiras de Jeans Cortado";"Resíduo Infecto Pálido";"1";"16";"6";"6";"100";"45";"0.675";"23.7";"0.14"
"Perneiras de Oficina Enferrujada";"Biomaterial Articular Comum";"2";"10";"2";"6";"100";"6.65";"0.0665";"150.4";"0.84"
"Perneiras de Oficina Enferrujada";"Resíduo Infecto Pálido";"2";"20";"6";"6";"100";"45";"0.675";"29.6";"0.16"
"Perneiras de Maca Silenciosa";"Biomaterial Articular Incomum";"3";"12";"2";"6";"100";"6.65";"0.0665";"180.5";"1.1"
"Perneiras de Maca Silenciosa";"Resíduo Infecto Amarelado";"3";"20";"6";"6";"100";"45";"0.675";"29.6";"0.18"
"Perneiras de Passageiro Oculto";"Biomaterial Articular Incomum";"4";"14";"2";"6";"100";"10.5";"0.105";"133.3";"0.78"
"Perneiras de Passageiro Oculto";"Resíduo Infecto Amarelado";"4";"24";"6";"6";"100";"45";"0.675";"35.6";"0.21"
"Perneiras de Quarentena Leve";"Biomaterial Articular Raro";"5";"16";"2";"6";"100";"10.5";"0.105";"152.4";"0.97"
"Perneiras de Quarentena Leve";"Resíduo Infecto Tóxico";"5";"30";"6";"6";"100";"45";"0.675";"44.4";"0.28"
"Perneiras de Cinza Industrial";"Biomaterial Articular Raro";"6";"20";"2";"6";"100";"17.85";"0.1785";"112";"0.68"
"Perneiras de Cinza Industrial";"Resíduo Infecto Tóxico";"6";"40";"6";"6";"100";"45";"0.675";"59.3";"0.36"
"Perneiras de Patrulha Mutagênica";"Biomaterial Articular Épico";"7";"22";"2";"6";"100";"17.85";"0.1785";"123.2";"0.86"
"Perneiras de Patrulha Mutagênica";"Resíduo Infecto Mutagênico";"7";"50";"6";"6";"100";"45";"0.675";"74.1";"0.51"
"Perneiras Articuladas Helix";"Biomaterial Articular Épico";"8";"28";"2";"6";"100";"6.65";"0.0665";"421.1";"2.81"
"Perneiras Articuladas Helix";"Resíduo Infecto Mutagênico";"8";"60";"6";"6";"100";"45";"0.675";"88.9";"0.59"
"Perneiras Necróticas de Fibra";"Biomaterial Articular Lendário";"9";"32";"2";"6";"100";"6.65";"0.0665";"481.2";"3.61"
"Perneiras Necróticas de Fibra";"Resíduo Infecto Saturado";"9";"80";"6";"6";"100";"45";"0.675";"118.5";"0.89"
"Perneiras do Marco Zero";"Biomaterial Articular Lendário";"10";"36";"2";"6";"100";"10.5";"0.105";"342.9";"2.57"
"Perneiras do Marco Zero";"Resíduo Infecto Saturado";"10";"85";"6";"6";"100";"45";"0.675";"125.9";"0.94"
"Sapatilhas de Pano Escuro";"Biomaterial de Mobilidade Comum";"1";"9";"2";"6";"100";"10.5";"0.105";"85.7";"0.52"
"Sapatilhas de Pano Escuro";"Resíduo Infecto Pálido";"1";"16";"6";"6";"100";"45";"0.675";"23.7";"0.14"
"Sapatilhas de Ferrugem Baixa";"Biomaterial de Mobilidade Comum";"2";"10";"2";"6";"100";"10.5";"0.105";"95.2";"0.53"
"Sapatilhas de Ferrugem Baixa";"Resíduo Infecto Pálido";"2";"20";"6";"6";"100";"45";"0.675";"29.6";"0.16"
"Sapatilhas de Enfermaria Silenciosa";"Biomaterial de Mobilidade Incomum";"3";"12";"2";"6";"100";"17.85";"0.1785";"67.2";"0.41"
"Sapatilhas de Enfermaria Silenciosa";"Resíduo Infecto Amarelado";"3";"20";"6";"6";"100";"45";"0.675";"29.6";"0.18"
"Sapatilhas de Esteira Quebrada";"Biomaterial de Mobilidade Incomum";"4";"14";"2";"6";"100";"17.85";"0.1785";"78.4";"0.46"
"Sapatilhas de Esteira Quebrada";"Resíduo Infecto Amarelado";"4";"24";"6";"6";"100";"45";"0.675";"35.6";"0.21"
"Sapatilhas de Quarentena Selada";"Biomaterial de Mobilidade Raro";"5";"16";"2";"6";"100";"6.65";"0.0665";"240.6";"1.54"
"Sapatilhas de Quarentena Selada";"Resíduo Infecto Tóxico";"5";"30";"6";"6";"100";"45";"0.675";"44.4";"0.28"
"Sapatilhas de Cinza Silenciosa";"Biomaterial de Mobilidade Raro";"6";"20";"2";"6";"100";"6.65";"0.0665";"300.8";"1.84"
"Sapatilhas de Cinza Silenciosa";"Resíduo Infecto Tóxico";"6";"40";"6";"6";"100";"45";"0.675";"59.3";"0.36"
"Sapatilhas de Asfalto Mutagênico";"Biomaterial de Mobilidade Épico";"7";"22";"2";"6";"100";"10.5";"0.105";"209.5";"1.46"
"Sapatilhas de Asfalto Mutagênico";"Resíduo Infecto Mutagênico";"7";"50";"6";"6";"100";"45";"0.675";"74.1";"0.51"
"Sapatilhas de Tração Helix";"Biomaterial de Mobilidade Épico";"8";"28";"2";"6";"100";"10.5";"0.105";"266.7";"1.78"
"Sapatilhas de Tração Helix";"Resíduo Infecto Mutagênico";"8";"60";"6";"6";"100";"45";"0.675";"88.9";"0.59"
"Sapatilhas de Passo Carmesim";"Biomaterial de Mobilidade Lendário";"9";"32";"2";"6";"100";"17.85";"0.1785";"179.3";"1.34"
"Sapatilhas de Passo Carmesim";"Resíduo Infecto Saturado";"9";"80";"6";"6";"100";"45";"0.675";"118.5";"0.89"
"Sapatilhas do Eclipse Rubro";"Biomaterial de Mobilidade Lendário";"10";"36";"2";"6";"100";"17.85";"0.1785";"201.7";"1.51"
"Sapatilhas do Eclipse Rubro";"Resíduo Infecto Saturado";"10";"85";"6";"6";"100";"45";"0.675";"125.9";"0.94"
"Serra de Emergência Quebrada";"Biomaterial Cortante Comum";"1";"9";"2";"6";"100";"35.7";"0.357";"25.2";"0.15"
"Serra de Emergência Quebrada";"Resíduo Infecto Pálido";"1";"16";"6";"6";"100";"45";"0.675";"23.7";"0.14"
"Desfibrilador de Rádio Improvisado";"Biomaterial Cortante Comum";"1";"9";"2";"6";"100";"35.7";"0.357";"25.2";"0.15"
"Desfibrilador de Rádio Improvisado";"Resíduo Infecto Pálido";"1";"16";"6";"6";"100";"45";"0.675";"23.7";"0.14"
"Serra de Oficina Médica Oxidada";"Biomaterial Cortante Comum";"2";"10";"2";"6";"100";"35.7";"0.357";"28";"0.16"
"Serra de Oficina Médica Oxidada";"Resíduo Infecto Pálido";"2";"20";"6";"6";"100";"45";"0.675";"29.6";"0.16"
"Desfibrilador de Bobina Enferrujada";"Biomaterial Cortante Comum";"2";"10";"2";"6";"100";"35.7";"0.357";"28";"0.16"
"Desfibrilador de Bobina Enferrujada";"Resíduo Infecto Pálido";"2";"20";"6";"6";"100";"45";"0.675";"29.6";"0.16"
"Serra Cirúrgica de Triagem";"Biomaterial Cortante Incomum";"3";"12";"2";"6";"100";"13.3";"0.133";"90.2";"0.55"
"Serra Cirúrgica de Triagem";"Resíduo Infecto Amarelado";"3";"20";"6";"6";"100";"45";"0.675";"29.6";"0.18"
"Desfibrilador de Leito Clínico";"Biomaterial Cortante Incomum";"3";"12";"2";"6";"100";"13.3";"0.133";"90.2";"0.55"
"Desfibrilador de Leito Clínico";"Resíduo Infecto Amarelado";"3";"20";"6";"6";"100";"45";"0.675";"29.6";"0.18"
"Serra de Resgate do Terminal";"Biomaterial Cortante Incomum";"4";"14";"2";"6";"100";"13.3";"0.133";"105.3";"0.61"
"Serra de Resgate do Terminal";"Resíduo Infecto Amarelado";"4";"24";"6";"6";"100";"45";"0.675";"35.6";"0.21"
"Desfibrilador de Cabine de Emergência";"Biomaterial Cortante Incomum";"4";"14";"2";"6";"100";"13.3";"0.133";"105.3";"0.61"
"Desfibrilador de Cabine de Emergência";"Resíduo Infecto Amarelado";"4";"24";"6";"6";"100";"45";"0.675";"35.6";"0.21"
"Serra de Contenção Verde";"Biomaterial Cortante Raro";"5";"16";"2";"6";"100";"21";"0.21";"76.2";"0.49"
"Serra de Contenção Verde";"Resíduo Infecto Tóxico";"5";"30";"6";"6";"100";"45";"0.675";"44.4";"0.28"
"Desfibrilador de Quarentena";"Biomaterial Cortante Raro";"5";"16";"2";"6";"100";"21";"0.21";"76.2";"0.49"
"Desfibrilador de Quarentena";"Resíduo Infecto Tóxico";"5";"30";"6";"6";"100";"45";"0.675";"44.4";"0.28"
"Serra de Cautério Cinzento";"Biomaterial Cortante Raro";"6";"20";"2";"6";"100";"21";"0.21";"95.2";"0.58"
"Serra de Cautério Cinzento";"Resíduo Infecto Tóxico";"6";"40";"6";"6";"100";"45";"0.675";"59.3";"0.36"
"Desfibrilador de Vapor Cinzento";"Biomaterial Cortante Raro";"6";"20";"2";"6";"100";"21";"0.21";"95.2";"0.58"
"Desfibrilador de Vapor Cinzento";"Resíduo Infecto Tóxico";"6";"40";"6";"6";"100";"45";"0.675";"59.3";"0.36"
"Serra de Resgate Mutagênica";"Biomaterial Cortante Épico";"7";"22";"2";"6";"100";"35.7";"0.357";"61.6";"0.43"
"Serra de Resgate Mutagênica";"Resíduo Infecto Mutagênico";"7";"50";"6";"6";"100";"45";"0.675";"74.1";"0.51"
"Desfibrilador Antimotim";"Biomaterial Cortante Épico";"7";"22";"2";"6";"100";"35.7";"0.357";"61.6";"0.43"
"Desfibrilador Antimotim";"Resíduo Infecto Mutagênico";"7";"50";"6";"6";"100";"45";"0.675";"74.1";"0.51"
"Serra Helix de Microcorte";"Biomaterial Cortante Épico";"8";"28";"2";"6";"100";"35.7";"0.357";"78.4";"0.52"
"Serra Helix de Microcorte";"Resíduo Infecto Mutagênico";"8";"60";"6";"6";"100";"45";"0.675";"88.9";"0.59"
"Desfibrilador Neural Helix";"Biomaterial Cortante Épico";"8";"28";"2";"6";"100";"35.7";"0.357";"78.4";"0.52"
"Desfibrilador Neural Helix";"Resíduo Infecto Mutagênico";"8";"60";"6";"6";"100";"45";"0.675";"88.9";"0.59"
"Serra Necroclínica Carmesim";"Biomaterial Cortante Lendário";"9";"32";"2";"6";"100";"13.3";"0.133";"240.6";"1.8"
"Serra Necroclínica Carmesim";"Resíduo Infecto Saturado";"9";"80";"6";"6";"100";"45";"0.675";"118.5";"0.89"
"Desfibrilador Carmesim da Necrópole";"Biomaterial Cortante Lendário";"9";"32";"2";"6";"100";"13.3";"0.133";"240.6";"1.8"
"Desfibrilador Carmesim da Necrópole";"Resíduo Infecto Saturado";"9";"80";"6";"6";"100";"45";"0.675";"118.5";"0.89"
"Serra do Marco Zero";"Biomaterial Cortante Lendário";"10";"36";"2";"6";"100";"13.3";"0.133";"270.7";"2.03"
"Serra do Marco Zero";"Resíduo Infecto Saturado";"10";"85";"6";"6";"100";"45";"0.675";"125.9";"0.94"
"Desfibrilador do Último Pulso";"Biomaterial Cortante Lendário";"10";"36";"2";"6";"100";"13.3";"0.133";"270.7";"2.03"
"Desfibrilador do Último Pulso";"Resíduo Infecto Saturado";"10";"85";"6";"6";"100";"45";"0.675";"125.9";"0.94"
"Injetor de Soro Rachado";"Biomaterial Reativo Comum";"1";"9";"2";"6";"100";"6.65";"0.0665";"135.3";"0.83"
"Injetor de Soro Rachado";"Resíduo Infecto Pálido";"1";"16";"6";"6";"100";"45";"0.675";"23.7";"0.14"
"Injetor de Oficina Oxidado";"Biomaterial Reativo Comum";"2";"10";"2";"6";"100";"10.5";"0.105";"95.2";"0.53"
"Injetor de Oficina Oxidado";"Resíduo Infecto Pálido";"2";"20";"6";"6";"100";"45";"0.675";"29.6";"0.16"
"Injetor de Triagem Clínica";"Biomaterial Reativo Incomum";"3";"12";"2";"6";"100";"10.5";"0.105";"114.3";"0.7"
"Injetor de Triagem Clínica";"Resíduo Infecto Amarelado";"3";"20";"6";"6";"100";"45";"0.675";"29.6";"0.18"
"Injetor de Emergência do Terminal";"Biomaterial Reativo Incomum";"4";"14";"2";"6";"100";"17.85";"0.1785";"78.4";"0.46"
"Injetor de Emergência do Terminal";"Resíduo Infecto Amarelado";"4";"24";"6";"6";"100";"45";"0.675";"35.6";"0.21"
"Injetor de Quarentena Verde";"Biomaterial Reativo Raro";"5";"16";"2";"6";"100";"17.85";"0.1785";"89.6";"0.57"
"Injetor de Quarentena Verde";"Resíduo Infecto Tóxico";"5";"30";"6";"6";"100";"45";"0.675";"44.4";"0.28"
"Injetor de Reagente Cinzento";"Biomaterial Reativo Raro";"6";"20";"2";"6";"100";"6.65";"0.0665";"300.8";"1.84"
"Injetor de Reagente Cinzento";"Resíduo Infecto Tóxico";"6";"40";"6";"6";"100";"45";"0.675";"59.3";"0.36"
"Injetor Mutagênico de Campo";"Biomaterial Reativo Épico";"7";"22";"2";"6";"100";"6.65";"0.0665";"330.8";"2.3"
"Injetor Mutagênico de Campo";"Resíduo Infecto Mutagênico";"7";"50";"6";"6";"100";"45";"0.675";"74.1";"0.51"
"Injetor Helix de Estabilização";"Biomaterial Reativo Épico";"8";"28";"2";"6";"100";"10.5";"0.105";"266.7";"1.78"
"Injetor Helix de Estabilização";"Resíduo Infecto Mutagênico";"8";"60";"6";"6";"100";"45";"0.675";"88.9";"0.59"
"Injetor Carmesim de Reanimação";"Biomaterial Reativo Lendário";"9";"32";"2";"6";"100";"10.5";"0.105";"304.8";"2.29"
"Injetor Carmesim de Reanimação";"Resíduo Infecto Saturado";"9";"80";"6";"6";"100";"45";"0.675";"118.5";"0.89"
"Injetor do Marco Zero";"Biomaterial Reativo Lendário";"10";"36";"2";"6";"100";"17.85";"0.1785";"201.7";"1.51"
"Injetor do Marco Zero";"Resíduo Infecto Saturado";"10";"85";"6";"6";"100";"45";"0.675";"125.9";"0.94"
"Máscara Clínica Rasgada";"Biomaterial Craniano Comum";"1";"9";"2";"6";"100";"10.5";"0.105";"85.7";"0.52"
"Máscara Clínica Rasgada";"Resíduo Infecto Pálido";"1";"16";"6";"6";"100";"45";"0.675";"23.7";"0.14"
"Máscara de Oficina Médica";"Biomaterial Craniano Comum";"2";"10";"2";"6";"100";"17.85";"0.1785";"56";"0.31"
"Máscara de Oficina Médica";"Resíduo Infecto Pálido";"2";"20";"6";"6";"100";"45";"0.675";"29.6";"0.16"
"Máscara de Isolamento Clínico";"Biomaterial Craniano Incomum";"3";"12";"2";"6";"100";"17.85";"0.1785";"67.2";"0.41"
"Máscara de Isolamento Clínico";"Resíduo Infecto Amarelado";"3";"20";"6";"6";"100";"45";"0.675";"29.6";"0.18"
"Máscara de Cabine Sanitária";"Biomaterial Craniano Incomum";"4";"14";"2";"6";"100";"6.65";"0.0665";"210.5";"1.23"
"Máscara de Cabine Sanitária";"Resíduo Infecto Amarelado";"4";"24";"6";"6";"100";"45";"0.675";"35.6";"0.21"
"Máscara de Quarentena Verde";"Biomaterial Craniano Raro";"5";"16";"2";"6";"100";"6.65";"0.0665";"240.6";"1.54"
"Máscara de Quarentena Verde";"Resíduo Infecto Tóxico";"5";"30";"6";"6";"100";"45";"0.675";"44.4";"0.28"
"Máscara de Vapor Cinzento";"Biomaterial Craniano Raro";"6";"20";"2";"6";"100";"10.5";"0.105";"190.5";"1.16"
"Máscara de Vapor Cinzento";"Resíduo Infecto Tóxico";"6";"40";"6";"6";"100";"45";"0.675";"59.3";"0.36"
"Máscara de Resgate Mutagênico";"Biomaterial Craniano Épico";"7";"22";"2";"6";"100";"10.5";"0.105";"209.5";"1.46"
"Máscara de Resgate Mutagênico";"Resíduo Infecto Mutagênico";"7";"50";"6";"6";"100";"45";"0.675";"74.1";"0.51"
"Máscara Helix de Biofiltro";"Biomaterial Craniano Épico";"8";"28";"2";"6";"100";"17.85";"0.1785";"156.9";"1.05"
"Máscara Helix de Biofiltro";"Resíduo Infecto Mutagênico";"8";"60";"6";"6";"100";"45";"0.675";"88.9";"0.59"
"Máscara Carmesim de Contenção";"Biomaterial Craniano Lendário";"9";"32";"2";"6";"100";"17.85";"0.1785";"179.3";"1.34"
"Máscara Carmesim de Contenção";"Resíduo Infecto Saturado";"9";"80";"6";"6";"100";"45";"0.675";"118.5";"0.89"
"Máscara do Marco Zero";"Biomaterial Craniano Lendário";"10";"36";"2";"6";"100";"6.65";"0.0665";"541.4";"4.06"
"Máscara do Marco Zero";"Resíduo Infecto Saturado";"10";"85";"6";"6";"100";"45";"0.675";"125.9";"0.94"
"Colete de Primeiros Socorros";"Biomaterial Torácico Comum";"1";"9";"2";"6";"100";"6.65";"0.0665";"135.3";"0.83"
"Colete de Primeiros Socorros";"Resíduo Infecto Pálido";"1";"16";"6";"6";"100";"45";"0.675";"23.7";"0.14"
"Colete Paramédico Enferrujado";"Biomaterial Torácico Comum";"2";"10";"2";"6";"100";"6.65";"0.0665";"150.4";"0.84"
"Colete Paramédico Enferrujado";"Resíduo Infecto Pálido";"2";"20";"6";"6";"100";"45";"0.675";"29.6";"0.16"
"Colete de Triagem Clínica";"Biomaterial Torácico Incomum";"3";"12";"2";"6";"100";"10.5";"0.105";"114.3";"0.7"
"Colete de Triagem Clínica";"Resíduo Infecto Amarelado";"3";"20";"6";"6";"100";"45";"0.675";"29.6";"0.18"
"Colete de Resgate do Terminal";"Biomaterial Torácico Incomum";"4";"14";"2";"6";"100";"10.5";"0.105";"133.3";"0.78"
"Colete de Resgate do Terminal";"Resíduo Infecto Amarelado";"4";"24";"6";"6";"100";"45";"0.675";"35.6";"0.21"
"Colete de Quarentena Verde";"Biomaterial Torácico Raro";"5";"16";"2";"6";"100";"17.85";"0.1785";"89.6";"0.57"
"Colete de Quarentena Verde";"Resíduo Infecto Tóxico";"5";"30";"6";"6";"100";"45";"0.675";"44.4";"0.28"
"Colete de Vapor Cinzento";"Biomaterial Torácico Raro";"6";"20";"2";"6";"100";"17.85";"0.1785";"112";"0.68"
"Colete de Vapor Cinzento";"Resíduo Infecto Tóxico";"6";"40";"6";"6";"100";"45";"0.675";"59.3";"0.36"
"Colete de Campo Mutagênico";"Biomaterial Torácico Épico";"7";"22";"2";"6";"100";"6.65";"0.0665";"330.8";"2.3"
"Colete de Campo Mutagênico";"Resíduo Infecto Mutagênico";"7";"50";"6";"6";"100";"45";"0.675";"74.1";"0.51"
"Colete Helix de Estabilização";"Biomaterial Torácico Épico";"8";"28";"2";"6";"100";"6.65";"0.0665";"421.1";"2.81"
"Colete Helix de Estabilização";"Resíduo Infecto Mutagênico";"8";"60";"6";"6";"100";"45";"0.675";"88.9";"0.59"
"Colete Carmesim da Necrópole";"Biomaterial Torácico Lendário";"9";"32";"2";"6";"100";"10.5";"0.105";"304.8";"2.29"
"Colete Carmesim da Necrópole";"Resíduo Infecto Saturado";"9";"80";"6";"6";"100";"45";"0.675";"118.5";"0.89"
"Colete do Último Socorro";"Biomaterial Torácico Lendário";"10";"36";"2";"6";"100";"10.5";"0.105";"342.9";"2.57"
"Colete do Último Socorro";"Resíduo Infecto Saturado";"10";"85";"6";"6";"100";"45";"0.675";"125.9";"0.94"
"Calças de Socorro Rasgadas";"Biomaterial Articular Comum";"1";"9";"2";"6";"100";"17.85";"0.1785";"50.4";"0.31"
"Calças de Socorro Rasgadas";"Resíduo Infecto Pálido";"1";"16";"6";"6";"100";"45";"0.675";"23.7";"0.14"
"Calças de Oficina Sanitária";"Biomaterial Articular Comum";"2";"10";"2";"6";"100";"6.65";"0.0665";"150.4";"0.84"
"Calças de Oficina Sanitária";"Resíduo Infecto Pálido";"2";"20";"6";"6";"100";"45";"0.675";"29.6";"0.16"
"Calças de Triagem Clínica";"Biomaterial Articular Incomum";"3";"12";"2";"6";"100";"6.65";"0.0665";"180.5";"1.1"
"Calças de Triagem Clínica";"Resíduo Infecto Amarelado";"3";"20";"6";"6";"100";"45";"0.675";"29.6";"0.18"
"Calças de Emergência do Terminal";"Biomaterial Articular Incomum";"4";"14";"2";"6";"100";"10.5";"0.105";"133.3";"0.78"
"Calças de Emergência do Terminal";"Resíduo Infecto Amarelado";"4";"24";"6";"6";"100";"45";"0.675";"35.6";"0.21"
"Calças de Quarentena Leve";"Biomaterial Articular Raro";"5";"16";"2";"6";"100";"10.5";"0.105";"152.4";"0.97"
"Calças de Quarentena Leve";"Resíduo Infecto Tóxico";"5";"30";"6";"6";"100";"45";"0.675";"44.4";"0.28"
"Calças de Vedação Cinzenta";"Biomaterial Articular Raro";"6";"20";"2";"6";"100";"17.85";"0.1785";"112";"0.68"
"Calças de Vedação Cinzenta";"Resíduo Infecto Tóxico";"6";"40";"6";"6";"100";"45";"0.675";"59.3";"0.36"
"Calças de Resgate Mutagênico";"Biomaterial Articular Épico";"7";"22";"2";"6";"100";"17.85";"0.1785";"123.2";"0.86"
"Calças de Resgate Mutagênico";"Resíduo Infecto Mutagênico";"7";"50";"6";"6";"100";"45";"0.675";"74.1";"0.51"
"Calças Articuladas Helix";"Biomaterial Articular Épico";"8";"28";"2";"6";"100";"6.65";"0.0665";"421.1";"2.81"
"Calças Articuladas Helix";"Resíduo Infecto Mutagênico";"8";"60";"6";"6";"100";"45";"0.675";"88.9";"0.59"
"Calças Carmesim de Estabilização";"Biomaterial Articular Lendário";"9";"32";"2";"6";"100";"6.65";"0.0665";"481.2";"3.61"
"Calças Carmesim de Estabilização";"Resíduo Infecto Saturado";"9";"80";"6";"6";"100";"45";"0.675";"118.5";"0.89"
"Calças do Marco Zero";"Biomaterial Articular Lendário";"10";"36";"2";"6";"100";"10.5";"0.105";"342.9";"2.57"
"Calças do Marco Zero";"Resíduo Infecto Saturado";"10";"85";"6";"6";"100";"45";"0.675";"125.9";"0.94"
"Sapatos de Enfermagem Gastos";"Biomaterial de Mobilidade Comum";"1";"9";"2";"6";"100";"10.5";"0.105";"85.7";"0.52"
"Sapatos de Enfermagem Gastos";"Resíduo Infecto Pálido";"1";"16";"6";"6";"100";"45";"0.675";"23.7";"0.14"
"Sapatos de Oficina Sanitária";"Biomaterial de Mobilidade Comum";"2";"10";"2";"6";"100";"10.5";"0.105";"95.2";"0.53"
"Sapatos de Oficina Sanitária";"Resíduo Infecto Pálido";"2";"20";"6";"6";"100";"45";"0.675";"29.6";"0.16"
"Sapatos de Enfermaria Selada";"Biomaterial de Mobilidade Incomum";"3";"12";"2";"6";"100";"17.85";"0.1785";"67.2";"0.41"
"Sapatos de Enfermaria Selada";"Resíduo Infecto Amarelado";"3";"20";"6";"6";"100";"45";"0.675";"29.6";"0.18"
"Sapatos de Resgate do Terminal";"Biomaterial de Mobilidade Incomum";"4";"14";"2";"6";"100";"17.85";"0.1785";"78.4";"0.46"
"Sapatos de Resgate do Terminal";"Resíduo Infecto Amarelado";"4";"24";"6";"6";"100";"45";"0.675";"35.6";"0.21"
"Sapatos de Quarentena Verde";"Biomaterial de Mobilidade Raro";"5";"16";"2";"6";"100";"6.65";"0.0665";"240.6";"1.54"
"Sapatos de Quarentena Verde";"Resíduo Infecto Tóxico";"5";"30";"6";"6";"100";"45";"0.675";"44.4";"0.28"
"Sapatos de Vapor Cinzento";"Biomaterial de Mobilidade Raro";"6";"20";"2";"6";"100";"6.65";"0.0665";"300.8";"1.84"
"Sapatos de Vapor Cinzento";"Resíduo Infecto Tóxico";"6";"40";"6";"6";"100";"45";"0.675";"59.3";"0.36"
"Sapatos de Campo Mutagênico";"Biomaterial de Mobilidade Épico";"7";"22";"2";"6";"100";"10.5";"0.105";"209.5";"1.46"
"Sapatos de Campo Mutagênico";"Resíduo Infecto Mutagênico";"7";"50";"6";"6";"100";"45";"0.675";"74.1";"0.51"
"Sapatos de Tração Helix";"Biomaterial de Mobilidade Épico";"8";"28";"2";"6";"100";"10.5";"0.105";"266.7";"1.78"
"Sapatos de Tração Helix";"Resíduo Infecto Mutagênico";"8";"60";"6";"6";"100";"45";"0.675";"88.9";"0.59"
"Sapatos de Marcha Carmesim";"Biomaterial de Mobilidade Lendário";"9";"32";"2";"6";"100";"17.85";"0.1785";"179.3";"1.34"
"Sapatos de Marcha Carmesim";"Resíduo Infecto Saturado";"9";"80";"6";"6";"100";"45";"0.675";"118.5";"0.89"
"Sapatos do Último Passo";"Biomaterial de Mobilidade Lendário";"10";"36";"2";"6";"100";"17.85";"0.1785";"201.7";"1.51"
"Sapatos do Último Passo";"Resíduo Infecto Saturado";"10";"85";"6";"6";"100";"45";"0.675";"125.9";"0.94"
"Rifle de Cano Curto";"Biomaterial Cortante Comum";"1";"9";"2";"6";"100";"35.7";"0.357";"25.2";"0.15"
"Rifle de Cano Curto";"Resíduo Infecto Pálido";"1";"16";"6";"6";"100";"45";"0.675";"23.7";"0.14"
"Pistola de Gaveta Quebrada";"Biomaterial Cortante Comum";"1";"9";"2";"6";"100";"35.7";"0.357";"25.2";"0.15"
"Pistola de Gaveta Quebrada";"Resíduo Infecto Pálido";"1";"16";"6";"6";"100";"45";"0.675";"23.7";"0.14"
"Rifle de Oficina Oxidado";"Biomaterial Cortante Comum";"2";"10";"2";"6";"100";"35.7";"0.357";"28";"0.16"
"Rifle de Oficina Oxidado";"Resíduo Infecto Pálido";"2";"20";"6";"6";"100";"45";"0.675";"29.6";"0.16"
"Pistola de Chapa Enferrujada";"Biomaterial Cortante Comum";"2";"10";"2";"6";"100";"35.7";"0.357";"28";"0.16"
"Pistola de Chapa Enferrujada";"Resíduo Infecto Pálido";"2";"20";"6";"6";"100";"45";"0.675";"29.6";"0.16"
"Rifle de Dardos Clínicos";"Biomaterial Cortante Incomum";"3";"12";"2";"6";"100";"13.3";"0.133";"90.2";"0.55"
"Rifle de Dardos Clínicos";"Resíduo Infecto Amarelado";"3";"20";"6";"6";"100";"45";"0.675";"29.6";"0.18"
"Pistola de Sedativo Quebrada";"Biomaterial Cortante Incomum";"3";"12";"2";"6";"100";"13.3";"0.133";"90.2";"0.55"
"Pistola de Sedativo Quebrada";"Resíduo Infecto Amarelado";"3";"20";"6";"6";"100";"45";"0.675";"29.6";"0.18"
"Rifle de Sinalização de Embarque";"Biomaterial Cortante Incomum";"4";"14";"2";"6";"100";"13.3";"0.133";"105.3";"0.61"
"Rifle de Sinalização de Embarque";"Resíduo Infecto Amarelado";"4";"24";"6";"6";"100";"45";"0.675";"35.6";"0.21"
"Pistola de Segurança do Terminal";"Biomaterial Cortante Incomum";"4";"14";"2";"6";"100";"13.3";"0.133";"105.3";"0.61"
"Pistola de Segurança do Terminal";"Resíduo Infecto Amarelado";"4";"24";"6";"6";"100";"45";"0.675";"35.6";"0.21"
"Rifle de Contenção Verde";"Biomaterial Cortante Raro";"5";"16";"2";"6";"100";"21";"0.21";"76.2";"0.49"
"Rifle de Contenção Verde";"Resíduo Infecto Tóxico";"5";"30";"6";"6";"100";"45";"0.675";"44.4";"0.28"
"Pistola de Quarentena Selada";"Biomaterial Cortante Raro";"5";"16";"2";"6";"100";"21";"0.21";"76.2";"0.49"
"Pistola de Quarentena Selada";"Resíduo Infecto Tóxico";"5";"30";"6";"6";"100";"45";"0.675";"44.4";"0.28"
"Rifle de Fuligem Cinzenta";"Biomaterial Cortante Raro";"6";"20";"2";"6";"100";"21";"0.21";"95.2";"0.58"
"Rifle de Fuligem Cinzenta";"Resíduo Infecto Tóxico";"6";"40";"6";"6";"100";"45";"0.675";"59.3";"0.36"
"Pistola de Pressão da Refinaria";"Biomaterial Cortante Raro";"6";"20";"2";"6";"100";"21";"0.21";"95.2";"0.58"
"Pistola de Pressão da Refinaria";"Resíduo Infecto Tóxico";"6";"40";"6";"6";"100";"45";"0.675";"59.3";"0.36"
"Rifle Antimotim Roxo";"Biomaterial Cortante Épico";"7";"22";"2";"6";"100";"35.7";"0.357";"61.6";"0.43"
"Rifle Antimotim Roxo";"Resíduo Infecto Mutagênico";"7";"50";"6";"6";"100";"45";"0.675";"74.1";"0.51"
"Pistola de Patrulha Mutagênica";"Biomaterial Cortante Épico";"7";"22";"2";"6";"100";"35.7";"0.357";"61.6";"0.43"
"Pistola de Patrulha Mutagênica";"Resíduo Infecto Mutagênico";"7";"50";"6";"6";"100";"45";"0.675";"74.1";"0.51"
"Rifle Helix de Precisão";"Biomaterial Cortante Épico";"8";"28";"2";"6";"100";"35.7";"0.357";"78.4";"0.52"
"Rifle Helix de Precisão";"Resíduo Infecto Mutagênico";"8";"60";"6";"6";"100";"45";"0.675";"88.9";"0.59"
"Pistola de Pulso Experimental";"Biomaterial Cortante Épico";"8";"28";"2";"6";"100";"35.7";"0.357";"78.4";"0.52"
"Pistola de Pulso Experimental";"Resíduo Infecto Mutagênico";"8";"60";"6";"6";"100";"45";"0.675";"88.9";"0.59"
"Rifle Carmesim da Necrópole";"Biomaterial Cortante Lendário";"9";"32";"2";"6";"100";"13.3";"0.133";"240.6";"1.8"
"Rifle Carmesim da Necrópole";"Resíduo Infecto Saturado";"9";"80";"6";"6";"100";"45";"0.675";"118.5";"0.89"
"Pistola Titânica de Execução";"Biomaterial Cortante Lendário";"9";"32";"2";"6";"100";"13.3";"0.133";"240.6";"1.8"
"Pistola Titânica de Execução";"Resíduo Infecto Saturado";"9";"80";"6";"6";"100";"45";"0.675";"118.5";"0.89"
"Rifle do Marco Zero";"Biomaterial Cortante Lendário";"10";"36";"2";"6";"100";"13.3";"0.133";"270.7";"2.03"
"Rifle do Marco Zero";"Resíduo Infecto Saturado";"10";"85";"6";"6";"100";"45";"0.675";"125.9";"0.94"
"Pistola da Última Bala";"Biomaterial Cortante Lendário";"10";"36";"2";"6";"100";"13.3";"0.133";"270.7";"2.03"
"Pistola da Última Bala";"Resíduo Infecto Saturado";"10";"85";"6";"6";"100";"45";"0.675";"125.9";"0.94"
"Carregador de Lata Amassada";"Biomaterial Reativo Comum";"1";"9";"2";"6";"100";"6.65";"0.0665";"135.3";"0.83"
"Carregador de Lata Amassada";"Resíduo Infecto Pálido";"1";"16";"6";"6";"100";"45";"0.675";"23.7";"0.14"
"Carregador de Oficina Oxidado";"Biomaterial Reativo Comum";"2";"10";"2";"6";"100";"10.5";"0.105";"95.2";"0.53"
"Carregador de Oficina Oxidado";"Resíduo Infecto Pálido";"2";"20";"6";"6";"100";"45";"0.675";"29.6";"0.16"
"Carregador de Triagem Clínica";"Biomaterial Reativo Incomum";"3";"12";"2";"6";"100";"10.5";"0.105";"114.3";"0.7"
"Carregador de Triagem Clínica";"Resíduo Infecto Amarelado";"3";"20";"6";"6";"100";"45";"0.675";"29.6";"0.18"
"Carregador de Embarque Rápido";"Biomaterial Reativo Incomum";"4";"14";"2";"6";"100";"17.85";"0.1785";"78.4";"0.46"
"Carregador de Embarque Rápido";"Resíduo Infecto Amarelado";"4";"24";"6";"6";"100";"45";"0.675";"35.6";"0.21"
"Carregador de Quarentena Verde";"Biomaterial Reativo Raro";"5";"16";"2";"6";"100";"17.85";"0.1785";"89.6";"0.57"
"Carregador de Quarentena Verde";"Resíduo Infecto Tóxico";"5";"30";"6";"6";"100";"45";"0.675";"44.4";"0.28"
"Carregador de Fuligem Pesada";"Biomaterial Reativo Raro";"6";"20";"2";"6";"100";"6.65";"0.0665";"300.8";"1.84"
"Carregador de Fuligem Pesada";"Resíduo Infecto Tóxico";"6";"40";"6";"6";"100";"45";"0.675";"59.3";"0.36"
"Carregador Antimotim Instável";"Biomaterial Reativo Épico";"7";"22";"2";"6";"100";"6.65";"0.0665";"330.8";"2.3"
"Carregador Antimotim Instável";"Resíduo Infecto Mutagênico";"7";"50";"6";"6";"100";"45";"0.675";"74.1";"0.51"
"Carregador Helix Pressurizado";"Biomaterial Reativo Épico";"8";"28";"2";"6";"100";"10.5";"0.105";"266.7";"1.78"
"Carregador Helix Pressurizado";"Resíduo Infecto Mutagênico";"8";"60";"6";"6";"100";"45";"0.675";"88.9";"0.59"
"Carregador Carmesim da Necrópole";"Biomaterial Reativo Lendário";"9";"32";"2";"6";"100";"10.5";"0.105";"304.8";"2.29"
"Carregador Carmesim da Necrópole";"Resíduo Infecto Saturado";"9";"80";"6";"6";"100";"45";"0.675";"118.5";"0.89"
"Carregador do Último Disparo";"Biomaterial Reativo Lendário";"10";"36";"2";"6";"100";"17.85";"0.1785";"201.7";"1.51"
"Carregador do Último Disparo";"Resíduo Infecto Saturado";"10";"85";"6";"6";"100";"45";"0.675";"125.9";"0.94"
"Viseira de Mira Rachada";"Biomaterial Craniano Comum";"1";"9";"2";"6";"100";"10.5";"0.105";"85.7";"0.52"
"Viseira de Mira Rachada";"Resíduo Infecto Pálido";"1";"16";"6";"6";"100";"45";"0.675";"23.7";"0.14"
"Viseira de Oficina Oxidada";"Biomaterial Craniano Comum";"2";"10";"2";"6";"100";"17.85";"0.1785";"56";"0.31"
"Viseira de Oficina Oxidada";"Resíduo Infecto Pálido";"2";"20";"6";"6";"100";"45";"0.675";"29.6";"0.16"
"Viseira de Triagem Balística";"Biomaterial Craniano Incomum";"3";"12";"2";"6";"100";"17.85";"0.1785";"67.2";"0.41"
"Viseira de Triagem Balística";"Resíduo Infecto Amarelado";"3";"20";"6";"6";"100";"45";"0.675";"29.6";"0.18"
"Viseira de Embarque Tático";"Biomaterial Craniano Incomum";"4";"14";"2";"6";"100";"6.65";"0.0665";"210.5";"1.23"
"Viseira de Embarque Tático";"Resíduo Infecto Amarelado";"4";"24";"6";"6";"100";"45";"0.675";"35.6";"0.21"
"Viseira de Quarentena Verde";"Biomaterial Craniano Raro";"5";"16";"2";"6";"100";"6.65";"0.0665";"240.6";"1.54"
"Viseira de Quarentena Verde";"Resíduo Infecto Tóxico";"5";"30";"6";"6";"100";"45";"0.675";"44.4";"0.28"
"Viseira de Vapor Cinzento";"Biomaterial Craniano Raro";"6";"20";"2";"6";"100";"10.5";"0.105";"190.5";"1.16"
"Viseira de Vapor Cinzento";"Resíduo Infecto Tóxico";"6";"40";"6";"6";"100";"45";"0.675";"59.3";"0.36"
"Viseira Antimotim Roxa";"Biomaterial Craniano Épico";"7";"22";"2";"6";"100";"10.5";"0.105";"209.5";"1.46"
"Viseira Antimotim Roxa";"Resíduo Infecto Mutagênico";"7";"50";"6";"6";"100";"45";"0.675";"74.1";"0.51"
"Viseira Helix de Rastreamento";"Biomaterial Craniano Épico";"8";"28";"2";"6";"100";"17.85";"0.1785";"156.9";"1.05"
"Viseira Helix de Rastreamento";"Resíduo Infecto Mutagênico";"8";"60";"6";"6";"100";"45";"0.675";"88.9";"0.59"
"Viseira Carmesim da Necrópole";"Biomaterial Craniano Lendário";"9";"32";"2";"6";"100";"17.85";"0.1785";"179.3";"1.34"
"Viseira Carmesim da Necrópole";"Resíduo Infecto Saturado";"9";"80";"6";"6";"100";"45";"0.675";"118.5";"0.89"
"Viseira do Marco Zero";"Biomaterial Craniano Lendário";"10";"36";"2";"6";"100";"6.65";"0.0665";"541.4";"4.06"
"Viseira do Marco Zero";"Resíduo Infecto Saturado";"10";"85";"6";"6";"100";"45";"0.675";"125.9";"0.94"
"Jaqueta de Couro Furado";"Biomaterial Torácico Comum";"1";"9";"2";"6";"100";"6.65";"0.0665";"135.3";"0.83"
"Jaqueta de Couro Furado";"Resíduo Infecto Pálido";"1";"16";"6";"6";"100";"45";"0.675";"23.7";"0.14"
"Jaqueta de Oficina Oxidada";"Biomaterial Torácico Comum";"2";"10";"2";"6";"100";"6.65";"0.0665";"150.4";"0.84"
"Jaqueta de Oficina Oxidada";"Resíduo Infecto Pálido";"2";"20";"6";"6";"100";"45";"0.675";"29.6";"0.16"
"Jaqueta de Resgate Clínico";"Biomaterial Torácico Incomum";"3";"12";"2";"6";"100";"10.5";"0.105";"114.3";"0.7"
"Jaqueta de Resgate Clínico";"Resíduo Infecto Amarelado";"3";"20";"6";"6";"100";"45";"0.675";"29.6";"0.18"
"Jaqueta de Patrulha do Terminal";"Biomaterial Torácico Incomum";"4";"14";"2";"6";"100";"10.5";"0.105";"133.3";"0.78"
"Jaqueta de Patrulha do Terminal";"Resíduo Infecto Amarelado";"4";"24";"6";"6";"100";"45";"0.675";"35.6";"0.21"
"Jaqueta de Quarentena Balística";"Biomaterial Torácico Raro";"5";"16";"2";"6";"100";"17.85";"0.1785";"89.6";"0.57"
"Jaqueta de Quarentena Balística";"Resíduo Infecto Tóxico";"5";"30";"6";"6";"100";"45";"0.675";"44.4";"0.28"
"Jaqueta de Refinaria Blindada";"Biomaterial Torácico Raro";"6";"20";"2";"6";"100";"17.85";"0.1785";"112";"0.68"
"Jaqueta de Refinaria Blindada";"Resíduo Infecto Tóxico";"6";"40";"6";"6";"100";"45";"0.675";"59.3";"0.36"
"Jaqueta Antimotim do Atirador";"Biomaterial Torácico Épico";"7";"22";"2";"6";"100";"6.65";"0.0665";"330.8";"2.3"
"Jaqueta Antimotim do Atirador";"Resíduo Infecto Mutagênico";"7";"50";"6";"6";"100";"45";"0.675";"74.1";"0.51"
"Jaqueta Helix de Precisão";"Biomaterial Torácico Épico";"8";"28";"2";"6";"100";"6.65";"0.0665";"421.1";"2.81"
"Jaqueta Helix de Precisão";"Resíduo Infecto Mutagênico";"8";"60";"6";"6";"100";"45";"0.675";"88.9";"0.59"
"Jaqueta Titânica da Necrópole";"Biomaterial Torácico Lendário";"9";"32";"2";"6";"100";"10.5";"0.105";"304.8";"2.29"
"Jaqueta Titânica da Necrópole";"Resíduo Infecto Saturado";"9";"80";"6";"6";"100";"45";"0.675";"118.5";"0.89"
"Jaqueta do Último Disparo";"Biomaterial Torácico Lendário";"10";"36";"2";"6";"100";"10.5";"0.105";"342.9";"2.57"
"Jaqueta do Último Disparo";"Resíduo Infecto Saturado";"10";"85";"6";"6";"100";"45";"0.675";"125.9";"0.94"
"Cargueiras de Rua Rasgadas";"Biomaterial Articular Comum";"1";"9";"2";"6";"100";"17.85";"0.1785";"50.4";"0.31"
"Cargueiras de Rua Rasgadas";"Resíduo Infecto Pálido";"1";"16";"6";"6";"100";"45";"0.675";"23.7";"0.14"
"Cargueiras de Oficina Oleosa";"Biomaterial Articular Comum";"2";"10";"2";"6";"100";"6.65";"0.0665";"150.4";"0.84"
"Cargueiras de Oficina Oleosa";"Resíduo Infecto Pálido";"2";"20";"6";"6";"100";"45";"0.675";"29.6";"0.16"
"Cargueiras de Maca de Campo";"Biomaterial Articular Incomum";"3";"12";"2";"6";"100";"6.65";"0.0665";"180.5";"1.1"
"Cargueiras de Maca de Campo";"Resíduo Infecto Amarelado";"3";"20";"6";"6";"100";"45";"0.675";"29.6";"0.18"
"Cargueiras de Embarque Tático";"Biomaterial Articular Incomum";"4";"14";"2";"6";"100";"10.5";"0.105";"133.3";"0.78"
"Cargueiras de Embarque Tático";"Resíduo Infecto Amarelado";"4";"24";"6";"6";"100";"45";"0.675";"35.6";"0.21"
"Cargueiras de Quarentena Verde";"Biomaterial Articular Raro";"5";"16";"2";"6";"100";"10.5";"0.105";"152.4";"0.97"
"Cargueiras de Quarentena Verde";"Resíduo Infecto Tóxico";"5";"30";"6";"6";"100";"45";"0.675";"44.4";"0.28"
"Cargueiras de Pó Cinzento";"Biomaterial Articular Raro";"6";"20";"2";"6";"100";"17.85";"0.1785";"112";"0.68"
"Cargueiras de Pó Cinzento";"Resíduo Infecto Tóxico";"6";"40";"6";"6";"100";"45";"0.675";"59.3";"0.36"
"Cargueiras de Patrulha Mutagênica";"Biomaterial Articular Épico";"7";"22";"2";"6";"100";"17.85";"0.1785";"123.2";"0.86"
"Cargueiras de Patrulha Mutagênica";"Resíduo Infecto Mutagênico";"7";"50";"6";"6";"100";"45";"0.675";"74.1";"0.51"
"Cargueiras Articuladas Helix";"Biomaterial Articular Épico";"8";"28";"2";"6";"100";"6.65";"0.0665";"421.1";"2.81"
"Cargueiras Articuladas Helix";"Resíduo Infecto Mutagênico";"8";"60";"6";"6";"100";"45";"0.675";"88.9";"0.59"
"Cargueiras Carmesim de Fibra";"Biomaterial Articular Lendário";"9";"32";"2";"6";"100";"6.65";"0.0665";"481.2";"3.61"
"Cargueiras Carmesim de Fibra";"Resíduo Infecto Saturado";"9";"80";"6";"6";"100";"45";"0.675";"118.5";"0.89"
"Cargueiras do Marco Zero";"Biomaterial Articular Lendário";"10";"36";"2";"6";"100";"10.5";"0.105";"342.9";"2.57"
"Cargueiras do Marco Zero";"Resíduo Infecto Saturado";"10";"85";"6";"6";"100";"45";"0.675";"125.9";"0.94"
"Coturnos de Patrulha Gasta";"Biomaterial de Mobilidade Comum";"1";"9";"2";"6";"100";"10.5";"0.105";"85.7";"0.52"
"Coturnos de Patrulha Gasta";"Resíduo Infecto Pálido";"1";"16";"6";"6";"100";"45";"0.675";"23.7";"0.14"
"Coturnos de Ferrugem Baixa";"Biomaterial de Mobilidade Comum";"2";"10";"2";"6";"100";"10.5";"0.105";"95.2";"0.53"
"Coturnos de Ferrugem Baixa";"Resíduo Infecto Pálido";"2";"20";"6";"6";"100";"45";"0.675";"29.6";"0.16"
"Coturnos de Enfermaria Tática";"Biomaterial de Mobilidade Incomum";"3";"12";"2";"6";"100";"17.85";"0.1785";"67.2";"0.41"
"Coturnos de Enfermaria Tática";"Resíduo Infecto Amarelado";"3";"20";"6";"6";"100";"45";"0.675";"29.6";"0.18"
"Coturnos de Terminal Quebrado";"Biomaterial de Mobilidade Incomum";"4";"14";"2";"6";"100";"17.85";"0.1785";"78.4";"0.46"
"Coturnos de Terminal Quebrado";"Resíduo Infecto Amarelado";"4";"24";"6";"6";"100";"45";"0.675";"35.6";"0.21"
"Coturnos de Quarentena Verde";"Biomaterial de Mobilidade Raro";"5";"16";"2";"6";"100";"6.65";"0.0665";"240.6";"1.54"
"Coturnos de Quarentena Verde";"Resíduo Infecto Tóxico";"5";"30";"6";"6";"100";"45";"0.675";"44.4";"0.28"
"Coturnos de Refinaria Cinzenta";"Biomaterial de Mobilidade Raro";"6";"20";"2";"6";"100";"6.65";"0.0665";"300.8";"1.84"
"Coturnos de Refinaria Cinzenta";"Resíduo Infecto Tóxico";"6";"40";"6";"6";"100";"45";"0.675";"59.3";"0.36"
"Coturnos de Asfalto Balístico";"Biomaterial de Mobilidade Épico";"7";"22";"2";"6";"100";"10.5";"0.105";"209.5";"1.46"
"Coturnos de Asfalto Balístico";"Resíduo Infecto Mutagênico";"7";"50";"6";"6";"100";"45";"0.675";"74.1";"0.51"
"Coturnos de Tração Helix";"Biomaterial de Mobilidade Épico";"8";"28";"2";"6";"100";"10.5";"0.105";"266.7";"1.78"
"Coturnos de Tração Helix";"Resíduo Infecto Mutagênico";"8";"60";"6";"6";"100";"45";"0.675";"88.9";"0.59"
"Coturnos de Marcha Carmesim";"Biomaterial de Mobilidade Lendário";"9";"32";"2";"6";"100";"17.85";"0.1785";"179.3";"1.34"
"Coturnos de Marcha Carmesim";"Resíduo Infecto Saturado";"9";"80";"6";"6";"100";"45";"0.675";"118.5";"0.89"
"Coturnos do Marco Zero";"Biomaterial de Mobilidade Lendário";"10";"36";"2";"6";"100";"17.85";"0.1785";"201.7";"1.51"
"Coturnos do Marco Zero";"Resíduo Infecto Saturado";"10";"85";"6";"6";"100";"45";"0.675";"125.9";"0.94"
